# WaveFront *.obj file (generated by Autodesk ATF)

mtllib trash1_smaller.mtl

g trash

v -15.000000 -0.000000 55.000000
v -14.937438 -1.731786 55.000000
v -14.750076 -3.454544 55.000000
v -14.438893 -5.159291 55.000000
v -14.005511 -6.837139 55.000000
v -13.452188 -8.479343 55.000000
v -12.781810 -10.077338 55.000000
v -11.997872 -11.622796 55.000000
v -11.104460 -13.107657 55.000000
v -10.106234 -14.524181 55.000000
v -9.008396 -15.864983 55.000000
v -7.816670 -17.123072 55.000000
v -6.537271 -18.291889 55.000000
v -5.176867 -19.365341 55.000000
v -3.742552 -20.337831 55.000000
v -2.241803 -21.204289 55.000000
v -0.682444 -21.960198 55.000000
v 0.927395 -22.601616 55.000000
v 2.579320 -23.125200 55.000000
v 4.264720 -23.528220 55.000000
v 5.974807 -23.808574 55.000000
v 7.700666 -23.964802 55.000000
v 9.433300 -23.996088 55.000000
v 11.163674 -23.902270 55.000000
v 12.882768 -23.683837 55.000000
v 14.581619 -23.341926 55.000000
v 16.251370 -22.878322 55.000000
v 17.883316 -22.295441 55.000000
v 19.468948 -21.596322 55.000000
v 21.000000 -20.784610 55.000000
v 22.468490 -19.864536 55.000000
v 23.866761 -18.840898 55.000000
v 25.187523 -17.719032 55.000000
v 26.423892 -16.504787 55.000000
v 27.569420 -15.204494 55.000000
v 28.618136 -13.824932 55.000000
v 29.564572 -12.373293 55.000000
v 30.403794 -10.857145 55.000000
v 31.131427 -9.284393 55.000000
v 31.743676 -7.663237 55.000000
v 32.237351 -6.002128 55.000000
v 32.609876 -4.309727 55.000000
v 32.859311 -2.594856 55.000000
v 32.984354 -0.866458 55.000000
v 32.984354 0.866458 55.000000
v 32.859311 2.594856 55.000000
v 32.609876 4.309727 55.000000
v 32.237351 6.002128 55.000000
v 31.743676 7.663237 55.000000
v 31.131427 9.284393 55.000000
v 30.403794 10.857145 55.000000
v 29.564572 12.373293 55.000000
v 28.618136 13.824932 55.000000
v 27.569420 15.204494 55.000000
v 26.423892 16.504787 55.000000
v 25.187523 17.719032 55.000000
v 23.866761 18.840898 55.000000
v 22.468490 19.864536 55.000000
v 21.000000 20.784610 55.000000
v 19.468948 21.596322 55.000000
v 17.883316 22.295441 55.000000
v 16.251370 22.878322 55.000000
v 14.581619 23.341926 55.000000
v 12.882768 23.683837 55.000000
v 11.163674 23.902270 55.000000
v 9.433300 23.996088 55.000000
v 7.700666 23.964802 55.000000
v 5.974807 23.808574 55.000000
v 4.264720 23.528220 55.000000
v 2.579320 23.125200 55.000000
v 0.927395 22.601616 55.000000
v -0.682444 21.960198 55.000000
v -2.241803 21.204289 55.000000
v -3.742552 20.337831 55.000000
v -5.176867 19.365341 55.000000
v -6.537271 18.291889 55.000000
v -7.816670 17.123072 55.000000
v -9.008396 15.864983 55.000000
v -10.106234 14.524181 55.000000
v -11.104460 13.107657 55.000000
v -11.997872 11.622796 55.000000
v -12.781810 10.077338 55.000000
v -13.452188 8.479343 55.000000
v -14.005511 6.837139 55.000000
v -14.438893 5.159291 55.000000
v -14.750076 3.454544 55.000000
v -14.937438 1.731786 55.000000
v 9.000000 0.000000 79.000000
v -14.938851 0.000000 56.712140
v -14.755715 0.000000 58.415556
v -14.451525 0.000000 60.101567
v -14.027831 0.000000 61.761581
v -13.486793 0.000000 63.387140
v -12.831168 0.000000 64.969960
v -12.064296 0.000000 66.501976
v -11.190085 0.000000 67.975380
v -10.212990 0.000000 69.382664
v -9.137990 0.000000 70.716658
v -7.970563 0.000000 71.970563
v -6.716658 0.000000 73.137990
v -5.382664 0.000000 74.212990
v -3.975380 0.000000 75.190085
v -2.501976 0.000000 76.064296
v -0.969960 0.000000 76.831168
v 0.612860 0.000000 77.486793
v 2.238419 0.000000 78.027831
v 3.898433 0.000000 78.451525
v 5.584444 0.000000 78.755715
v 7.287860 0.000000 78.938851
v -14.876448 -1.727374 56.712140
v -14.693789 -1.714159 58.415556
v -14.390392 -1.692209 60.101567
v -13.967803 -1.661637 61.761581
v -13.428176 -1.622597 63.387140
v -12.774259 -1.575288 64.969960
v -12.009386 -1.519952 66.501976
v -11.137454 -1.456871 67.975380
v -10.162906 -1.386366 69.382664
v -9.090708 -1.308797 70.716658
v -7.926324 -1.224558 71.970563
v -6.675688 -1.134079 73.137990
v -5.345172 -1.037821 74.212990
v -3.941556 -0.936274 75.190085
v -2.471993 -0.829957 76.064296
v -0.943971 -0.719410 76.831168
v 0.634723 -0.605197 77.486793
v 2.256045 -0.487901 78.027831
v 3.911732 -0.368118 78.451525
v 5.593347 -0.246459 78.755715
v 7.292323 -0.123544 78.938851
v -14.689564 -3.445742 56.712140
v -14.508335 -3.419381 58.415556
v -14.207313 -3.375596 60.101567
v -13.788031 -3.314610 61.761581
v -13.252628 -3.236734 63.387140
v -12.603829 -3.142363 64.969960
v -11.844943 -3.031980 66.501976
v -10.979836 -2.906147 67.975380
v -10.012916 -2.765505 69.382664
v -8.949110 -2.610770 70.716658
v -7.793840 -2.442731 71.970563
v -6.552992 -2.262245 73.137990
v -5.232890 -2.070231 74.212990
v -3.840261 -1.867667 75.190085
v -2.382200 -1.655586 76.064296
v -0.866138 -1.435069 76.831168
v 0.700199 -1.207239 77.486793
v 2.308830 -0.973257 78.027831
v 3.951558 -0.734316 78.451525
v 5.620012 -0.491633 78.755715
v 7.305689 -0.246444 78.938851
v -14.379174 -5.146145 56.712140
v -14.200319 -5.106776 58.415556
v -13.903241 -5.041385 60.101567
v -13.489453 -4.950303 61.761581
v -12.961065 -4.833996 63.387140
v -12.320767 -4.693056 64.969960
v -11.571824 -4.528201 66.501976
v -10.718052 -4.340271 67.975380
v -9.763801 -4.130225 69.382664
v -8.713934 -3.899132 70.716658
v -7.573800 -3.648169 71.970563
v -6.349211 -3.378617 73.137990
v -5.046405 -3.091848 74.212990
v -3.672022 -2.789323 75.190085
v -2.233066 -2.472585 76.064296
v -0.736868 -2.143247 76.831168
v 0.808946 -1.802987 77.486793
v 2.396501 -1.453540 78.027831
v 4.017705 -1.096686 78.451525
v 5.664298 -0.734244 78.755715
v 7.327888 -0.368060 78.938851
v -13.946895 -6.819719 56.712140
v -13.771348 -6.767547 58.415556
v -13.479763 -6.680889 60.101567
v -13.073626 -6.560187 61.761581
v -12.555007 -6.406056 63.387140
v -11.926549 -6.219281 64.969960
v -11.191453 -6.000814 66.501976
v -10.353467 -5.751768 67.975380
v -9.416860 -5.473412 69.382664
v -8.386405 -5.167165 70.716658
v -7.267353 -4.834588 71.970563
v -6.065406 -4.477374 73.137990
v -4.786689 -4.097345 74.212990
v -3.437718 -3.696437 75.190085
v -2.025368 -3.276692 76.064296
v -0.556835 -2.840250 76.831168
v 0.960398 -2.389335 77.486793
v 2.518599 -1.926245 78.027831
v 4.109827 -1.453339 78.451525
v 5.725974 -0.973026 78.755715
v 7.358806 -0.487756 78.938851
v -13.394982 -8.457738 56.712140
v -13.223657 -8.393035 58.415556
v -12.939085 -8.285563 60.101567
v -12.542717 -8.135870 61.761581
v -12.036571 -7.944718 63.387140
v -11.423229 -7.713081 64.969960
v -10.705814 -7.442141 66.501976
v -9.887983 -7.133277 67.975380
v -8.973902 -6.788063 69.382664
v -7.968232 -6.408260 70.716658
v -6.876094 -5.995801 71.970563
v -5.703056 -5.552789 73.137990
v -4.455095 -5.081481 74.212990
v -3.138569 -4.584279 75.190085
v -1.760188 -4.063716 76.064296
v -0.326976 -3.522446 76.831168
v 1.153765 -2.963227 77.486793
v 2.674488 -2.388907 78.027831
v 4.227444 -1.802414 78.451525
v 5.804720 -1.206736 78.755715
v 7.398279 -0.604909 78.938851
v -12.726313 -10.051663 56.712140
v -12.560103 -9.974766 58.415556
v -12.284027 -9.847040 60.101567
v -11.899494 -9.669135 61.761581
v -11.408461 -9.441959 63.387140
v -10.813431 -9.166669 64.969960
v -10.117437 -8.844668 66.501976
v -9.324025 -8.477597 67.975380
v -8.437237 -8.067325 69.382664
v -7.461594 -7.615944 70.716658
v -6.402066 -7.125754 71.970563
v -5.264052 -6.599253 73.137990
v -4.053352 -6.039124 74.212990
v -2.776136 -5.448220 75.190085
v -1.438910 -4.829554 76.064296
v -0.048491 -4.186278 76.831168
v 1.388038 -3.521669 77.486793
v 2.863355 -2.839114 78.027831
v 4.369943 -2.142092 78.451525
v 5.900125 -1.434155 78.755715
v 7.446103 -0.718909 78.938851
v -11.944372 -11.593182 56.712140
v -11.784144 -11.504492 58.415556
v -11.518005 -11.357178 60.101567
v -11.147310 -11.151991 61.761581
v -10.673950 -10.889975 63.387140
v -10.100336 -10.572467 64.969960
v -9.429391 -10.201084 66.501976
v -8.664534 -9.777718 67.975380
v -7.809662 -9.304527 69.382664
v -6.869133 -8.783923 70.716658
v -5.847738 -8.218558 71.970563
v -4.750682 -7.611313 73.137990
v -3.583556 -6.965282 74.212990
v -2.352307 -6.283758 75.190085
v -1.063209 -5.570213 76.064296
v 0.277169 -4.828284 76.831168
v 1.661996 -4.061751 77.486793
v 3.084216 -3.274520 78.027831
v 4.536581 -2.470603 78.451525
v 6.011691 -1.654096 78.755715
v 7.502029 -0.829161 78.938851
v -11.053237 -13.074260 56.712140
v -10.899826 -12.974240 58.415556
v -10.645010 -12.808106 60.101567
v -10.290088 -12.576705 61.761581
v -9.836869 -12.281216 63.387140
v -9.287660 -11.923144 64.969960
v -8.645262 -11.504315 66.501976
v -7.912948 -11.026863 67.975380
v -7.094450 -10.493220 69.382664
v -6.193937 -9.906106 70.716658
v -5.216000 -9.268513 71.970563
v -4.165622 -8.583690 73.137990
v -3.048154 -7.855126 74.212990
v -1.869292 -7.086534 75.190085
v -0.635042 -6.281831 76.064296
v 0.648305 -5.445118 76.831168
v 1.974211 -4.580657 77.486793
v 3.335919 -3.692854 78.027831
v 4.726490 -2.786233 78.451525
v 6.138837 -1.865414 78.755715
v 7.565764 -0.935090 78.938851
v -10.057553 -14.487175 56.712140
v -9.911760 -14.376346 58.415556
v -9.669596 -14.192258 60.101567
v -9.332297 -13.935850 61.761581
v -8.901580 -13.608428 63.387140
v -8.379641 -13.211660 64.969960
v -7.769140 -12.747569 66.501976
v -7.073186 -12.218519 67.975380
v -6.295328 -11.627206 69.382664
v -5.439528 -10.976644 70.716658
v -4.510147 -10.270147 71.970563
v -3.511922 -9.511316 73.137990
v -2.449939 -8.704017 74.212990
v -1.329610 -7.852365 75.190085
v -0.156643 -6.960699 76.064296
v 1.062984 -6.033563 76.831168
v 2.323056 -5.075681 77.486793
v 3.617152 -4.091935 78.027831
v 4.938678 -3.087337 78.451525
v 6.280899 -2.067006 78.755715
v 7.636977 -1.036143 78.938851
v -8.962512 -15.824561 56.712140
v -8.825096 -15.703500 58.415556
v -8.596847 -15.502418 60.101567
v -8.278929 -15.222340 61.761581
v -7.872961 -14.864691 63.387140
v -7.381013 -14.431296 64.969960
v -6.805591 -13.924362 66.501976
v -6.149627 -13.346473 67.975380
v -5.416463 -12.700573 69.382664
v -4.609837 -11.989954 70.716658
v -3.733859 -11.218237 71.970563
v -2.792991 -10.389354 73.137990
v -1.792029 -9.507530 74.212990
v -0.736074 -8.577257 75.190085
v 0.369495 -7.603277 76.064296
v 1.519042 -6.590552 76.831168
v 2.706711 -5.544243 77.486793
v 3.926449 -4.469682 78.027831
v 5.172040 -3.372345 78.451525
v 6.437138 -2.257822 78.755715
v 7.715296 -1.131795 78.938851
v -7.773824 -17.079444 56.712140
v -7.645501 -16.948784 58.415556
v -7.432357 -16.731756 60.101567
v -7.135477 -16.429467 61.761581
v -6.756375 -16.043458 63.387140
v -6.296981 -15.575694 64.969960
v -5.759638 -15.028561 66.501976
v -5.147083 -14.404845 67.975380
v -4.462438 -13.707725 69.382664
v -3.709192 -12.940754 70.716658
v -2.891182 -12.107840 71.970563
v -2.012577 -11.213228 73.137990
v -1.077855 -10.261475 74.212990
v -0.091778 -9.257432 75.190085
v 0.940628 -8.206215 76.064296
v 2.014103 -7.113181 76.831168
v 3.123176 -5.983900 77.486793
v 4.262196 -4.824127 78.027831
v 5.425360 -3.639771 78.451525
v 6.606738 -2.436867 78.755715
v 7.800312 -1.221546 78.938851
v -6.497684 -18.245284 56.712140
v -6.379124 -18.105704 58.415556
v -6.182196 -17.873862 60.101567
v -5.907902 -17.550939 61.761581
v -5.557642 -17.138581 63.387140
v -5.133199 -16.638888 64.969960
v -4.636736 -16.054407 66.501976
v -4.070784 -15.388117 67.975380
v -3.438226 -14.643412 69.382664
v -2.742286 -13.824088 70.716658
v -1.986510 -12.934319 71.970563
v -1.174749 -11.978640 73.137990
v -0.311139 -10.961921 74.212990
v 0.599917 -9.889342 75.190085
v 1.553779 -8.766369 76.064296
v 2.545584 -7.598725 76.831168
v 3.570280 -6.392360 77.486793
v 4.622645 -5.153421 78.027831
v 5.697316 -3.888221 78.451525
v 6.788816 -2.603207 78.755715
v 7.891584 -1.304928 78.938851
v -5.140746 -19.316001 56.712140
v -5.032567 -19.168230 58.415556
v -4.852881 -18.922782 60.101567
v -4.602604 -18.580909 61.761581
v -4.283012 -18.144351 63.387140
v -3.895732 -17.615334 64.969960
v -3.442738 -16.996553 66.501976
v -2.926340 -16.291162 67.975380
v -2.349167 -15.502754 69.382664
v -1.714161 -14.635348 70.716658
v -1.024559 -13.693364 71.970563
v -0.283874 -12.681602 73.137990
v 0.504120 -11.605216 74.212990
v 1.335407 -10.469694 75.190085
v 2.205751 -9.280820 76.064296
v 3.110717 -8.044653 76.831168
v 4.045693 -6.767493 77.486793
v 5.005915 -5.455847 78.027831
v 5.986490 -4.116399 78.451525
v 6.982421 -2.755975 78.755715
v 7.988634 -1.381508 78.938851
v -3.710085 -20.286013 56.712140
v -3.612851 -20.130821 58.415556
v -3.451344 -19.873048 60.101567
v -3.226389 -19.514006 61.761581
v -2.939130 -19.055525 63.387140
v -2.591033 -18.499942 64.969960
v -2.183870 -17.850087 66.501976
v -1.719717 -17.109272 67.975380
v -1.200938 -16.281273 69.382664
v -0.630178 -15.370307 70.716658
v -0.010345 -14.381018 71.970563
v 0.655403 -13.318447 73.137990
v 1.363673 -12.188008 74.212990
v 2.110856 -10.995462 75.190085
v 2.893145 -9.746885 76.064296
v 3.706553 -8.448640 76.831168
v 4.546935 -7.107343 77.486793
v 5.410008 -5.729829 78.027831
v 6.291376 -4.323117 78.451525
v 7.186546 -2.894375 78.755715
v 8.090957 -1.450884 78.938851
v -2.213160 -21.150263 56.712140
v -2.127377 -20.988460 58.415556
v -1.984892 -20.719705 60.101567
v -1.786431 -20.345366 61.761581
v -1.533004 -19.867353 63.387140
v -1.225903 -19.288100 64.969960
v -0.866694 -18.610559 66.501976
v -0.457206 -17.838183 67.975380
v 0.000473 -16.974908 69.382664
v 0.504012 -16.025132 70.716658
v 1.050845 -14.993697 71.970563
v 1.638185 -13.885856 73.137990
v 2.263039 -12.707257 74.212990
v 2.922223 -11.463904 75.190085
v 3.612378 -10.162134 76.064296
v 4.329986 -8.808580 76.831168
v 5.071393 -7.410139 77.486793
v 5.832818 -5.973939 78.027831
v 6.610383 -4.507296 78.451525
v 7.400125 -3.017685 78.755715
v 8.198019 -1.512697 78.938851
v -0.657774 -21.904246 56.712140
v -0.583891 -21.736674 58.415556
v -0.461170 -21.458338 60.101567
v -0.290237 -21.070655 61.761581
v -0.071963 -20.575601 63.387140
v 0.192539 -19.975698 64.969960
v 0.501922 -19.274004 66.501976
v 0.854610 -18.474094 67.975380
v 1.248804 -17.580044 69.382664
v 1.682497 -16.596410 70.716658
v 2.153478 -15.528205 71.970563
v 2.659348 -14.380871 73.137990
v 3.197528 -13.160256 74.212990
v 3.765276 -11.872579 75.190085
v 4.359699 -10.524402 76.064296
v 4.977767 -9.122596 76.831168
v 5.616333 -7.674302 77.486793
v 6.272140 -6.186903 78.027831
v 6.941849 -4.667976 78.451525
v 7.622045 -3.125262 78.755715
v 8.309262 -1.566623 78.938851
v 0.947963 -22.544030 56.712140
v 1.009562 -22.371564 58.415556
v 1.111879 -22.085098 60.101567
v 1.254392 -21.686092 61.761581
v 1.436375 -21.176578 63.387140
v 1.656900 -20.559153 64.969960
v 1.914844 -19.836963 66.501976
v 2.208892 -19.013689 67.975380
v 2.537546 -18.093526 69.382664
v 2.899132 -17.081162 70.716658
v 3.291806 -15.981756 71.970563
v 3.713568 -14.800911 73.137990
v 4.162268 -13.544644 74.212990
v 4.635620 -12.219356 75.190085
v 5.131212 -10.831802 76.064296
v 5.646519 -9.389051 76.831168
v 6.178914 -7.898455 77.486793
v 6.725684 -6.367611 78.027831
v 7.284044 -4.804319 78.451525
v 7.851148 -3.216545 78.755715
v 8.424107 -1.612381 78.938851
v 2.595679 -23.066279 56.712140
v 2.644673 -22.889819 58.415556
v 2.726053 -22.596717 60.101567
v 2.839403 -22.188467 61.761581
v 2.984146 -21.667150 63.387140
v 3.159544 -21.035422 64.969960
v 3.364704 -20.296502 66.501976
v 3.598580 -19.454156 67.975380
v 3.859981 -18.512676 69.382664
v 4.147574 -17.476860 70.716658
v 4.459894 -16.351986 71.970563
v 4.795349 -15.143785 73.137990
v 5.152230 -13.858416 74.212990
v 5.528718 -12.502427 75.190085
v 5.922896 -11.082729 76.064296
v 6.332753 -9.606555 76.831168
v 6.756202 -8.081429 77.486793
v 7.191085 -6.515122 78.027831
v 7.635186 -4.915615 78.451525
v 8.086242 -3.291059 78.755715
v 8.541954 -1.649733 78.938851
v 4.276785 -23.468272 56.712140
v 4.312918 -23.288736 58.415556
v 4.372936 -22.990526 60.101567
v 4.456532 -22.575161 61.761581
v 4.563280 -22.044759 63.387140
v 4.692637 -21.402021 64.969960
v 4.843944 -20.650224 66.501976
v 5.016429 -19.793198 67.975380
v 5.209213 -18.835310 69.382664
v 5.421314 -17.781442 70.716658
v 5.651651 -16.636964 71.970563
v 5.899051 -15.407707 73.137990
v 6.162252 -14.099937 74.212990
v 6.439914 -12.720316 75.190085
v 6.730622 -11.275875 76.064296
v 7.032893 -9.773976 76.831168
v 7.345189 -8.222270 77.486793
v 7.665917 -6.628665 78.027831
v 7.993444 -5.001283 78.451525
v 8.326099 -3.348415 78.755715
v 8.662189 -1.678484 78.938851
v 5.982515 -23.747913 56.712140
v 6.005599 -23.566237 58.415556
v 6.043942 -23.264474 60.101567
v 6.097349 -22.844160 61.761581
v 6.165546 -22.307437 63.387140
v 6.248188 -21.657041 64.969960
v 6.344852 -20.896285 66.501976
v 6.455046 -20.029047 67.975380
v 6.578208 -19.059746 69.382664
v 6.713712 -17.993320 70.716658
v 6.860865 -16.835204 71.970563
v 7.018920 -15.591300 73.137990
v 7.187069 -14.267947 74.212990
v 7.364457 -12.871887 75.190085
v 7.550179 -11.410235 76.064296
v 7.743289 -9.890439 76.831168
v 7.942803 -8.320244 77.486793
v 8.147705 -6.707650 78.027831
v 8.356949 -5.060876 78.451525
v 8.569470 -3.388313 78.755715
v 8.784185 -1.698484 78.938851
v 7.703977 -23.903742 56.712140
v 7.713892 -23.720875 58.415556
v 7.730360 -23.417131 60.101567
v 7.753298 -22.994059 61.761581
v 7.782590 -22.453815 63.387140
v 7.818084 -21.799151 64.969960
v 7.859602 -21.033403 66.501976
v 7.906931 -20.160474 67.975380
v 7.959830 -19.184812 69.382664
v 8.018029 -18.111389 70.716658
v 8.081232 -16.945674 71.970563
v 8.149117 -15.693608 73.137990
v 8.221338 -14.361571 74.212990
v 8.297527 -12.956350 75.190085
v 8.377296 -11.485107 76.064296
v 8.460237 -9.955339 76.831168
v 8.545929 -8.374840 77.486793
v 8.633935 -6.751665 78.027831
v 8.723807 -5.094085 78.451525
v 8.815086 -3.410547 78.755715
v 8.907307 -1.709629 78.938851
v 9.432196 -23.934949 56.712140
v 9.428889 -23.751843 58.415556
v 9.423397 -23.447702 60.101567
v 9.415748 -23.024078 61.761581
v 9.405980 -22.483128 63.387140
v 9.394143 -21.827610 64.969960
v 9.380298 -21.060862 66.501976
v 9.364515 -20.186794 67.975380
v 9.346874 -19.209858 69.382664
v 9.327466 -18.135033 70.716658
v 9.306389 -16.967797 71.970563
v 9.283751 -15.714096 73.137990
v 9.259667 -14.380320 74.212990
v 9.234259 -12.973265 75.190085
v 9.207658 -11.500101 76.064296
v 9.179999 -9.968335 76.831168
v 9.151423 -8.385773 77.486793
v 9.122075 -6.760479 78.027831
v 9.092104 -5.100735 78.451525
v 9.061665 -3.414999 78.755715
v 9.030911 -1.711861 78.938851
v 11.158161 -23.841370 56.712140
v 11.141651 -23.658979 58.415556
v 11.114227 -23.356028 60.101567
v 11.076030 -22.934060 61.761581
v 11.027254 -22.395225 63.387140
v 10.968147 -21.742270 64.969960
v 10.899011 -20.978520 66.501976
v 10.820198 -20.107869 67.975380
v 10.732110 -19.134753 69.382664
v 10.635196 -18.064130 70.716658
v 10.529949 -16.901457 71.970563
v 10.416905 -15.652658 73.137990
v 10.296641 -14.324097 74.212990
v 10.169770 -12.922543 75.190085
v 10.036939 -11.455139 76.064296
v 9.898823 -9.929362 76.831168
v 9.756127 -8.352987 77.486793
v 9.609577 -6.734048 78.027831
v 9.459922 -5.080793 78.451525
v 9.307923 -3.401648 78.755715
v 9.154355 -1.705168 78.938851
v 12.872875 -23.623493 56.712140
v 12.843247 -23.442769 58.415556
v 12.794035 -23.142587 60.101567
v 12.725489 -22.724475 61.761581
v 12.637958 -22.190564 63.387140
v 12.531890 -21.543575 64.969960
v 12.407824 -20.786806 66.501976
v 12.266392 -19.924111 67.975380
v 12.108316 -18.959888 69.382664
v 11.934400 -17.899049 70.716658
v 11.745532 -16.747001 71.970563
v 11.542672 -15.509615 73.137990
v 11.326856 -14.193194 74.212990
v 11.099183 -12.804449 75.190085
v 10.860813 -11.350455 76.064296
v 10.612960 -9.838621 76.831168
v 10.356888 -8.276653 77.486793
v 10.093902 -6.672508 78.027831
v 9.825342 -5.034362 78.451525
v 9.552575 -3.370561 78.755715
v 9.276993 -1.689586 78.938851
v 14.567398 -23.282454 56.712140
v 14.524806 -23.104339 58.415556
v 14.454061 -22.808490 60.101567
v 14.355524 -22.396414 61.761581
v 14.229696 -21.870212 63.387140
v 14.077219 -21.232563 64.969960
v 13.898870 -20.486718 66.501976
v 13.695557 -19.636478 67.975380
v 13.468316 -18.686175 69.382664
v 13.218306 -17.640651 70.716658
v 12.946801 -16.505234 71.970563
v 12.655183 -15.285711 73.137990
v 12.344940 -13.988295 74.212990
v 12.017651 -12.619598 75.190085
v 11.674985 -11.186595 76.064296
v 11.318688 -9.696587 76.831168
v 10.950576 -8.157167 77.486793
v 10.572524 -6.576181 78.027831
v 10.186458 -4.961683 78.451525
v 9.794347 -3.321902 78.755715
v 9.398188 -1.665194 78.938851
v 16.232894 -22.820031 56.712140
v 16.177561 -22.645454 58.415556
v 16.085653 -22.355481 60.101567
v 15.957639 -21.951590 61.761581
v 15.794169 -21.435838 63.387140
v 15.596078 -20.810854 64.969960
v 15.364375 -20.079823 66.501976
v 15.100241 -19.246470 67.975380
v 14.805021 -18.315041 69.382664
v 14.480220 -17.290282 70.716658
v 14.127493 -16.177417 71.970563
v 13.748637 -14.982115 73.137990
v 13.345584 -13.710468 74.212990
v 12.920387 -12.368955 75.190085
v 12.475212 -10.964413 76.064296
v 12.012328 -9.503999 76.831168
v 11.534094 -7.995154 77.486793
v 11.042947 -6.445568 78.027831
v 10.541390 -4.863137 78.451525
v 10.031978 -3.255925 78.755715
v 9.517307 -1.632121 78.938851
v 17.860682 -22.238635 56.712140
v 17.792896 -22.068506 58.415556
v 17.680304 -21.785921 60.101567
v 17.523479 -21.392319 61.761581
v 17.323220 -20.889708 63.387140
v 17.080548 -20.280647 64.969960
v 16.796700 -19.568240 66.501976
v 16.473121 -18.756119 67.975380
v 16.111461 -17.848420 69.382664
v 15.713562 -16.849770 70.716658
v 15.281453 -15.765258 71.970563
v 14.817335 -14.600409 73.137990
v 14.323573 -13.361160 74.212990
v 13.802683 -12.053826 75.190085
v 13.257320 -10.685068 76.064296
v 12.690263 -9.261861 76.831168
v 12.104401 -7.791458 77.486793
v 11.502719 -6.281352 78.027831
v 10.888285 -4.739237 78.451525
v 10.264228 -3.172972 78.755715
v 9.633728 -1.590539 78.938851
v 19.442274 -21.541297 56.712140
v 19.362389 -21.376503 58.415556
v 19.229700 -21.102778 60.101567
v 19.044882 -20.721519 61.761581
v 18.808878 -20.234668 63.387140
v 18.522890 -19.644706 64.969960
v 18.188376 -18.954638 66.501976
v 17.807039 -18.167982 67.975380
v 17.380825 -17.288746 69.382664
v 16.911903 -16.321411 70.716658
v 16.402664 -15.270906 71.970563
v 15.855703 -14.142583 73.137990
v 15.273807 -12.942194 74.212990
v 14.659941 -11.675853 75.190085
v 14.017233 -10.350015 76.064296
v 13.348958 -8.971436 76.831168
v 12.658522 -7.547141 77.486793
v 11.949443 -6.084387 78.027831
v 11.225335 -4.590628 78.451525
v 10.489887 -3.073477 78.755715
v 9.746846 -1.540664 78.938851
v 20.969425 -20.731653 56.712140
v 20.877857 -20.573052 58.415556
v 20.725762 -20.309616 60.101567
v 20.513916 -19.942687 61.761581
v 20.243397 -19.474134 63.387140
v 19.915584 -18.906346 64.969960
v 19.532148 -18.242215 66.501976
v 19.095042 -17.485126 67.975380
v 18.606495 -16.638937 69.382664
v 18.068995 -15.707960 70.716658
v 17.485281 -14.696938 71.970563
v 16.858329 -13.611025 73.137990
v 16.191332 -12.455752 74.212990
v 15.487690 -11.237008 75.190085
v 14.750988 -9.961003 76.064296
v 13.984980 -8.634239 76.831168
v 13.193570 -7.263477 77.486793
v 12.380791 -5.855701 78.027831
v 11.550783 -4.418087 78.451525
v 10.707778 -2.957958 78.755715
v 9.856070 -1.482757 78.938851
v 22.434173 -19.813923 56.712140
v 22.331400 -19.662344 58.415556
v 22.160692 -19.410569 60.101567
v 21.922921 -19.059883 61.761581
v 21.619298 -18.612072 63.387140
v 21.251369 -18.069417 64.969960
v 20.821010 -17.434686 66.501976
v 20.330414 -16.711111 67.975380
v 19.782081 -15.902380 69.382664
v 19.178805 -15.012615 70.716658
v 18.523660 -14.046348 71.970563
v 17.819985 -13.008505 73.137990
v 17.071365 -11.904373 74.212990
v 16.281615 -10.739579 75.190085
v 15.454760 -9.520059 76.064296
v 14.595013 -8.252026 76.831168
v 13.706755 -6.941944 77.486793
v 12.794512 -5.596487 78.027831
v 11.862933 -4.222511 78.451525
v 10.916766 -2.827018 78.755715
v 9.960831 -1.417120 78.938851
v 23.828882 -18.792893 56.712140
v 23.715438 -18.649125 58.415556
v 23.527009 -18.410324 60.101567
v 23.264552 -18.077709 61.761581
v 22.929407 -17.652974 63.387140
v 22.523281 -17.138283 64.969960
v 22.048243 -16.536260 66.501976
v 21.506715 -15.849972 67.975380
v 20.901455 -15.082916 69.382664
v 20.235548 -14.239000 70.716658
v 19.512387 -13.322527 71.970563
v 18.735658 -12.338164 73.137990
v 17.909318 -11.290929 74.212990
v 17.037578 -10.186158 75.190085
v 16.124880 -9.029481 76.064296
v 15.175876 -7.826792 76.831168
v 14.195400 -6.584219 77.486793
v 13.188450 -5.308094 78.027831
v 12.160157 -4.004921 78.451525
v 11.115761 -2.681339 78.755715
v 10.060583 -1.344094 78.938851
v 25.146279 -17.673886 56.712140
v 25.022758 -17.538678 58.415556
v 24.817588 -17.314096 60.101567
v 24.531815 -17.001286 61.761581
v 24.166896 -16.601842 63.387140
v 23.724689 -16.117798 64.969960
v 23.207449 -15.551622 66.501976
v 22.617811 -14.906198 67.975380
v 21.958780 -14.184816 69.382664
v 21.233714 -13.391151 70.716658
v 20.446308 -12.529248 71.970563
v 19.600573 -11.603498 73.137990
v 18.700821 -10.618620 74.212990
v 17.751636 -9.579632 75.190085
v 16.757854 -8.491828 76.064296
v 15.724540 -7.360752 76.831168
v 14.656960 -6.192167 77.486793
v 13.560552 -4.992028 78.027831
v 12.440906 -3.766451 78.451525
v 11.303725 -2.521681 78.755715
v 10.154805 -1.264061 78.938851
v 26.379498 -16.462735 56.712140
v 26.246542 -16.336792 58.415556
v 26.025701 -16.127601 60.101567
v 25.718102 -15.836227 61.761581
v 25.325311 -15.464156 63.387140
v 24.849329 -15.013282 64.969960
v 24.292584 -14.485905 66.501976
v 23.657911 -13.884710 67.975380
v 22.948544 -13.212763 69.382664
v 22.168099 -12.473486 70.716658
v 21.320552 -11.670647 71.970563
v 20.410223 -10.808337 73.137990
v 19.441749 -9.890950 74.212990
v 18.420067 -8.923162 75.190085
v 17.350382 -7.909902 76.064296
v 16.238146 -6.856336 76.831168
v 15.089026 -5.767832 77.486793
v 13.908878 -4.649936 78.027831
v 12.703715 -3.508345 78.451525
v 11.479678 -2.348876 78.755715
v 10.243006 -1.177438 78.938851
v 27.522107 -15.165755 56.712140
v 27.380410 -15.049734 58.415556
v 27.145051 -14.857024 60.101567
v 26.817228 -14.588605 61.761581
v 26.398613 -14.245846 63.387140
v 25.891339 -13.830494 64.969960
v 25.297990 -13.344665 66.501976
v 24.621590 -12.790834 67.975380
v 23.865587 -12.171824 69.382664
v 23.033831 -11.490790 70.716658
v 22.130563 -10.751201 71.970563
v 21.160384 -9.956826 73.137990
v 20.128239 -9.111714 74.212990
v 19.039386 -8.220170 75.190085
v 17.899376 -7.286738 76.064296
v 16.714016 -6.316175 76.831168
v 15.489347 -5.313426 77.486793
v 14.231610 -4.283601 78.027831
v 12.947214 -3.231948 78.451525
v 11.642704 -2.163825 78.755715
v 10.324727 -1.084676 78.938851
v 28.568151 -13.789707 56.712140
v 28.418452 -13.684214 58.415556
v 28.169800 -13.508989 60.101567
v 27.823464 -13.264925 61.761581
v 27.381207 -12.953266 63.387140
v 26.845284 -12.575600 64.969960
v 26.218426 -12.133852 66.501976
v 25.503826 -11.630273 67.975380
v 24.705127 -11.067428 69.382664
v 23.826398 -10.448186 70.716658
v 22.872117 -9.775703 71.970563
v 21.847147 -9.053405 73.137990
v 20.756711 -8.284973 74.212990
v 19.606365 -7.474322 75.190085
v 18.401972 -6.625584 76.064296
v 17.149668 -5.743084 76.831168
v 15.855836 -4.831318 77.486793
v 14.527068 -3.894933 78.027831
v 13.170135 -2.938701 78.451525
v 11.791952 -1.967493 78.755715
v 10.399542 -0.986259 78.938851
v 29.512176 -12.341767 56.712140
v 29.355255 -12.247350 58.415556
v 29.094607 -12.090524 60.101567
v 28.731563 -11.872087 61.761581
v 28.267970 -11.593153 63.387140
v 27.706193 -11.255143 64.969960
v 27.049093 -10.859779 66.501976
v 26.300019 -10.409076 67.975380
v 25.462788 -9.905331 69.382664
v 24.541667 -9.351111 70.716658
v 23.541348 -8.749239 71.970563
v 22.466931 -8.102783 73.137990
v 21.323889 -7.415038 74.212990
v 20.118047 -6.689507 75.190085
v 18.855550 -5.929888 76.064296
v 17.542832 -5.140051 76.831168
v 16.186581 -4.324023 77.486793
v 14.793710 -3.485959 78.027831
v 13.371314 -2.630133 78.451525
v 11.926644 -1.760903 78.755715
v 10.467060 -0.882701 78.938851
v 30.349260 -10.829482 56.712140
v 30.185934 -10.746635 58.415556
v 29.914650 -10.609025 60.101567
v 29.536790 -10.417354 61.761581
v 29.054279 -10.172599 63.387140
v 28.469576 -9.876006 64.969960
v 27.785660 -9.529088 66.501976
v 27.006017 -9.133611 67.975380
v 26.134620 -8.691592 69.382664
v 25.175908 -8.205283 70.716658
v 24.134768 -7.677161 71.970563
v 23.016504 -7.109918 73.137990
v 21.826816 -6.506444 74.212990
v 20.571765 -5.869816 75.190085
v 19.257747 -5.203276 76.064296
v 17.891457 -4.510221 76.831168
v 16.479859 -3.794183 77.486793
v 15.030146 -3.058811 78.027831
v 13.549704 -2.307852 78.451525
v 12.046078 -1.545133 78.755715
v 10.526929 -0.774540 78.938851
v 31.075038 -9.260737 56.712140
v 30.906161 -9.189891 58.415556
v 30.625654 -9.072216 60.101567
v 30.234948 -8.908310 61.761581
v 29.736034 -8.699010 63.387140
v 29.131454 -8.445381 64.969960
v 28.424288 -8.148717 66.501976
v 27.618141 -7.810528 67.975380
v 26.717120 -7.432540 69.382664
v 25.725816 -7.016676 70.716658
v 24.649282 -6.565057 71.970563
v 23.493002 -6.079984 73.137990
v 22.262870 -5.563929 74.212990
v 20.965153 -5.019522 75.190085
v 19.606464 -4.449536 76.064296
v 18.193727 -3.856876 76.831168
v 16.734141 -3.244563 77.486793
v 15.235143 -2.615716 78.027831
v 13.704373 -1.973540 78.451525
v 12.149630 -1.321307 78.755715
v 10.578838 -0.662341 78.938851
v 31.685728 -7.643712 56.712140
v 31.512178 -7.585236 58.415556
v 31.223912 -7.488108 60.101567
v 30.822397 -7.352822 61.761581
v 30.309681 -7.180068 63.387140
v 29.688375 -6.970725 64.969960
v 28.961647 -6.725862 66.501976
v 28.133198 -6.446725 67.975380
v 27.207251 -6.134737 69.382664
v 26.188524 -5.791488 70.716658
v 25.082208 -5.418727 71.970563
v 23.893940 -5.018353 73.137990
v 22.629777 -4.592407 74.212990
v 21.296160 -4.143059 75.190085
v 19.899884 -3.672598 76.064296
v 18.448065 -3.183424 76.831168
v 16.948100 -2.678027 77.486793
v 15.407634 -2.158983 78.027831
v 13.834516 -1.628938 78.451525
v 12.236763 -1.090592 78.755715
v 10.622515 -0.546689 78.938851
v 32.178144 -5.986835 56.712140
v 32.000828 -5.941035 58.415556
v 31.706304 -5.864960 60.101567
v 31.296075 -5.758999 61.761581
v 30.772229 -5.623692 63.387140
v 30.137438 -5.459727 64.969960
v 29.394934 -5.267941 66.501976
v 28.548503 -5.049311 67.975380
v 27.602457 -4.804951 69.382664
v 26.561618 -4.536106 70.716658
v 25.431288 -4.244145 71.970563
v 24.217228 -3.930558 73.137990
v 22.925625 -3.596941 74.212990
v 21.563060 -3.244995 75.190085
v 20.136477 -2.876514 76.064296
v 18.653144 -2.493374 76.831168
v 17.120622 -2.097529 77.486793
v 15.546718 -1.690995 78.027831
v 13.939454 -1.275844 78.451525
v 12.307020 -0.854192 78.755715
v 10.657734 -0.428187 78.938851
v 32.549721 -4.298746 56.712140
v 32.369562 -4.265860 58.415556
v 32.070317 -4.211236 60.101567
v 31.653510 -4.135152 61.761581
v 31.121267 -4.037997 63.387140
v 30.476299 -3.920265 64.969960
v 29.721892 -3.782556 66.501976
v 28.861892 -3.625573 67.975380
v 27.900680 -3.450114 69.382664
v 26.843154 -3.257074 70.716658
v 25.694704 -3.047437 71.970563
v 24.461181 -2.822271 73.137990
v 23.148872 -2.582723 74.212990
v 21.764463 -2.330014 75.190085
v 20.315009 -2.065432 76.064296
v 18.807897 -1.790325 76.831168
v 17.250806 -1.506095 77.486793
v 15.651671 -1.214190 78.027831
v 14.018640 -0.916098 78.451525
v 12.360036 -0.613338 78.755715
v 10.684309 -0.307452 78.938851
v 32.798520 -2.588245 56.712140
v 32.616458 -2.568445 58.415556
v 32.314051 -2.535556 60.101567
v 31.892841 -2.489747 61.761581
v 31.354975 -2.431250 63.387140
v 30.703193 -2.360364 64.969960
v 29.940816 -2.277451 66.501976
v 29.071730 -2.182932 67.975380
v 28.100362 -2.077290 69.382664
v 27.031664 -1.961062 70.716658
v 25.871081 -1.834841 71.970563
v 24.624526 -1.699270 73.137990
v 23.298352 -1.555040 74.212990
v 21.899317 -1.402885 75.190085
v 20.434551 -1.243582 76.064296
v 18.911516 -1.077942 76.831168
v 17.337975 -0.906809 77.486793
v 15.721945 -0.731056 78.027831
v 14.071661 -0.551576 78.451525
v 12.395534 -0.369287 78.755715
v 10.702104 -0.185115 78.938851
v 32.923245 -0.864250 56.712140
v 32.740228 -0.857639 58.415556
v 32.436237 -0.846657 60.101567
v 32.012819 -0.831360 61.761581
v 31.472134 -0.811828 63.387140
v 30.816936 -0.788158 64.969960
v 30.050564 -0.760472 66.501976
v 29.176923 -0.728911 67.975380
v 28.200465 -0.693635 69.382664
v 27.126166 -0.654825 70.716658
v 25.959500 -0.612678 71.970563
v 24.706412 -0.567409 73.137990
v 23.373288 -0.519249 74.212990
v 21.966921 -0.468443 75.190085
v 20.494477 -0.415249 76.064296
v 18.963461 -0.359940 76.831168
v 17.381673 -0.302796 77.486793
v 15.757173 -0.244109 78.027831
v 14.098241 -0.184179 78.451525
v 12.413330 -0.123310 78.755715
v 10.711024 -0.061812 78.938851
v 32.923245 0.864250 56.712140
v 32.740228 0.857639 58.415556
v 32.436237 0.846657 60.101567
v 32.012819 0.831360 61.761581
v 31.472134 0.811828 63.387140
v 30.816936 0.788158 64.969960
v 30.050564 0.760472 66.501976
v 29.176923 0.728911 67.975380
v 28.200465 0.693635 69.382664
v 27.126166 0.654825 70.716658
v 25.959500 0.612678 71.970563
v 24.706412 0.567409 73.137990
v 23.373288 0.519249 74.212990
v 21.966921 0.468443 75.190085
v 20.494477 0.415249 76.064296
v 18.963461 0.359940 76.831168
v 17.381673 0.302796 77.486793
v 15.757173 0.244109 78.027831
v 14.098241 0.184179 78.451525
v 12.413330 0.123310 78.755715
v 10.711024 0.061812 78.938851
v 32.798520 2.588245 56.712140
v 32.616458 2.568445 58.415556
v 32.314051 2.535556 60.101567
v 31.892841 2.489747 61.761581
v 31.354975 2.431250 63.387140
v 30.703193 2.360364 64.969960
v 29.940816 2.277451 66.501976
v 29.071730 2.182932 67.975380
v 28.100362 2.077290 69.382664
v 27.031664 1.961062 70.716658
v 25.871081 1.834841 71.970563
v 24.624526 1.699270 73.137990
v 23.298352 1.555040 74.212990
v 21.899317 1.402885 75.190085
v 20.434551 1.243582 76.064296
v 18.911516 1.077942 76.831168
v 17.337975 0.906809 77.486793
v 15.721945 0.731056 78.027831
v 14.071661 0.551576 78.451525
v 12.395534 0.369287 78.755715
v 10.702104 0.185115 78.938851
v 32.549721 4.298746 56.712140
v 32.369562 4.265860 58.415556
v 32.070317 4.211236 60.101567
v 31.653510 4.135152 61.761581
v 31.121267 4.037997 63.387140
v 30.476299 3.920265 64.969960
v 29.721892 3.782556 66.501976
v 28.861892 3.625573 67.975380
v 27.900680 3.450114 69.382664
v 26.843154 3.257074 70.716658
v 25.694704 3.047437 71.970563
v 24.461181 2.822271 73.137990
v 23.148872 2.582723 74.212990
v 21.764463 2.330014 75.190085
v 20.315009 2.065432 76.064296
v 18.807897 1.790325 76.831168
v 17.250806 1.506095 77.486793
v 15.651671 1.214190 78.027831
v 14.018640 0.916098 78.451525
v 12.360036 0.613338 78.755715
v 10.684309 0.307452 78.938851
v 32.178144 5.986835 56.712140
v 32.000828 5.941035 58.415556
v 31.706304 5.864960 60.101567
v 31.296075 5.758999 61.761581
v 30.772229 5.623692 63.387140
v 30.137438 5.459727 64.969960
v 29.394934 5.267941 66.501976
v 28.548503 5.049311 67.975380
v 27.602457 4.804951 69.382664
v 26.561618 4.536106 70.716658
v 25.431288 4.244145 71.970563
v 24.217228 3.930558 73.137990
v 22.925625 3.596941 74.212990
v 21.563060 3.244995 75.190085
v 20.136477 2.876514 76.064296
v 18.653144 2.493374 76.831168
v 17.120622 2.097529 77.486793
v 15.546718 1.690995 78.027831
v 13.939454 1.275844 78.451525
v 12.307020 0.854192 78.755715
v 10.657734 0.428187 78.938851
v 31.685728 7.643712 56.712140
v 31.512178 7.585236 58.415556
v 31.223912 7.488108 60.101567
v 30.822397 7.352822 61.761581
v 30.309681 7.180068 63.387140
v 29.688375 6.970725 64.969960
v 28.961647 6.725862 66.501976
v 28.133198 6.446725 67.975380
v 27.207251 6.134737 69.382664
v 26.188524 5.791488 70.716658
v 25.082208 5.418727 71.970563
v 23.893940 5.018353 73.137990
v 22.629777 4.592407 74.212990
v 21.296160 4.143059 75.190085
v 19.899884 3.672598 76.064296
v 18.448065 3.183424 76.831168
v 16.948100 2.678027 77.486793
v 15.407634 2.158983 78.027831
v 13.834516 1.628938 78.451525
v 12.236763 1.090592 78.755715
v 10.622515 0.546689 78.938851
v 31.075038 9.260737 56.712140
v 30.906161 9.189891 58.415556
v 30.625654 9.072216 60.101567
v 30.234948 8.908310 61.761581
v 29.736034 8.699010 63.387140
v 29.131454 8.445381 64.969960
v 28.424288 8.148717 66.501976
v 27.618141 7.810528 67.975380
v 26.717120 7.432540 69.382664
v 25.725816 7.016676 70.716658
v 24.649282 6.565057 71.970563
v 23.493002 6.079984 73.137990
v 22.262870 5.563929 74.212990
v 20.965153 5.019522 75.190085
v 19.606464 4.449536 76.064296
v 18.193727 3.856876 76.831168
v 16.734141 3.244563 77.486793
v 15.235143 2.615716 78.027831
v 13.704373 1.973540 78.451525
v 12.149630 1.321307 78.755715
v 10.578838 0.662341 78.938851
v 30.349260 10.829482 56.712140
v 30.185934 10.746635 58.415556
v 29.914650 10.609025 60.101567
v 29.536790 10.417354 61.761581
v 29.054279 10.172599 63.387140
v 28.469576 9.876006 64.969960
v 27.785660 9.529088 66.501976
v 27.006017 9.133611 67.975380
v 26.134620 8.691592 69.382664
v 25.175908 8.205283 70.716658
v 24.134768 7.677161 71.970563
v 23.016504 7.109918 73.137990
v 21.826816 6.506444 74.212990
v 20.571765 5.869816 75.190085
v 19.257747 5.203276 76.064296
v 17.891457 4.510221 76.831168
v 16.479859 3.794183 77.486793
v 15.030146 3.058811 78.027831
v 13.549704 2.307852 78.451525
v 12.046078 1.545133 78.755715
v 10.526929 0.774540 78.938851
v 29.512176 12.341767 56.712140
v 29.355255 12.247350 58.415556
v 29.094607 12.090524 60.101567
v 28.731563 11.872087 61.761581
v 28.267970 11.593153 63.387140
v 27.706193 11.255143 64.969960
v 27.049093 10.859779 66.501976
v 26.300019 10.409076 67.975380
v 25.462788 9.905331 69.382664
v 24.541667 9.351111 70.716658
v 23.541348 8.749239 71.970563
v 22.466931 8.102783 73.137990
v 21.323889 7.415038 74.212990
v 20.118047 6.689507 75.190085
v 18.855550 5.929888 76.064296
v 17.542832 5.140051 76.831168
v 16.186581 4.324023 77.486793
v 14.793710 3.485959 78.027831
v 13.371314 2.630133 78.451525
v 11.926644 1.760903 78.755715
v 10.467060 0.882701 78.938851
v 28.568151 13.789707 56.712140
v 28.418452 13.684214 58.415556
v 28.169800 13.508989 60.101567
v 27.823464 13.264925 61.761581
v 27.381207 12.953266 63.387140
v 26.845284 12.575600 64.969960
v 26.218426 12.133852 66.501976
v 25.503826 11.630273 67.975380
v 24.705127 11.067428 69.382664
v 23.826398 10.448186 70.716658
v 22.872117 9.775703 71.970563
v 21.847147 9.053405 73.137990
v 20.756711 8.284973 74.212990
v 19.606365 7.474322 75.190085
v 18.401972 6.625584 76.064296
v 17.149668 5.743084 76.831168
v 15.855836 4.831318 77.486793
v 14.527068 3.894933 78.027831
v 13.170135 2.938701 78.451525
v 11.791952 1.967493 78.755715
v 10.399542 0.986259 78.938851
v 27.522107 15.165755 56.712140
v 27.380410 15.049734 58.415556
v 27.145051 14.857024 60.101567
v 26.817228 14.588605 61.761581
v 26.398613 14.245846 63.387140
v 25.891339 13.830494 64.969960
v 25.297990 13.344665 66.501976
v 24.621590 12.790834 67.975380
v 23.865587 12.171824 69.382664
v 23.033831 11.490790 70.716658
v 22.130563 10.751201 71.970563
v 21.160384 9.956826 73.137990
v 20.128239 9.111714 74.212990
v 19.039386 8.220170 75.190085
v 17.899376 7.286738 76.064296
v 16.714016 6.316175 76.831168
v 15.489347 5.313426 77.486793
v 14.231610 4.283601 78.027831
v 12.947214 3.231948 78.451525
v 11.642704 2.163825 78.755715
v 10.324727 1.084676 78.938851
v 26.379498 16.462735 56.712140
v 26.246542 16.336792 58.415556
v 26.025701 16.127601 60.101567
v 25.718102 15.836227 61.761581
v 25.325311 15.464156 63.387140
v 24.849329 15.013282 64.969960
v 24.292584 14.485905 66.501976
v 23.657911 13.884710 67.975380
v 22.948544 13.212763 69.382664
v 22.168099 12.473486 70.716658
v 21.320552 11.670647 71.970563
v 20.410223 10.808337 73.137990
v 19.441749 9.890950 74.212990
v 18.420067 8.923162 75.190085
v 17.350382 7.909902 76.064296
v 16.238146 6.856336 76.831168
v 15.089026 5.767832 77.486793
v 13.908878 4.649936 78.027831
v 12.703715 3.508345 78.451525
v 11.479678 2.348876 78.755715
v 10.243006 1.177438 78.938851
v 25.146279 17.673886 56.712140
v 25.022758 17.538678 58.415556
v 24.817588 17.314096 60.101567
v 24.531815 17.001286 61.761581
v 24.166896 16.601842 63.387140
v 23.724689 16.117798 64.969960
v 23.207449 15.551622 66.501976
v 22.617811 14.906198 67.975380
v 21.958780 14.184816 69.382664
v 21.233714 13.391151 70.716658
v 20.446308 12.529248 71.970563
v 19.600573 11.603498 73.137990
v 18.700821 10.618620 74.212990
v 17.751636 9.579632 75.190085
v 16.757854 8.491828 76.064296
v 15.724540 7.360752 76.831168
v 14.656960 6.192167 77.486793
v 13.560552 4.992028 78.027831
v 12.440906 3.766451 78.451525
v 11.303725 2.521681 78.755715
v 10.154805 1.264061 78.938851
v 23.828882 18.792893 56.712140
v 23.715438 18.649125 58.415556
v 23.527009 18.410324 60.101567
v 23.264552 18.077709 61.761581
v 22.929407 17.652974 63.387140
v 22.523281 17.138283 64.969960
v 22.048243 16.536260 66.501976
v 21.506715 15.849972 67.975380
v 20.901455 15.082916 69.382664
v 20.235548 14.239000 70.716658
v 19.512387 13.322527 71.970563
v 18.735658 12.338164 73.137990
v 17.909318 11.290929 74.212990
v 17.037578 10.186158 75.190085
v 16.124880 9.029481 76.064296
v 15.175876 7.826792 76.831168
v 14.195400 6.584219 77.486793
v 13.188450 5.308094 78.027831
v 12.160157 4.004921 78.451525
v 11.115761 2.681339 78.755715
v 10.060583 1.344094 78.938851
v 22.434173 19.813923 56.712140
v 22.331400 19.662344 58.415556
v 22.160692 19.410569 60.101567
v 21.922921 19.059883 61.761581
v 21.619298 18.612072 63.387140
v 21.251369 18.069417 64.969960
v 20.821010 17.434686 66.501976
v 20.330414 16.711111 67.975380
v 19.782081 15.902380 69.382664
v 19.178805 15.012615 70.716658
v 18.523660 14.046348 71.970563
v 17.819985 13.008505 73.137990
v 17.071365 11.904373 74.212990
v 16.281615 10.739579 75.190085
v 15.454760 9.520059 76.064296
v 14.595013 8.252026 76.831168
v 13.706755 6.941944 77.486793
v 12.794512 5.596487 78.027831
v 11.862933 4.222511 78.451525
v 10.916766 2.827018 78.755715
v 9.960831 1.417120 78.938851
v 20.969425 20.731653 56.712140
v 20.877857 20.573052 58.415556
v 20.725762 20.309616 60.101567
v 20.513916 19.942687 61.761581
v 20.243397 19.474134 63.387140
v 19.915584 18.906346 64.969960
v 19.532148 18.242215 66.501976
v 19.095042 17.485126 67.975380
v 18.606495 16.638937 69.382664
v 18.068995 15.707960 70.716658
v 17.485281 14.696938 71.970563
v 16.858329 13.611025 73.137990
v 16.191332 12.455752 74.212990
v 15.487690 11.237008 75.190085
v 14.750988 9.961003 76.064296
v 13.984980 8.634239 76.831168
v 13.193570 7.263477 77.486793
v 12.380791 5.855701 78.027831
v 11.550783 4.418087 78.451525
v 10.707778 2.957958 78.755715
v 9.856070 1.482757 78.938851
v 19.442274 21.541297 56.712140
v 19.362389 21.376503 58.415556
v 19.229700 21.102778 60.101567
v 19.044882 20.721519 61.761581
v 18.808878 20.234668 63.387140
v 18.522890 19.644706 64.969960
v 18.188376 18.954638 66.501976
v 17.807039 18.167982 67.975380
v 17.380825 17.288746 69.382664
v 16.911903 16.321411 70.716658
v 16.402664 15.270906 71.970563
v 15.855703 14.142583 73.137990
v 15.273807 12.942194 74.212990
v 14.659941 11.675853 75.190085
v 14.017233 10.350015 76.064296
v 13.348958 8.971436 76.831168
v 12.658522 7.547141 77.486793
v 11.949443 6.084387 78.027831
v 11.225335 4.590628 78.451525
v 10.489887 3.073477 78.755715
v 9.746846 1.540664 78.938851
v 17.860682 22.238635 56.712140
v 17.792896 22.068506 58.415556
v 17.680304 21.785921 60.101567
v 17.523479 21.392319 61.761581
v 17.323220 20.889708 63.387140
v 17.080548 20.280647 64.969960
v 16.796700 19.568240 66.501976
v 16.473121 18.756119 67.975380
v 16.111461 17.848420 69.382664
v 15.713562 16.849770 70.716658
v 15.281453 15.765258 71.970563
v 14.817335 14.600409 73.137990
v 14.323573 13.361160 74.212990
v 13.802683 12.053826 75.190085
v 13.257320 10.685068 76.064296
v 12.690263 9.261861 76.831168
v 12.104401 7.791458 77.486793
v 11.502719 6.281352 78.027831
v 10.888285 4.739237 78.451525
v 10.264228 3.172972 78.755715
v 9.633728 1.590539 78.938851
v 16.232894 22.820031 56.712140
v 16.177561 22.645454 58.415556
v 16.085653 22.355481 60.101567
v 15.957639 21.951590 61.761581
v 15.794169 21.435838 63.387140
v 15.596078 20.810854 64.969960
v 15.364375 20.079823 66.501976
v 15.100241 19.246470 67.975380
v 14.805021 18.315041 69.382664
v 14.480220 17.290282 70.716658
v 14.127493 16.177417 71.970563
v 13.748637 14.982115 73.137990
v 13.345584 13.710468 74.212990
v 12.920387 12.368955 75.190085
v 12.475212 10.964413 76.064296
v 12.012328 9.503999 76.831168
v 11.534094 7.995154 77.486793
v 11.042947 6.445568 78.027831
v 10.541390 4.863137 78.451525
v 10.031978 3.255925 78.755715
v 9.517307 1.632121 78.938851
v 14.567398 23.282454 56.712140
v 14.524806 23.104339 58.415556
v 14.454061 22.808490 60.101567
v 14.355524 22.396414 61.761581
v 14.229696 21.870212 63.387140
v 14.077219 21.232563 64.969960
v 13.898870 20.486718 66.501976
v 13.695557 19.636478 67.975380
v 13.468316 18.686175 69.382664
v 13.218306 17.640651 70.716658
v 12.946801 16.505234 71.970563
v 12.655183 15.285711 73.137990
v 12.344940 13.988295 74.212990
v 12.017651 12.619598 75.190085
v 11.674985 11.186595 76.064296
v 11.318688 9.696587 76.831168
v 10.950576 8.157167 77.486793
v 10.572524 6.576181 78.027831
v 10.186458 4.961683 78.451525
v 9.794347 3.321902 78.755715
v 9.398188 1.665194 78.938851
v 12.872875 23.623493 56.712140
v 12.843247 23.442769 58.415556
v 12.794035 23.142587 60.101567
v 12.725489 22.724475 61.761581
v 12.637958 22.190564 63.387140
v 12.531890 21.543575 64.969960
v 12.407824 20.786806 66.501976
v 12.266392 19.924111 67.975380
v 12.108316 18.959888 69.382664
v 11.934400 17.899049 70.716658
v 11.745532 16.747001 71.970563
v 11.542672 15.509615 73.137990
v 11.326856 14.193194 74.212990
v 11.099183 12.804449 75.190085
v 10.860813 11.350455 76.064296
v 10.612960 9.838621 76.831168
v 10.356888 8.276653 77.486793
v 10.093902 6.672508 78.027831
v 9.825342 5.034362 78.451525
v 9.552575 3.370561 78.755715
v 9.276993 1.689586 78.938851
v 11.158161 23.841370 56.712140
v 11.141651 23.658979 58.415556
v 11.114227 23.356028 60.101567
v 11.076030 22.934060 61.761581
v 11.027254 22.395225 63.387140
v 10.968147 21.742270 64.969960
v 10.899011 20.978520 66.501976
v 10.820198 20.107869 67.975380
v 10.732110 19.134753 69.382664
v 10.635196 18.064130 70.716658
v 10.529949 16.901457 71.970563
v 10.416905 15.652658 73.137990
v 10.296641 14.324097 74.212990
v 10.169770 12.922543 75.190085
v 10.036939 11.455139 76.064296
v 9.898823 9.929362 76.831168
v 9.756127 8.352987 77.486793
v 9.609577 6.734048 78.027831
v 9.459922 5.080793 78.451525
v 9.307923 3.401648 78.755715
v 9.154355 1.705168 78.938851
v 9.432196 23.934949 56.712140
v 9.428889 23.751843 58.415556
v 9.423397 23.447702 60.101567
v 9.415748 23.024078 61.761581
v 9.405980 22.483128 63.387140
v 9.394143 21.827610 64.969960
v 9.380298 21.060862 66.501976
v 9.364515 20.186794 67.975380
v 9.346874 19.209858 69.382664
v 9.327466 18.135033 70.716658
v 9.306389 16.967797 71.970563
v 9.283751 15.714096 73.137990
v 9.259667 14.380320 74.212990
v 9.234259 12.973265 75.190085
v 9.207658 11.500101 76.064296
v 9.179999 9.968335 76.831168
v 9.151423 8.385773 77.486793
v 9.122075 6.760479 78.027831
v 9.092104 5.100735 78.451525
v 9.061665 3.414999 78.755715
v 9.030911 1.711861 78.938851
v 7.703977 23.903742 56.712140
v 7.713892 23.720875 58.415556
v 7.730360 23.417131 60.101567
v 7.753298 22.994059 61.761581
v 7.782590 22.453815 63.387140
v 7.818084 21.799151 64.969960
v 7.859602 21.033403 66.501976
v 7.906931 20.160474 67.975380
v 7.959830 19.184812 69.382664
v 8.018029 18.111389 70.716658
v 8.081232 16.945674 71.970563
v 8.149117 15.693608 73.137990
v 8.221338 14.361571 74.212990
v 8.297527 12.956350 75.190085
v 8.377296 11.485107 76.064296
v 8.460237 9.955339 76.831168
v 8.545929 8.374840 77.486793
v 8.633935 6.751665 78.027831
v 8.723807 5.094085 78.451525
v 8.815086 3.410547 78.755715
v 8.907307 1.709629 78.938851
v 5.982515 23.747913 56.712140
v 6.005599 23.566237 58.415556
v 6.043942 23.264474 60.101567
v 6.097349 22.844160 61.761581
v 6.165546 22.307437 63.387140
v 6.248188 21.657041 64.969960
v 6.344852 20.896285 66.501976
v 6.455046 20.029047 67.975380
v 6.578208 19.059746 69.382664
v 6.713712 17.993320 70.716658
v 6.860865 16.835204 71.970563
v 7.018920 15.591300 73.137990
v 7.187069 14.267947 74.212990
v 7.364457 12.871887 75.190085
v 7.550179 11.410235 76.064296
v 7.743289 9.890439 76.831168
v 7.942803 8.320244 77.486793
v 8.147705 6.707650 78.027831
v 8.356949 5.060876 78.451525
v 8.569470 3.388313 78.755715
v 8.784185 1.698484 78.938851
v 4.276785 23.468272 56.712140
v 4.312918 23.288736 58.415556
v 4.372936 22.990526 60.101567
v 4.456532 22.575161 61.761581
v 4.563280 22.044759 63.387140
v 4.692637 21.402021 64.969960
v 4.843944 20.650224 66.501976
v 5.016429 19.793198 67.975380
v 5.209213 18.835310 69.382664
v 5.421314 17.781442 70.716658
v 5.651651 16.636964 71.970563
v 5.899051 15.407707 73.137990
v 6.162252 14.099937 74.212990
v 6.439914 12.720316 75.190085
v 6.730622 11.275875 76.064296
v 7.032893 9.773976 76.831168
v 7.345189 8.222270 77.486793
v 7.665917 6.628665 78.027831
v 7.993444 5.001283 78.451525
v 8.326099 3.348415 78.755715
v 8.662189 1.678484 78.938851
v 2.595679 23.066279 56.712140
v 2.644673 22.889819 58.415556
v 2.726053 22.596717 60.101567
v 2.839403 22.188467 61.761581
v 2.984146 21.667150 63.387140
v 3.159544 21.035422 64.969960
v 3.364704 20.296502 66.501976
v 3.598580 19.454156 67.975380
v 3.859981 18.512676 69.382664
v 4.147574 17.476860 70.716658
v 4.459894 16.351986 71.970563
v 4.795349 15.143785 73.137990
v 5.152230 13.858416 74.212990
v 5.528718 12.502427 75.190085
v 5.922896 11.082729 76.064296
v 6.332753 9.606555 76.831168
v 6.756202 8.081429 77.486793
v 7.191085 6.515122 78.027831
v 7.635186 4.915615 78.451525
v 8.086242 3.291059 78.755715
v 8.541954 1.649733 78.938851
v 0.947963 22.544030 56.712140
v 1.009562 22.371564 58.415556
v 1.111879 22.085098 60.101567
v 1.254392 21.686092 61.761581
v 1.436375 21.176578 63.387140
v 1.656900 20.559153 64.969960
v 1.914844 19.836963 66.501976
v 2.208892 19.013689 67.975380
v 2.537546 18.093526 69.382664
v 2.899132 17.081162 70.716658
v 3.291806 15.981756 71.970563
v 3.713568 14.800911 73.137990
v 4.162268 13.544644 74.212990
v 4.635620 12.219356 75.190085
v 5.131212 10.831802 76.064296
v 5.646519 9.389051 76.831168
v 6.178914 7.898455 77.486793
v 6.725684 6.367611 78.027831
v 7.284044 4.804319 78.451525
v 7.851148 3.216545 78.755715
v 8.424107 1.612381 78.938851
v -0.657774 21.904246 56.712140
v -0.583891 21.736674 58.415556
v -0.461170 21.458338 60.101567
v -0.290237 21.070655 61.761581
v -0.071963 20.575601 63.387140
v 0.192539 19.975698 64.969960
v 0.501922 19.274004 66.501976
v 0.854610 18.474094 67.975380
v 1.248804 17.580044 69.382664
v 1.682497 16.596410 70.716658
v 2.153478 15.528205 71.970563
v 2.659348 14.380871 73.137990
v 3.197528 13.160256 74.212990
v 3.765276 11.872579 75.190085
v 4.359699 10.524402 76.064296
v 4.977767 9.122596 76.831168
v 5.616333 7.674302 77.486793
v 6.272140 6.186903 78.027831
v 6.941849 4.667976 78.451525
v 7.622045 3.125262 78.755715
v 8.309262 1.566623 78.938851
v -2.213160 21.150263 56.712140
v -2.127377 20.988460 58.415556
v -1.984892 20.719705 60.101567
v -1.786431 20.345366 61.761581
v -1.533004 19.867353 63.387140
v -1.225903 19.288100 64.969960
v -0.866694 18.610559 66.501976
v -0.457206 17.838183 67.975380
v 0.000473 16.974908 69.382664
v 0.504012 16.025132 70.716658
v 1.050845 14.993697 71.970563
v 1.638185 13.885856 73.137990
v 2.263039 12.707257 74.212990
v 2.922223 11.463904 75.190085
v 3.612378 10.162134 76.064296
v 4.329986 8.808580 76.831168
v 5.071393 7.410139 77.486793
v 5.832818 5.973939 78.027831
v 6.610383 4.507296 78.451525
v 7.400125 3.017685 78.755715
v 8.198019 1.512697 78.938851
v -3.710085 20.286013 56.712140
v -3.612851 20.130821 58.415556
v -3.451344 19.873048 60.101567
v -3.226389 19.514006 61.761581
v -2.939130 19.055525 63.387140
v -2.591033 18.499942 64.969960
v -2.183870 17.850087 66.501976
v -1.719717 17.109272 67.975380
v -1.200938 16.281273 69.382664
v -0.630178 15.370307 70.716658
v -0.010345 14.381018 71.970563
v 0.655403 13.318447 73.137990
v 1.363673 12.188008 74.212990
v 2.110856 10.995462 75.190085
v 2.893145 9.746885 76.064296
v 3.706553 8.448640 76.831168
v 4.546935 7.107343 77.486793
v 5.410008 5.729829 78.027831
v 6.291376 4.323117 78.451525
v 7.186546 2.894375 78.755715
v 8.090957 1.450884 78.938851
v -5.140746 19.316001 56.712140
v -5.032567 19.168230 58.415556
v -4.852881 18.922782 60.101567
v -4.602604 18.580909 61.761581
v -4.283012 18.144351 63.387140
v -3.895732 17.615334 64.969960
v -3.442738 16.996553 66.501976
v -2.926340 16.291162 67.975380
v -2.349167 15.502754 69.382664
v -1.714161 14.635348 70.716658
v -1.024559 13.693364 71.970563
v -0.283874 12.681602 73.137990
v 0.504120 11.605216 74.212990
v 1.335407 10.469694 75.190085
v 2.205751 9.280820 76.064296
v 3.110717 8.044653 76.831168
v 4.045693 6.767493 77.486793
v 5.005915 5.455847 78.027831
v 5.986490 4.116399 78.451525
v 6.982421 2.755975 78.755715
v 7.988634 1.381508 78.938851
v -6.497684 18.245284 56.712140
v -6.379124 18.105704 58.415556
v -6.182196 17.873862 60.101567
v -5.907902 17.550939 61.761581
v -5.557642 17.138581 63.387140
v -5.133199 16.638888 64.969960
v -4.636736 16.054407 66.501976
v -4.070784 15.388117 67.975380
v -3.438226 14.643412 69.382664
v -2.742286 13.824088 70.716658
v -1.986510 12.934319 71.970563
v -1.174749 11.978640 73.137990
v -0.311139 10.961921 74.212990
v 0.599917 9.889342 75.190085
v 1.553779 8.766369 76.064296
v 2.545584 7.598725 76.831168
v 3.570280 6.392360 77.486793
v 4.622645 5.153421 78.027831
v 5.697316 3.888221 78.451525
v 6.788816 2.603207 78.755715
v 7.891584 1.304928 78.938851
v -7.773824 17.079444 56.712140
v -7.645501 16.948784 58.415556
v -7.432357 16.731756 60.101567
v -7.135477 16.429467 61.761581
v -6.756375 16.043458 63.387140
v -6.296981 15.575694 64.969960
v -5.759638 15.028561 66.501976
v -5.147083 14.404845 67.975380
v -4.462438 13.707725 69.382664
v -3.709192 12.940754 70.716658
v -2.891182 12.107840 71.970563
v -2.012577 11.213228 73.137990
v -1.077855 10.261475 74.212990
v -0.091778 9.257432 75.190085
v 0.940628 8.206215 76.064296
v 2.014103 7.113181 76.831168
v 3.123176 5.983900 77.486793
v 4.262196 4.824127 78.027831
v 5.425360 3.639771 78.451525
v 6.606738 2.436867 78.755715
v 7.800312 1.221546 78.938851
v -8.962512 15.824561 56.712140
v -8.825096 15.703500 58.415556
v -8.596847 15.502418 60.101567
v -8.278929 15.222340 61.761581
v -7.872961 14.864691 63.387140
v -7.381013 14.431296 64.969960
v -6.805591 13.924362 66.501976
v -6.149627 13.346473 67.975380
v -5.416463 12.700573 69.382664
v -4.609837 11.989954 70.716658
v -3.733859 11.218237 71.970563
v -2.792991 10.389354 73.137990
v -1.792029 9.507530 74.212990
v -0.736074 8.577257 75.190085
v 0.369495 7.603277 76.064296
v 1.519042 6.590552 76.831168
v 2.706711 5.544243 77.486793
v 3.926449 4.469682 78.027831
v 5.172040 3.372345 78.451525
v 6.437138 2.257822 78.755715
v 7.715296 1.131795 78.938851
v -10.057553 14.487175 56.712140
v -9.911760 14.376346 58.415556
v -9.669596 14.192258 60.101567
v -9.332297 13.935850 61.761581
v -8.901580 13.608428 63.387140
v -8.379641 13.211660 64.969960
v -7.769140 12.747569 66.501976
v -7.073186 12.218519 67.975380
v -6.295328 11.627206 69.382664
v -5.439528 10.976644 70.716658
v -4.510147 10.270147 71.970563
v -3.511922 9.511316 73.137990
v -2.449939 8.704017 74.212990
v -1.329610 7.852365 75.190085
v -0.156643 6.960699 76.064296
v 1.062984 6.033563 76.831168
v 2.323056 5.075681 77.486793
v 3.617152 4.091935 78.027831
v 4.938678 3.087337 78.451525
v 6.280899 2.067006 78.755715
v 7.636977 1.036143 78.938851
v -11.053237 13.074260 56.712140
v -10.899826 12.974240 58.415556
v -10.645010 12.808106 60.101567
v -10.290088 12.576705 61.761581
v -9.836869 12.281216 63.387140
v -9.287660 11.923144 64.969960
v -8.645262 11.504315 66.501976
v -7.912948 11.026863 67.975380
v -7.094450 10.493220 69.382664
v -6.193937 9.906106 70.716658
v -5.216000 9.268513 71.970563
v -4.165622 8.583690 73.137990
v -3.048154 7.855126 74.212990
v -1.869292 7.086534 75.190085
v -0.635042 6.281831 76.064296
v 0.648305 5.445118 76.831168
v 1.974211 4.580657 77.486793
v 3.335919 3.692854 78.027831
v 4.726490 2.786233 78.451525
v 6.138837 1.865414 78.755715
v 7.565764 0.935090 78.938851
v -11.944372 11.593182 56.712140
v -11.784144 11.504492 58.415556
v -11.518005 11.357178 60.101567
v -11.147310 11.151991 61.761581
v -10.673950 10.889975 63.387140
v -10.100336 10.572467 64.969960
v -9.429391 10.201084 66.501976
v -8.664534 9.777718 67.975380
v -7.809662 9.304527 69.382664
v -6.869133 8.783923 70.716658
v -5.847738 8.218558 71.970563
v -4.750682 7.611313 73.137990
v -3.583556 6.965282 74.212990
v -2.352307 6.283758 75.190085
v -1.063209 5.570213 76.064296
v 0.277169 4.828284 76.831168
v 1.661996 4.061751 77.486793
v 3.084216 3.274520 78.027831
v 4.536581 2.470603 78.451525
v 6.011691 1.654096 78.755715
v 7.502029 0.829161 78.938851
v -12.726313 10.051663 56.712140
v -12.560103 9.974766 58.415556
v -12.284027 9.847040 60.101567
v -11.899494 9.669135 61.761581
v -11.408461 9.441959 63.387140
v -10.813431 9.166669 64.969960
v -10.117437 8.844668 66.501976
v -9.324025 8.477597 67.975380
v -8.437237 8.067325 69.382664
v -7.461594 7.615944 70.716658
v -6.402066 7.125754 71.970563
v -5.264052 6.599253 73.137990
v -4.053352 6.039124 74.212990
v -2.776136 5.448220 75.190085
v -1.438910 4.829554 76.064296
v -0.048491 4.186278 76.831168
v 1.388038 3.521669 77.486793
v 2.863355 2.839114 78.027831
v 4.369943 2.142092 78.451525
v 5.900125 1.434155 78.755715
v 7.446103 0.718909 78.938851
v -13.394982 8.457738 56.712140
v -13.223657 8.393035 58.415556
v -12.939085 8.285563 60.101567
v -12.542717 8.135870 61.761581
v -12.036571 7.944718 63.387140
v -11.423229 7.713081 64.969960
v -10.705814 7.442141 66.501976
v -9.887983 7.133277 67.975380
v -8.973902 6.788063 69.382664
v -7.968232 6.408260 70.716658
v -6.876094 5.995801 71.970563
v -5.703056 5.552789 73.137990
v -4.455095 5.081481 74.212990
v -3.138569 4.584279 75.190085
v -1.760188 4.063716 76.064296
v -0.326976 3.522446 76.831168
v 1.153765 2.963227 77.486793
v 2.674488 2.388907 78.027831
v 4.227444 1.802414 78.451525
v 5.804720 1.206736 78.755715
v 7.398279 0.604909 78.938851
v -13.946895 6.819719 56.712140
v -13.771348 6.767547 58.415556
v -13.479763 6.680889 60.101567
v -13.073626 6.560187 61.761581
v -12.555007 6.406056 63.387140
v -11.926549 6.219281 64.969960
v -11.191453 6.000814 66.501976
v -10.353467 5.751768 67.975380
v -9.416860 5.473412 69.382664
v -8.386405 5.167165 70.716658
v -7.267353 4.834588 71.970563
v -6.065406 4.477374 73.137990
v -4.786689 4.097345 74.212990
v -3.437718 3.696437 75.190085
v -2.025368 3.276692 76.064296
v -0.556835 2.840250 76.831168
v 0.960398 2.389335 77.486793
v 2.518599 1.926245 78.027831
v 4.109827 1.453339 78.451525
v 5.725974 0.973026 78.755715
v 7.358806 0.487756 78.938851
v -14.379174 5.146145 56.712140
v -14.200319 5.106776 58.415556
v -13.903241 5.041385 60.101567
v -13.489453 4.950303 61.761581
v -12.961065 4.833996 63.387140
v -12.320767 4.693056 64.969960
v -11.571824 4.528201 66.501976
v -10.718052 4.340271 67.975380
v -9.763801 4.130225 69.382664
v -8.713934 3.899132 70.716658
v -7.573800 3.648169 71.970563
v -6.349211 3.378617 73.137990
v -5.046405 3.091848 74.212990
v -3.672022 2.789323 75.190085
v -2.233066 2.472585 76.064296
v -0.736868 2.143247 76.831168
v 0.808946 1.802987 77.486793
v 2.396501 1.453540 78.027831
v 4.017705 1.096686 78.451525
v 5.664298 0.734244 78.755715
v 7.327888 0.368060 78.938851
v -14.689564 3.445742 56.712140
v -14.508335 3.419381 58.415556
v -14.207313 3.375596 60.101567
v -13.788031 3.314610 61.761581
v -13.252628 3.236734 63.387140
v -12.603829 3.142363 64.969960
v -11.844943 3.031980 66.501976
v -10.979836 2.906147 67.975380
v -10.012916 2.765505 69.382664
v -8.949110 2.610770 70.716658
v -7.793840 2.442731 71.970563
v -6.552992 2.262245 73.137990
v -5.232890 2.070231 74.212990
v -3.840261 1.867667 75.190085
v -2.382200 1.655586 76.064296
v -0.866138 1.435069 76.831168
v 0.700199 1.207239 77.486793
v 2.308830 0.973257 78.027831
v 3.951558 0.734316 78.451525
v 5.620012 0.491633 78.755715
v 7.305689 0.246444 78.938851
v -14.876448 1.727374 56.712140
v -14.693789 1.714159 58.415556
v -14.390392 1.692209 60.101567
v -13.967803 1.661637 61.761581
v -13.428176 1.622597 63.387140
v -12.774259 1.575288 64.969960
v -12.009386 1.519952 66.501976
v -11.137454 1.456871 67.975380
v -10.162906 1.386366 69.382664
v -9.090708 1.308797 70.716658
v -7.926324 1.224558 71.970563
v -6.675688 1.134079 73.137990
v -5.345172 1.037821 74.212990
v -3.941556 0.936274 75.190085
v -2.471993 0.829957 76.064296
v -0.943971 0.719410 76.831168
v 0.634723 0.605197 77.486793
v 2.256045 0.487901 78.027831
v 3.911732 0.368118 78.451525
v 5.593347 0.246459 78.755715
v 7.292323 0.123544 78.938851
v -15.000000 -0.000000 7.000000
v -14.937438 -1.731786 7.000000
v -14.750076 -3.454544 7.000000
v -14.438893 -5.159291 7.000000
v -14.005511 -6.837139 7.000000
v -13.452188 -8.479343 7.000000
v -12.781810 -10.077338 7.000000
v -11.997872 -11.622796 7.000000
v -11.104460 -13.107657 7.000000
v -10.106234 -14.524181 7.000000
v -9.008396 -15.864983 7.000000
v -7.816670 -17.123072 7.000000
v -6.537271 -18.291889 7.000000
v -5.176867 -19.365341 7.000000
v -3.742552 -20.337831 7.000000
v -2.241803 -21.204289 7.000000
v -0.682444 -21.960198 7.000000
v 0.927395 -22.601616 7.000000
v 2.579320 -23.125200 7.000000
v 4.264720 -23.528220 7.000000
v 5.974807 -23.808574 7.000000
v 7.700666 -23.964802 7.000000
v 9.433300 -23.996088 7.000000
v 11.163674 -23.902270 7.000000
v 12.882768 -23.683837 7.000000
v 14.581619 -23.341926 7.000000
v 16.251370 -22.878322 7.000000
v 17.883316 -22.295441 7.000000
v 19.468948 -21.596322 7.000000
v 21.000000 -20.784610 7.000000
v 22.468490 -19.864536 7.000000
v 23.866761 -18.840898 7.000000
v 25.187523 -17.719032 7.000000
v 26.423892 -16.504787 7.000000
v 27.569420 -15.204494 7.000000
v 28.618136 -13.824932 7.000000
v 29.564572 -12.373293 7.000000
v 30.403794 -10.857145 7.000000
v 31.131427 -9.284393 7.000000
v 31.743676 -7.663237 7.000000
v 32.237351 -6.002128 7.000000
v 32.609876 -4.309727 7.000000
v 32.859311 -2.594856 7.000000
v 32.984354 -0.866458 7.000000
v 32.984354 0.866458 7.000000
v 32.859311 2.594856 7.000000
v 32.609876 4.309727 7.000000
v 32.237351 6.002128 7.000000
v 31.743676 7.663237 7.000000
v 31.131427 9.284393 7.000000
v 30.403794 10.857145 7.000000
v 29.564572 12.373293 7.000000
v 28.618136 13.824932 7.000000
v 27.569420 15.204494 7.000000
v 26.423892 16.504787 7.000000
v 25.187523 17.719032 7.000000
v 23.866761 18.840898 7.000000
v 22.468490 19.864536 7.000000
v 21.000000 20.784610 7.000000
v 19.468948 21.596322 7.000000
v 17.883316 22.295441 7.000000
v 16.251370 22.878322 7.000000
v 14.581619 23.341926 7.000000
v 12.882768 23.683837 7.000000
v 11.163674 23.902270 7.000000
v 9.433300 23.996088 7.000000
v 7.700666 23.964802 7.000000
v 5.974807 23.808574 7.000000
v 4.264720 23.528220 7.000000
v 2.579320 23.125200 7.000000
v 0.927395 22.601616 7.000000
v -0.682444 21.960198 7.000000
v -2.241803 21.204289 7.000000
v -3.742552 20.337831 7.000000
v -5.176867 19.365341 7.000000
v -6.537271 18.291889 7.000000
v -7.816670 17.123072 7.000000
v -9.008396 15.864983 7.000000
v -10.106234 14.524181 7.000000
v -11.104460 13.107657 7.000000
v -11.997872 11.622796 7.000000
v -12.781810 10.077338 7.000000
v -13.452188 8.479343 7.000000
v -14.005511 6.837139 7.000000
v -14.438893 5.159291 7.000000
v -14.750076 3.454544 7.000000
v -14.937438 1.731786 7.000000
v -15.000000 0.000000 31.000000
v -14.937438 -1.731786 31.000000
v -14.750076 -3.454544 31.000000
v -14.438893 -5.159291 31.000000
v -14.005511 -6.837139 31.000000
v -13.452188 -8.479343 31.000000
v -12.781810 -10.077338 31.000000
v -11.997872 -11.622796 31.000000
v -11.104460 -13.107657 31.000000
v -10.106234 -14.524181 31.000000
v -9.008396 -15.864983 31.000000
v -7.816670 -17.123072 31.000000
v -6.537271 -18.291889 31.000000
v -5.176867 -19.365341 31.000000
v -3.742552 -20.337831 31.000000
v -2.241803 -21.204289 31.000000
v -0.682444 -21.960198 31.000000
v 0.927395 -22.601616 31.000000
v 2.579320 -23.125200 31.000000
v 4.264720 -23.528220 31.000000
v 5.974807 -23.808574 31.000000
v 7.700666 -23.964802 31.000000
v 9.433300 -23.996088 31.000000
v 11.163674 -23.902270 31.000000
v 12.882768 -23.683837 31.000000
v 14.581619 -23.341926 31.000000
v 16.251370 -22.878322 31.000000
v 17.883316 -22.295441 31.000000
v 19.468948 -21.596322 31.000000
v 21.000000 -20.784610 31.000000
v 22.468490 -19.864536 31.000000
v 23.866761 -18.840898 31.000000
v 25.187523 -17.719032 31.000000
v 26.423892 -16.504787 31.000000
v 27.569420 -15.204494 31.000000
v 28.618136 -13.824932 31.000000
v 29.564572 -12.373293 31.000000
v 30.403794 -10.857145 31.000000
v 31.131427 -9.284393 31.000000
v 31.743676 -7.663237 31.000000
v 32.237351 -6.002128 31.000000
v 32.609876 -4.309727 31.000000
v 32.859311 -2.594856 31.000000
v 32.984354 -0.866458 31.000000
v 32.984354 0.866458 31.000000
v 32.859311 2.594856 31.000000
v 32.609876 4.309727 31.000000
v 32.237351 6.002128 31.000000
v 31.743676 7.663237 31.000000
v 31.131427 9.284393 31.000000
v 30.403794 10.857145 31.000000
v 29.564572 12.373293 31.000000
v 28.618136 13.824932 31.000000
v 27.569420 15.204494 31.000000
v 26.423892 16.504787 31.000000
v 25.187523 17.719032 31.000000
v 23.866761 18.840898 31.000000
v 22.468490 19.864536 31.000000
v 21.000000 20.784610 31.000000
v 19.468948 21.596322 31.000000
v 17.883316 22.295441 31.000000
v 16.251370 22.878322 31.000000
v 14.581619 23.341926 31.000000
v 12.882768 23.683837 31.000000
v 11.163674 23.902270 31.000000
v 9.433300 23.996088 31.000000
v 7.700666 23.964802 31.000000
v 5.974807 23.808574 31.000000
v 4.264720 23.528220 31.000000
v 2.579320 23.125200 31.000000
v 0.927395 22.601616 31.000000
v -0.682444 21.960198 31.000000
v -2.241803 21.204289 31.000000
v -3.742552 20.337831 31.000000
v -5.176867 19.365341 31.000000
v -6.537271 18.291889 31.000000
v -7.816670 17.123072 31.000000
v -9.008396 15.864983 31.000000
v -10.106234 14.524181 31.000000
v -11.104460 13.107657 31.000000
v -11.997872 11.622796 31.000000
v -12.781810 10.077338 31.000000
v -13.452188 8.479343 31.000000
v -14.005511 6.837139 31.000000
v -14.438893 5.159291 31.000000
v -14.750076 3.454544 31.000000
v -14.937438 1.731786 31.000000
vt -0.000000 -5.208897 0.000000
vt -0.171360 -5.208897 0.000000
vt -0.000000 -5.331460 0.000000
vt -0.171360 -5.331460 0.000000
vt -0.000000 5.331460 0.000000
vt -0.171360 5.331460 0.000000
vt -0.000000 5.208897 0.000000
vt -0.171360 5.208897 0.000000
vt -0.000000 5.086335 0.000000
vt -0.171360 5.086335 0.000000
vt -0.000000 4.963773 0.000000
vt -0.171360 4.963773 0.000000
vt -0.000000 4.841210 0.000000
vt -0.171360 4.841210 0.000000
vt -0.000000 4.718648 0.000000
vt -0.171360 4.718648 0.000000
vt -0.000000 4.596086 0.000000
vt -0.171360 4.596086 0.000000
vt -0.000000 4.473524 0.000000
vt -0.171360 4.473524 0.000000
vt -0.000000 4.350961 0.000000
vt -0.171360 4.350961 0.000000
vt -0.000000 4.228399 0.000000
vt -0.171360 4.228399 0.000000
vt -0.000000 4.105837 0.000000
vt -0.171360 4.105837 0.000000
vt -0.000000 3.983274 0.000000
vt -0.171360 3.983274 0.000000
vt -0.000000 3.860712 0.000000
vt -0.171360 3.860712 0.000000
vt -0.000000 3.738150 0.000000
vt -0.171360 3.738150 0.000000
vt -0.000000 3.615587 0.000000
vt -0.171360 3.615587 0.000000
vt -0.000000 3.493025 0.000000
vt -0.171360 3.493025 0.000000
vt -0.000000 3.370463 0.000000
vt -0.171360 3.370463 0.000000
vt -0.000000 3.247901 0.000000
vt -0.171360 3.247901 0.000000
vt -0.000000 3.125338 0.000000
vt -0.171360 3.125338 0.000000
vt -0.000000 3.002776 0.000000
vt -0.171360 3.002776 0.000000
vt -0.000000 2.880214 0.000000
vt -0.171360 2.880214 0.000000
vt -0.000000 2.757651 0.000000
vt -0.171360 2.757651 0.000000
vt -0.000000 2.635089 0.000000
vt -0.171360 2.635089 0.000000
vt -0.000000 2.512527 0.000000
vt -0.171360 2.512527 0.000000
vt -0.000000 2.389965 0.000000
vt -0.171360 2.389965 0.000000
vt -0.000000 2.267402 0.000000
vt -0.171360 2.267402 0.000000
vt -0.000000 2.144840 0.000000
vt -0.171360 2.144840 0.000000
vt -0.000000 2.022278 0.000000
vt -0.171360 2.022278 0.000000
vt -0.000000 1.899715 0.000000
vt -0.171360 1.899715 0.000000
vt -0.000000 1.777153 0.000000
vt -0.171360 1.777153 0.000000
vt -0.000000 1.654591 0.000000
vt -0.171360 1.654591 0.000000
vt -0.000000 1.532029 0.000000
vt -0.171360 1.532029 0.000000
vt -0.000000 1.409466 0.000000
vt -0.171360 1.409466 0.000000
vt -0.000000 1.286904 0.000000
vt -0.171360 1.286904 0.000000
vt -0.000000 1.164342 0.000000
vt -0.171360 1.164342 0.000000
vt -0.000000 1.041779 0.000000
vt -0.171360 1.041779 0.000000
vt -0.000000 0.919217 0.000000
vt -0.171360 0.919217 0.000000
vt -0.000000 0.796655 0.000000
vt -0.171360 0.796655 0.000000
vt -0.000000 0.674093 0.000000
vt -0.171360 0.674093 0.000000
vt -0.000000 0.551530 0.000000
vt -0.171360 0.551530 0.000000
vt -0.000000 0.428968 0.000000
vt -0.171360 0.428968 0.000000
vt -0.000000 0.306406 0.000000
vt -0.171360 0.306406 0.000000
vt -0.000000 0.183843 0.000000
vt -0.171360 0.183843 0.000000
vt -0.000000 0.061281 0.000000
vt -0.171360 0.061281 0.000000
vt -0.000000 -0.061281 0.000000
vt -0.171360 -0.061281 0.000000
vt -0.000000 -0.183843 0.000000
vt -0.171360 -0.183843 0.000000
vt -0.000000 -0.306406 0.000000
vt -0.171360 -0.306406 0.000000
vt -0.000000 -0.428968 0.000000
vt -0.171360 -0.428968 0.000000
vt -0.000000 -0.551530 0.000000
vt -0.171360 -0.551530 0.000000
vt -0.000000 -0.674093 0.000000
vt -0.171360 -0.674093 0.000000
vt -0.000000 -0.796655 0.000000
vt -0.171360 -0.796655 0.000000
vt -0.000000 -0.919217 0.000000
vt -0.171360 -0.919217 0.000000
vt -0.000000 -1.041779 0.000000
vt -0.171360 -1.041779 0.000000
vt -0.000000 -1.164342 0.000000
vt -0.171360 -1.164342 0.000000
vt -0.000000 -1.286904 0.000000
vt -0.171360 -1.286904 0.000000
vt -0.000000 -1.409466 0.000000
vt -0.171360 -1.409466 0.000000
vt -0.000000 -1.532029 0.000000
vt -0.171360 -1.532029 0.000000
vt -0.000000 -1.654591 0.000000
vt -0.171360 -1.654591 0.000000
vt -0.000000 -1.777153 0.000000
vt -0.171360 -1.777153 0.000000
vt -0.000000 -1.899715 0.000000
vt -0.171360 -1.899715 0.000000
vt -0.000000 -2.022278 0.000000
vt -0.171360 -2.022278 0.000000
vt -0.000000 -2.144840 0.000000
vt -0.171360 -2.144840 0.000000
vt -0.000000 -2.267402 0.000000
vt -0.171360 -2.267402 0.000000
vt -0.000000 -2.389965 0.000000
vt -0.171360 -2.389965 0.000000
vt -0.000000 -2.512527 0.000000
vt -0.171360 -2.512527 0.000000
vt -0.000000 -2.635089 0.000000
vt -0.171360 -2.635089 0.000000
vt -0.000000 -2.757651 0.000000
vt -0.171360 -2.757651 0.000000
vt -0.000000 -2.880214 0.000000
vt -0.171360 -2.880214 0.000000
vt -0.000000 -3.002776 0.000000
vt -0.171360 -3.002776 0.000000
vt -0.000000 -3.125338 0.000000
vt -0.171360 -3.125338 0.000000
vt -0.000000 -3.247901 0.000000
vt -0.171360 -3.247901 0.000000
vt -0.000000 -3.370463 0.000000
vt -0.171360 -3.370463 0.000000
vt -0.000000 -3.493025 0.000000
vt -0.171360 -3.493025 0.000000
vt -0.000000 -3.615587 0.000000
vt -0.171360 -3.615587 0.000000
vt -0.000000 -3.738150 0.000000
vt -0.171360 -3.738150 0.000000
vt -0.000000 -3.860712 0.000000
vt -0.171360 -3.860712 0.000000
vt -0.000000 -3.983274 0.000000
vt -0.171360 -3.983274 0.000000
vt -0.000000 -4.105837 0.000000
vt -0.171360 -4.105837 0.000000
vt -0.000000 -4.228399 0.000000
vt -0.171360 -4.228399 0.000000
vt -0.000000 -4.350961 0.000000
vt -0.171360 -4.350961 0.000000
vt -0.000000 -4.473524 0.000000
vt -0.171360 -4.473524 0.000000
vt -0.000000 -4.596086 0.000000
vt -0.171360 -4.596086 0.000000
vt -0.000000 -4.718648 0.000000
vt -0.171360 -4.718648 0.000000
vt -0.000000 -4.841210 0.000000
vt -0.171360 -4.841210 0.000000
vt -0.000000 -4.963773 0.000000
vt -0.171360 -4.963773 0.000000
vt -0.000000 -5.086335 0.000000
vt -0.171360 -5.086335 0.000000
vt -3.598552 5.331460 0.000000
vt -3.769911 5.331460 0.000000
vt -3.598552 5.208897 0.000000
vt -3.769911 5.208897 0.000000
vt -3.598552 5.086335 0.000000
vt -3.769911 5.086335 0.000000
vt -3.598552 4.963773 0.000000
vt -3.769911 4.963773 0.000000
vt -3.598552 4.841210 0.000000
vt -3.769911 4.841210 0.000000
vt -3.598552 4.718648 0.000000
vt -3.769911 4.718648 0.000000
vt -3.598552 4.596086 0.000000
vt -3.769911 4.596086 0.000000
vt -3.598552 4.473524 0.000000
vt -3.769911 4.473524 0.000000
vt -3.598552 4.350961 0.000000
vt -3.769911 4.350961 0.000000
vt -3.598552 4.228399 0.000000
vt -3.769911 4.228399 0.000000
vt -3.598552 4.105837 0.000000
vt -3.769911 4.105837 0.000000
vt -3.598552 3.983274 0.000000
vt -3.769911 3.983274 0.000000
vt -3.598552 3.860712 0.000000
vt -3.769911 3.860712 0.000000
vt -3.598552 3.738150 0.000000
vt -3.769911 3.738150 0.000000
vt -3.598552 3.615587 0.000000
vt -3.769911 3.615587 0.000000
vt -3.598552 3.493025 0.000000
vt -3.769911 3.493025 0.000000
vt -3.598552 3.370463 0.000000
vt -3.769911 3.370463 0.000000
vt -3.598552 3.247901 0.000000
vt -3.769911 3.247901 0.000000
vt -3.598552 3.125338 0.000000
vt -3.769911 3.125338 0.000000
vt -3.598552 3.002776 0.000000
vt -3.769911 3.002776 0.000000
vt -3.598552 2.880214 0.000000
vt -3.769911 2.880214 0.000000
vt -3.598552 2.757651 0.000000
vt -3.769911 2.757651 0.000000
vt -3.598552 2.635089 0.000000
vt -3.769911 2.635089 0.000000
vt -3.598552 2.512527 0.000000
vt -3.769911 2.512527 0.000000
vt -3.598552 2.389965 0.000000
vt -3.769911 2.389965 0.000000
vt -3.598552 2.267402 0.000000
vt -3.769911 2.267402 0.000000
vt -3.598552 2.144840 0.000000
vt -3.769911 2.144840 0.000000
vt -3.598552 2.022278 0.000000
vt -3.769911 2.022278 0.000000
vt -3.598552 1.899715 0.000000
vt -3.769911 1.899715 0.000000
vt -3.598552 1.777153 0.000000
vt -3.598552 1.654591 0.000000
vt -3.769911 1.654591 0.000000
vt -3.598552 1.532029 0.000000
vt -3.769911 1.532029 0.000000
vt -3.598552 1.409466 0.000000
vt -3.769911 1.409466 0.000000
vt -3.598552 1.286904 0.000000
vt -3.769911 1.286904 0.000000
vt -3.598552 1.164342 0.000000
vt -3.769911 1.164342 0.000000
vt -3.598552 1.041779 0.000000
vt -3.769911 1.041779 0.000000
vt -3.598552 0.919217 0.000000
vt -3.769911 0.919217 0.000000
vt -3.598552 0.796655 0.000000
vt -3.769911 0.796655 0.000000
vt -3.598552 0.674093 0.000000
vt -3.769911 0.674093 0.000000
vt -3.598552 0.551530 0.000000
vt -3.769911 0.551530 0.000000
vt -3.598552 0.428968 0.000000
vt -3.769911 0.428968 0.000000
vt -3.598552 0.306406 0.000000
vt -3.769911 0.306406 0.000000
vt -3.598552 0.183843 0.000000
vt -3.769911 0.183843 0.000000
vt -3.598552 0.061281 0.000000
vt -3.769911 0.061281 0.000000
vt -3.598552 -0.061281 0.000000
vt -3.769911 -0.061281 0.000000
vt -3.598552 -0.183843 0.000000
vt -3.769911 -0.183843 0.000000
vt -3.598552 -0.306406 0.000000
vt -3.769911 -0.306406 0.000000
vt -3.598552 -0.428968 0.000000
vt -3.769911 -0.428968 0.000000
vt -3.598552 -0.551530 0.000000
vt -3.769911 -0.551530 0.000000
vt -3.598552 -0.674093 0.000000
vt -3.769911 -0.674093 0.000000
vt -3.598552 -0.796655 0.000000
vt -3.769911 -0.796655 0.000000
vt -3.598552 -0.919217 0.000000
vt -3.769911 -0.919217 0.000000
vt -3.598552 -1.041779 0.000000
vt -3.769911 -1.041779 0.000000
vt -3.598552 -1.164342 0.000000
vt -3.769911 -1.164342 0.000000
vt -3.598552 -1.286904 0.000000
vt -3.769911 -1.286904 0.000000
vt -3.598552 -1.409466 0.000000
vt -3.769911 -1.409466 0.000000
vt -3.598552 -1.532029 0.000000
vt -3.769911 -1.532029 0.000000
vt -3.598552 -1.654591 0.000000
vt -3.769911 -1.654591 0.000000
vt -3.598552 -1.777153 0.000000
vt -3.598552 -1.899715 0.000000
vt -3.769911 -1.899715 0.000000
vt -3.598552 -2.022278 0.000000
vt -3.769911 -2.022278 0.000000
vt -3.598552 -2.144840 0.000000
vt -3.769911 -2.144840 0.000000
vt -3.598552 -2.267402 0.000000
vt -3.769911 -2.267402 0.000000
vt -3.598552 -2.389965 0.000000
vt -3.769911 -2.389965 0.000000
vt -3.598552 -2.512527 0.000000
vt -3.769911 -2.512527 0.000000
vt -3.598552 -2.635089 0.000000
vt -3.769911 -2.635089 0.000000
vt -3.598552 -2.757651 0.000000
vt -3.769911 -2.757651 0.000000
vt -3.598552 -2.880214 0.000000
vt -3.769911 -2.880214 0.000000
vt -3.598552 -3.002776 0.000000
vt -3.769911 -3.002776 0.000000
vt -3.598552 -3.125338 0.000000
vt -3.769911 -3.125338 0.000000
vt -3.598552 -3.247901 0.000000
vt -3.769911 -3.247901 0.000000
vt -3.598552 -3.370463 0.000000
vt -3.769911 -3.370463 0.000000
vt -3.598552 -3.493025 0.000000
vt -3.769911 -3.493025 0.000000
vt -3.598552 -3.615587 0.000000
vt -3.769911 -3.615587 0.000000
vt -3.598552 -3.738150 0.000000
vt -3.769911 -3.738150 0.000000
vt -3.598552 -3.860712 0.000000
vt -3.769911 -3.860712 0.000000
vt -3.598552 -3.983274 0.000000
vt -3.769911 -3.983274 0.000000
vt -3.598552 -4.105837 0.000000
vt -3.769911 -4.105837 0.000000
vt -3.598552 -4.228399 0.000000
vt -3.769911 -4.228399 0.000000
vt -3.598552 -4.350961 0.000000
vt -3.769911 -4.350961 0.000000
vt -3.598552 -4.473524 0.000000
vt -3.769911 -4.473524 0.000000
vt -3.598552 -4.596086 0.000000
vt -3.769911 -4.596086 0.000000
vt -3.598552 -4.718648 0.000000
vt -3.769911 -4.718648 0.000000
vt -3.598552 -4.841210 0.000000
vt -3.769911 -4.841210 0.000000
vt -3.598552 -4.963773 0.000000
vt -3.769911 -4.963773 0.000000
vt -3.598552 -5.086335 0.000000
vt -3.769911 -5.086335 0.000000
vt -3.598552 -5.208897 0.000000
vt -3.769911 -5.208897 0.000000
vt -3.598552 -5.331460 0.000000
vt -0.342719 5.331460 0.000000
vt -0.342719 5.208897 0.000000
vt -0.342719 5.086335 0.000000
vt -0.342719 4.963773 0.000000
vt -0.342719 4.841210 0.000000
vt -0.342719 4.718648 0.000000
vt -0.342719 4.596086 0.000000
vt -0.342719 4.473524 0.000000
vt -0.342719 4.350961 0.000000
vt -0.342719 4.228399 0.000000
vt -0.342719 4.105837 0.000000
vt -0.342719 3.983274 0.000000
vt -0.342719 3.860712 0.000000
vt -0.342719 3.738150 0.000000
vt -0.342719 3.615587 0.000000
vt -0.342719 3.493025 0.000000
vt -0.342719 3.370463 0.000000
vt -0.342719 3.247901 0.000000
vt -0.342719 3.125338 0.000000
vt -0.342719 3.002776 0.000000
vt -0.342719 2.880214 0.000000
vt -0.342719 2.757651 0.000000
vt -0.342719 2.635089 0.000000
vt -0.342719 2.512527 0.000000
vt -0.342719 2.389965 0.000000
vt -0.342719 2.267402 0.000000
vt -0.342719 2.144840 0.000000
vt -0.342719 2.022278 0.000000
vt -0.342719 1.899715 0.000000
vt -0.342719 1.777153 0.000000
vt -0.342719 1.654591 0.000000
vt -0.342719 1.532029 0.000000
vt -0.342719 1.409466 0.000000
vt -0.342719 1.286904 0.000000
vt -0.342719 1.164342 0.000000
vt -0.342719 1.041779 0.000000
vt -0.342719 0.919217 0.000000
vt -0.342719 0.796655 0.000000
vt -0.342719 0.674093 0.000000
vt -0.342719 0.551530 0.000000
vt -0.342719 0.428968 0.000000
vt -0.342719 0.306406 0.000000
vt -0.342719 0.183843 0.000000
vt -0.342719 0.061281 0.000000
vt -0.342719 -0.061281 0.000000
vt -0.342719 -0.183843 0.000000
vt -0.342719 -0.306406 0.000000
vt -0.342719 -0.428968 0.000000
vt -0.342719 -0.551530 0.000000
vt -0.342719 -0.674093 0.000000
vt -0.342719 -0.796655 0.000000
vt -0.342719 -0.919217 0.000000
vt -0.342719 -1.041779 0.000000
vt -0.342719 -1.164342 0.000000
vt -0.342719 -1.286904 0.000000
vt -0.342719 -1.409466 0.000000
vt -0.342719 -1.532029 0.000000
vt -0.342719 -1.654591 0.000000
vt -0.342719 -1.777153 0.000000
vt -0.342719 -1.899715 0.000000
vt -0.342719 -2.022278 0.000000
vt -0.342719 -2.144840 0.000000
vt -0.342719 -2.267402 0.000000
vt -0.342719 -2.389965 0.000000
vt -0.342719 -2.512527 0.000000
vt -0.342719 -2.635089 0.000000
vt -0.342719 -2.757651 0.000000
vt -0.342719 -2.880214 0.000000
vt -0.342719 -3.002776 0.000000
vt -0.342719 -3.125338 0.000000
vt -0.342719 -3.247901 0.000000
vt -0.342719 -3.370463 0.000000
vt -0.342719 -3.493025 0.000000
vt -0.342719 -3.615587 0.000000
vt -0.342719 -3.738150 0.000000
vt -0.342719 -3.860712 0.000000
vt -0.342719 -3.983274 0.000000
vt -0.342719 -4.105837 0.000000
vt -0.342719 -4.228399 0.000000
vt -0.342719 -4.350961 0.000000
vt -0.342719 -4.473524 0.000000
vt -0.342719 -4.596086 0.000000
vt -0.342719 -4.718648 0.000000
vt -0.342719 -4.841210 0.000000
vt -0.342719 -4.963773 0.000000
vt -0.342719 -5.086335 0.000000
vt -0.342719 -5.208897 0.000000
vt -0.342719 -5.331460 0.000000
vt -0.514079 5.331460 0.000000
vt -0.514079 5.208897 0.000000
vt -0.514079 5.086335 0.000000
vt -0.514079 4.963773 0.000000
vt -0.514079 4.841210 0.000000
vt -0.514079 4.718648 0.000000
vt -0.514079 4.596086 0.000000
vt -0.514079 4.473524 0.000000
vt -0.514079 4.350961 0.000000
vt -0.514079 4.228399 0.000000
vt -0.514079 4.105837 0.000000
vt -0.514079 3.983274 0.000000
vt -0.514079 3.860712 0.000000
vt -0.514079 3.738150 0.000000
vt -0.514079 3.615587 0.000000
vt -0.514079 3.493025 0.000000
vt -0.514079 3.370463 0.000000
vt -0.514079 3.247901 0.000000
vt -0.514079 3.125338 0.000000
vt -0.514079 3.002776 0.000000
vt -0.514079 2.880214 0.000000
vt -0.514079 2.757651 0.000000
vt -0.514079 2.635089 0.000000
vt -0.514079 2.512527 0.000000
vt -0.514079 2.389965 0.000000
vt -0.514079 2.267402 0.000000
vt -0.514079 2.144840 0.000000
vt -0.514079 2.022278 0.000000
vt -0.514079 1.899715 0.000000
vt -0.514079 1.777153 0.000000
vt -0.514079 1.654591 0.000000
vt -0.514079 1.532029 0.000000
vt -0.514079 1.409466 0.000000
vt -0.514079 1.286904 0.000000
vt -0.514079 1.164342 0.000000
vt -0.514079 1.041779 0.000000
vt -0.514079 0.919217 0.000000
vt -0.514079 0.796655 0.000000
vt -0.514079 0.674093 0.000000
vt -0.514079 0.551530 0.000000
vt -0.514079 0.428968 0.000000
vt -0.514079 0.306406 0.000000
vt -0.514079 0.183843 0.000000
vt -0.514079 0.061281 0.000000
vt -0.514079 -0.061281 0.000000
vt -0.514079 -0.183843 0.000000
vt -0.514079 -0.306406 0.000000
vt -0.514079 -0.428968 0.000000
vt -0.514079 -0.551530 0.000000
vt -0.514079 -0.674093 0.000000
vt -0.514079 -0.796655 0.000000
vt -0.514079 -0.919217 0.000000
vt -0.514079 -1.041779 0.000000
vt -0.514079 -1.164342 0.000000
vt -0.514079 -1.286904 0.000000
vt -0.514079 -1.409466 0.000000
vt -0.514079 -1.532029 0.000000
vt -0.514079 -1.654591 0.000000
vt -0.514079 -1.777153 0.000000
vt -0.514079 -1.899715 0.000000
vt -0.514079 -2.022278 0.000000
vt -0.514079 -2.144840 0.000000
vt -0.514079 -2.267402 0.000000
vt -0.514079 -2.389965 0.000000
vt -0.514079 -2.512527 0.000000
vt -0.514079 -2.635089 0.000000
vt -0.514079 -2.757651 0.000000
vt -0.514079 -2.880214 0.000000
vt -0.514079 -3.002776 0.000000
vt -0.514079 -3.125338 0.000000
vt -0.514079 -3.247901 0.000000
vt -0.514079 -3.370463 0.000000
vt -0.514079 -3.493025 0.000000
vt -0.514079 -3.615587 0.000000
vt -0.514079 -3.738150 0.000000
vt -0.514079 -3.860712 0.000000
vt -0.514079 -3.983274 0.000000
vt -0.514079 -4.105837 0.000000
vt -0.514079 -4.228399 0.000000
vt -0.514079 -4.350961 0.000000
vt -0.514079 -4.473524 0.000000
vt -0.514079 -4.596086 0.000000
vt -0.514079 -4.718648 0.000000
vt -0.514079 -4.841210 0.000000
vt -0.514079 -4.963773 0.000000
vt -0.514079 -5.086335 0.000000
vt -0.514079 -5.208897 0.000000
vt -0.514079 -5.331460 0.000000
vt -0.685438 5.331460 0.000000
vt -0.685438 5.208897 0.000000
vt -0.685438 5.086335 0.000000
vt -0.685438 4.963773 0.000000
vt -0.685438 4.841210 0.000000
vt -0.685438 4.718648 0.000000
vt -0.685438 4.596086 0.000000
vt -0.685438 4.473524 0.000000
vt -0.685438 4.350961 0.000000
vt -0.685438 4.228399 0.000000
vt -0.685438 4.105837 0.000000
vt -0.685438 3.983274 0.000000
vt -0.685438 3.860712 0.000000
vt -0.685438 3.738150 0.000000
vt -0.685438 3.615587 0.000000
vt -0.685438 3.493025 0.000000
vt -0.685438 3.370463 0.000000
vt -0.685438 3.247901 0.000000
vt -0.685438 3.125338 0.000000
vt -0.685438 3.002776 0.000000
vt -0.685438 2.880214 0.000000
vt -0.685438 2.757651 0.000000
vt -0.685438 2.635089 0.000000
vt -0.685438 2.512527 0.000000
vt -0.685438 2.389965 0.000000
vt -0.685438 2.267402 0.000000
vt -0.685438 2.144840 0.000000
vt -0.685438 2.022278 0.000000
vt -0.685438 1.899715 0.000000
vt -0.685438 1.777153 0.000000
vt -0.685438 1.654591 0.000000
vt -0.685438 1.532029 0.000000
vt -0.685438 1.409466 0.000000
vt -0.685438 1.286904 0.000000
vt -0.685438 1.164342 0.000000
vt -0.685438 1.041779 0.000000
vt -0.685438 0.919217 0.000000
vt -0.685438 0.796655 0.000000
vt -0.685438 0.674093 0.000000
vt -0.685438 0.551530 0.000000
vt -0.685438 0.428968 0.000000
vt -0.685438 0.306406 0.000000
vt -0.685438 0.183843 0.000000
vt -0.685438 0.061281 0.000000
vt -0.685438 -0.061281 0.000000
vt -0.685438 -0.183843 0.000000
vt -0.685438 -0.306406 0.000000
vt -0.685438 -0.428968 0.000000
vt -0.685438 -0.551530 0.000000
vt -0.685438 -0.674093 0.000000
vt -0.685438 -0.796655 0.000000
vt -0.685438 -0.919217 0.000000
vt -0.685438 -1.041779 0.000000
vt -0.685438 -1.164342 0.000000
vt -0.685438 -1.286904 0.000000
vt -0.685438 -1.409466 0.000000
vt -0.685438 -1.532029 0.000000
vt -0.685438 -1.654591 0.000000
vt -0.685438 -1.777153 0.000000
vt -0.685438 -1.899715 0.000000
vt -0.685438 -2.022278 0.000000
vt -0.685438 -2.144840 0.000000
vt -0.685438 -2.267402 0.000000
vt -0.685438 -2.389965 0.000000
vt -0.685438 -2.512527 0.000000
vt -0.685438 -2.635089 0.000000
vt -0.685438 -2.757651 0.000000
vt -0.685438 -2.880214 0.000000
vt -0.685438 -3.002776 0.000000
vt -0.685438 -3.125338 0.000000
vt -0.685438 -3.247901 0.000000
vt -0.685438 -3.370463 0.000000
vt -0.685438 -3.493025 0.000000
vt -0.685438 -3.615587 0.000000
vt -0.685438 -3.738150 0.000000
vt -0.685438 -3.860712 0.000000
vt -0.685438 -3.983274 0.000000
vt -0.685438 -4.105837 0.000000
vt -0.685438 -4.228399 0.000000
vt -0.685438 -4.350961 0.000000
vt -0.685438 -4.473524 0.000000
vt -0.685438 -4.596086 0.000000
vt -0.685438 -4.718648 0.000000
vt -0.685438 -4.841210 0.000000
vt -0.685438 -4.963773 0.000000
vt -0.685438 -5.086335 0.000000
vt -0.685438 -5.208897 0.000000
vt -0.685438 -5.331460 0.000000
vt -0.856798 5.331460 0.000000
vt -0.856798 5.208897 0.000000
vt -0.856798 5.086335 0.000000
vt -0.856798 4.963773 0.000000
vt -0.856798 4.841210 0.000000
vt -0.856798 4.718648 0.000000
vt -0.856798 4.596086 0.000000
vt -0.856798 4.473524 0.000000
vt -0.856798 4.350961 0.000000
vt -0.856798 4.228399 0.000000
vt -0.856798 4.105837 0.000000
vt -0.856798 3.983274 0.000000
vt -0.856798 3.860712 0.000000
vt -0.856798 3.738150 0.000000
vt -0.856798 3.615587 0.000000
vt -0.856798 3.493025 0.000000
vt -0.856798 3.370463 0.000000
vt -0.856798 3.247901 0.000000
vt -0.856798 3.125338 0.000000
vt -0.856798 3.002776 0.000000
vt -0.856798 2.880214 0.000000
vt -0.856798 2.757651 0.000000
vt -0.856798 2.635089 0.000000
vt -0.856798 2.512527 0.000000
vt -0.856798 2.389965 0.000000
vt -0.856798 2.267402 0.000000
vt -0.856798 2.144840 0.000000
vt -0.856798 2.022278 0.000000
vt -0.856798 1.899715 0.000000
vt -0.856798 1.777153 0.000000
vt -0.856798 1.654591 0.000000
vt -0.856798 1.532029 0.000000
vt -0.856798 1.409466 0.000000
vt -0.856798 1.286904 0.000000
vt -0.856798 1.164342 0.000000
vt -0.856798 1.041779 0.000000
vt -0.856798 0.919217 0.000000
vt -0.856798 0.796655 0.000000
vt -0.856798 0.674093 0.000000
vt -0.856798 0.551530 0.000000
vt -0.856798 0.428968 0.000000
vt -0.856798 0.306406 0.000000
vt -0.856798 0.183843 0.000000
vt -0.856798 0.061281 0.000000
vt -0.856798 -0.061281 0.000000
vt -0.856798 -0.183843 0.000000
vt -0.856798 -0.306406 0.000000
vt -0.856798 -0.428968 0.000000
vt -0.856798 -0.551530 0.000000
vt -0.856798 -0.674093 0.000000
vt -0.856798 -0.796655 0.000000
vt -0.856798 -0.919217 0.000000
vt -0.856798 -1.041779 0.000000
vt -0.856798 -1.164342 0.000000
vt -0.856798 -1.286904 0.000000
vt -0.856798 -1.409466 0.000000
vt -0.856798 -1.532029 0.000000
vt -0.856798 -1.654591 0.000000
vt -0.856798 -1.777153 0.000000
vt -0.856798 -1.899715 0.000000
vt -0.856798 -2.022278 0.000000
vt -0.856798 -2.144840 0.000000
vt -0.856798 -2.267402 0.000000
vt -0.856798 -2.389965 0.000000
vt -0.856798 -2.512527 0.000000
vt -0.856798 -2.635089 0.000000
vt -0.856798 -2.757651 0.000000
vt -0.856798 -2.880214 0.000000
vt -0.856798 -3.002776 0.000000
vt -0.856798 -3.125338 0.000000
vt -0.856798 -3.247901 0.000000
vt -0.856798 -3.370463 0.000000
vt -0.856798 -3.493025 0.000000
vt -0.856798 -3.615587 0.000000
vt -0.856798 -3.738150 0.000000
vt -0.856798 -3.860712 0.000000
vt -0.856798 -3.983274 0.000000
vt -0.856798 -4.105837 0.000000
vt -0.856798 -4.228399 0.000000
vt -0.856798 -4.350961 0.000000
vt -0.856798 -4.473524 0.000000
vt -0.856798 -4.596086 0.000000
vt -0.856798 -4.718648 0.000000
vt -0.856798 -4.841210 0.000000
vt -0.856798 -4.963773 0.000000
vt -0.856798 -5.086335 0.000000
vt -0.856798 -5.208897 0.000000
vt -0.856798 -5.331460 0.000000
vt -1.028158 5.331460 0.000000
vt -1.028158 5.208897 0.000000
vt -1.028158 5.086335 0.000000
vt -1.028158 4.963773 0.000000
vt -1.028158 4.841210 0.000000
vt -1.028158 4.718648 0.000000
vt -1.028158 4.596086 0.000000
vt -1.028158 4.473524 0.000000
vt -1.028158 4.350961 0.000000
vt -1.028158 4.228399 0.000000
vt -1.028158 4.105837 0.000000
vt -1.028158 3.983274 0.000000
vt -1.028158 3.860712 0.000000
vt -1.028158 3.738150 0.000000
vt -1.028158 3.615587 0.000000
vt -1.028158 3.493025 0.000000
vt -1.028158 3.370463 0.000000
vt -1.028158 3.247901 0.000000
vt -1.028158 3.125338 0.000000
vt -1.028158 3.002776 0.000000
vt -1.028158 2.880214 0.000000
vt -1.028158 2.757651 0.000000
vt -1.028158 2.635089 0.000000
vt -1.028158 2.512527 0.000000
vt -1.028158 2.389965 0.000000
vt -1.028158 2.267402 0.000000
vt -1.028158 2.144840 0.000000
vt -1.028158 2.022278 0.000000
vt -1.028158 1.899715 0.000000
vt -1.028158 1.777153 0.000000
vt -1.028158 1.654591 0.000000
vt -1.028158 1.532029 0.000000
vt -1.028158 1.409466 0.000000
vt -1.028158 1.286904 0.000000
vt -1.028158 1.164342 0.000000
vt -1.028158 1.041779 0.000000
vt -1.028158 0.919217 0.000000
vt -1.028158 0.796655 0.000000
vt -1.028158 0.674093 0.000000
vt -1.028158 0.551530 0.000000
vt -1.028158 0.428968 0.000000
vt -1.028158 0.306406 0.000000
vt -1.028158 0.183843 0.000000
vt -1.028158 0.061281 0.000000
vt -1.028158 -0.061281 0.000000
vt -1.028158 -0.183843 0.000000
vt -1.028158 -0.306406 0.000000
vt -1.028158 -0.428968 0.000000
vt -1.028158 -0.551530 0.000000
vt -1.028158 -0.674093 0.000000
vt -1.028158 -0.796655 0.000000
vt -1.028158 -0.919217 0.000000
vt -1.028158 -1.041779 0.000000
vt -1.028158 -1.164342 0.000000
vt -1.028158 -1.286904 0.000000
vt -1.028158 -1.409466 0.000000
vt -1.028158 -1.532029 0.000000
vt -1.028158 -1.654591 0.000000
vt -1.028158 -1.777153 0.000000
vt -1.028158 -1.899715 0.000000
vt -1.028158 -2.022278 0.000000
vt -1.028158 -2.144840 0.000000
vt -1.028158 -2.267402 0.000000
vt -1.028158 -2.389965 0.000000
vt -1.028158 -2.512527 0.000000
vt -1.028158 -2.635089 0.000000
vt -1.028158 -2.757651 0.000000
vt -1.028158 -2.880214 0.000000
vt -1.028158 -3.002776 0.000000
vt -1.028158 -3.125338 0.000000
vt -1.028158 -3.247901 0.000000
vt -1.028158 -3.370463 0.000000
vt -1.028158 -3.493025 0.000000
vt -1.028158 -3.615587 0.000000
vt -1.028158 -3.738150 0.000000
vt -1.028158 -3.860712 0.000000
vt -1.028158 -3.983274 0.000000
vt -1.028158 -4.105837 0.000000
vt -1.028158 -4.228399 0.000000
vt -1.028158 -4.350961 0.000000
vt -1.028158 -4.473524 0.000000
vt -1.028158 -4.596086 0.000000
vt -1.028158 -4.718648 0.000000
vt -1.028158 -4.841210 0.000000
vt -1.028158 -4.963773 0.000000
vt -1.028158 -5.086335 0.000000
vt -1.028158 -5.208897 0.000000
vt -1.028158 -5.331460 0.000000
vt -1.199517 5.331460 0.000000
vt -1.199517 5.208897 0.000000
vt -1.199517 5.086335 0.000000
vt -1.199517 4.963773 0.000000
vt -1.199517 4.841210 0.000000
vt -1.199517 4.718648 0.000000
vt -1.199517 4.596086 0.000000
vt -1.199517 4.473524 0.000000
vt -1.199517 4.350961 0.000000
vt -1.199517 4.228399 0.000000
vt -1.199517 4.105837 0.000000
vt -1.199517 3.983274 0.000000
vt -1.199517 3.860712 0.000000
vt -1.199517 3.738150 0.000000
vt -1.199517 3.615587 0.000000
vt -1.199517 3.493025 0.000000
vt -1.199517 3.370463 0.000000
vt -1.199517 3.247901 0.000000
vt -1.199517 3.125338 0.000000
vt -1.199517 3.002776 0.000000
vt -1.199517 2.880214 0.000000
vt -1.199517 2.757651 0.000000
vt -1.199517 2.635089 0.000000
vt -1.199517 2.512527 0.000000
vt -1.199517 2.389965 0.000000
vt -1.199517 2.267402 0.000000
vt -1.199517 2.144840 0.000000
vt -1.199517 2.022278 0.000000
vt -1.199517 1.899715 0.000000
vt -1.199517 1.777153 0.000000
vt -1.199517 1.654591 0.000000
vt -1.199517 1.532029 0.000000
vt -1.199517 1.409466 0.000000
vt -1.199517 1.286904 0.000000
vt -1.199517 1.164342 0.000000
vt -1.199517 1.041779 0.000000
vt -1.199517 0.919217 0.000000
vt -1.199517 0.796655 0.000000
vt -1.199517 0.674093 0.000000
vt -1.199517 0.551530 0.000000
vt -1.199517 0.428968 0.000000
vt -1.199517 0.306406 0.000000
vt -1.199517 0.183843 0.000000
vt -1.199517 0.061281 0.000000
vt -1.199517 -0.061281 0.000000
vt -1.199517 -0.183843 0.000000
vt -1.199517 -0.306406 0.000000
vt -1.199517 -0.428968 0.000000
vt -1.199517 -0.551530 0.000000
vt -1.199517 -0.674093 0.000000
vt -1.199517 -0.796655 0.000000
vt -1.199517 -0.919217 0.000000
vt -1.199517 -1.041779 0.000000
vt -1.199517 -1.164342 0.000000
vt -1.199517 -1.286904 0.000000
vt -1.199517 -1.409466 0.000000
vt -1.199517 -1.532029 0.000000
vt -1.199517 -1.654591 0.000000
vt -1.199517 -1.777153 0.000000
vt -1.199517 -1.899715 0.000000
vt -1.199517 -2.022278 0.000000
vt -1.199517 -2.144840 0.000000
vt -1.199517 -2.267402 0.000000
vt -1.199517 -2.389965 0.000000
vt -1.199517 -2.512527 0.000000
vt -1.199517 -2.635089 0.000000
vt -1.199517 -2.757651 0.000000
vt -1.199517 -2.880214 0.000000
vt -1.199517 -3.002776 0.000000
vt -1.199517 -3.125338 0.000000
vt -1.199517 -3.247901 0.000000
vt -1.199517 -3.370463 0.000000
vt -1.199517 -3.493025 0.000000
vt -1.199517 -3.615587 0.000000
vt -1.199517 -3.738150 0.000000
vt -1.199517 -3.860712 0.000000
vt -1.199517 -3.983274 0.000000
vt -1.199517 -4.105837 0.000000
vt -1.199517 -4.228399 0.000000
vt -1.199517 -4.350961 0.000000
vt -1.199517 -4.473524 0.000000
vt -1.199517 -4.596086 0.000000
vt -1.199517 -4.718648 0.000000
vt -1.199517 -4.841210 0.000000
vt -1.199517 -4.963773 0.000000
vt -1.199517 -5.086335 0.000000
vt -1.199517 -5.208897 0.000000
vt -1.199517 -5.331460 0.000000
vt -1.370877 5.331460 0.000000
vt -1.370877 5.208897 0.000000
vt -1.370877 5.086335 0.000000
vt -1.370877 4.963773 0.000000
vt -1.370877 4.841210 0.000000
vt -1.370877 4.718648 0.000000
vt -1.370877 4.596086 0.000000
vt -1.370877 4.473524 0.000000
vt -1.370877 4.350961 0.000000
vt -1.370877 4.228399 0.000000
vt -1.370877 4.105837 0.000000
vt -1.370877 3.983274 0.000000
vt -1.370877 3.860712 0.000000
vt -1.370877 3.738150 0.000000
vt -1.370877 3.615587 0.000000
vt -1.370877 3.493025 0.000000
vt -1.370877 3.370463 0.000000
vt -1.370877 3.247901 0.000000
vt -1.370877 3.125338 0.000000
vt -1.370877 3.002776 0.000000
vt -1.370877 2.880214 0.000000
vt -1.370877 2.757651 0.000000
vt -1.370877 2.635089 0.000000
vt -1.370877 2.512527 0.000000
vt -1.370877 2.389965 0.000000
vt -1.370877 2.267402 0.000000
vt -1.370877 2.144840 0.000000
vt -1.370877 2.022278 0.000000
vt -1.370877 1.899715 0.000000
vt -1.370877 1.777153 0.000000
vt -1.370877 1.654591 0.000000
vt -1.370877 1.532029 0.000000
vt -1.370877 1.409466 0.000000
vt -1.370877 1.286904 0.000000
vt -1.370877 1.164342 0.000000
vt -1.370877 1.041779 0.000000
vt -1.370877 0.919217 0.000000
vt -1.370877 0.796655 0.000000
vt -1.370877 0.674093 0.000000
vt -1.370877 0.551530 0.000000
vt -1.370877 0.428968 0.000000
vt -1.370877 0.306406 0.000000
vt -1.370877 0.183843 0.000000
vt -1.370877 0.061281 0.000000
vt -1.370877 -0.061281 0.000000
vt -1.370877 -0.183843 0.000000
vt -1.370877 -0.306406 0.000000
vt -1.370877 -0.428968 0.000000
vt -1.370877 -0.551530 0.000000
vt -1.370877 -0.674093 0.000000
vt -1.370877 -0.796655 0.000000
vt -1.370877 -0.919217 0.000000
vt -1.370877 -1.041779 0.000000
vt -1.370877 -1.164342 0.000000
vt -1.370877 -1.286904 0.000000
vt -1.370877 -1.409466 0.000000
vt -1.370877 -1.532029 0.000000
vt -1.370877 -1.654591 0.000000
vt -1.370877 -1.777153 0.000000
vt -1.370877 -1.899715 0.000000
vt -1.370877 -2.022278 0.000000
vt -1.370877 -2.144840 0.000000
vt -1.370877 -2.267402 0.000000
vt -1.370877 -2.389965 0.000000
vt -1.370877 -2.512527 0.000000
vt -1.370877 -2.635089 0.000000
vt -1.370877 -2.757651 0.000000
vt -1.370877 -2.880214 0.000000
vt -1.370877 -3.002776 0.000000
vt -1.370877 -3.125338 0.000000
vt -1.370877 -3.247901 0.000000
vt -1.370877 -3.370463 0.000000
vt -1.370877 -3.493025 0.000000
vt -1.370877 -3.615587 0.000000
vt -1.370877 -3.738150 0.000000
vt -1.370877 -3.860712 0.000000
vt -1.370877 -3.983274 0.000000
vt -1.370877 -4.105837 0.000000
vt -1.370877 -4.228399 0.000000
vt -1.370877 -4.350961 0.000000
vt -1.370877 -4.473524 0.000000
vt -1.370877 -4.596086 0.000000
vt -1.370877 -4.718648 0.000000
vt -1.370877 -4.841210 0.000000
vt -1.370877 -4.963773 0.000000
vt -1.370877 -5.086335 0.000000
vt -1.370877 -5.208897 0.000000
vt -1.370877 -5.331460 0.000000
vt -1.542236 5.331460 0.000000
vt -1.542236 5.208897 0.000000
vt -1.542236 5.086335 0.000000
vt -1.542236 4.963773 0.000000
vt -1.542236 4.841210 0.000000
vt -1.542236 4.718648 0.000000
vt -1.542236 4.596086 0.000000
vt -1.542236 4.473524 0.000000
vt -1.542236 4.350961 0.000000
vt -1.542236 4.228399 0.000000
vt -1.542236 4.105837 0.000000
vt -1.542236 3.983274 0.000000
vt -1.542236 3.860712 0.000000
vt -1.542236 3.738150 0.000000
vt -1.542236 3.615587 0.000000
vt -1.542236 3.493025 0.000000
vt -1.542236 3.370463 0.000000
vt -1.542236 3.247901 0.000000
vt -1.542236 3.125338 0.000000
vt -1.542236 3.002776 0.000000
vt -1.542236 2.880214 0.000000
vt -1.542236 2.757651 0.000000
vt -1.542236 2.635089 0.000000
vt -1.542236 2.512527 0.000000
vt -1.542236 2.389965 0.000000
vt -1.542236 2.267402 0.000000
vt -1.542236 2.144840 0.000000
vt -1.542236 2.022278 0.000000
vt -1.542236 1.899715 0.000000
vt -1.542236 1.777153 0.000000
vt -1.542236 1.654591 0.000000
vt -1.542236 1.532029 0.000000
vt -1.542236 1.409466 0.000000
vt -1.542236 1.286904 0.000000
vt -1.542236 1.164342 0.000000
vt -1.542236 1.041779 0.000000
vt -1.542236 0.919217 0.000000
vt -1.542236 0.796655 0.000000
vt -1.542236 0.674093 0.000000
vt -1.542236 0.551530 0.000000
vt -1.542236 0.428968 0.000000
vt -1.542236 0.306406 0.000000
vt -1.542236 0.183843 0.000000
vt -1.542236 0.061281 0.000000
vt -1.542236 -0.061281 0.000000
vt -1.542236 -0.183843 0.000000
vt -1.542236 -0.306406 0.000000
vt -1.542236 -0.428968 0.000000
vt -1.542236 -0.551530 0.000000
vt -1.542236 -0.674093 0.000000
vt -1.542236 -0.796655 0.000000
vt -1.542236 -0.919217 0.000000
vt -1.542236 -1.041779 0.000000
vt -1.542236 -1.164342 0.000000
vt -1.542236 -1.286904 0.000000
vt -1.542236 -1.409466 0.000000
vt -1.542236 -1.532029 0.000000
vt -1.542236 -1.654591 0.000000
vt -1.542236 -1.777153 0.000000
vt -1.542236 -1.899715 0.000000
vt -1.542236 -2.022278 0.000000
vt -1.542236 -2.144840 0.000000
vt -1.542236 -2.267402 0.000000
vt -1.542236 -2.389965 0.000000
vt -1.542236 -2.512527 0.000000
vt -1.542236 -2.635089 0.000000
vt -1.542236 -2.757651 0.000000
vt -1.542236 -2.880214 0.000000
vt -1.542236 -3.002776 0.000000
vt -1.542236 -3.125338 0.000000
vt -1.542236 -3.247901 0.000000
vt -1.542236 -3.370463 0.000000
vt -1.542236 -3.493025 0.000000
vt -1.542236 -3.615587 0.000000
vt -1.542236 -3.738150 0.000000
vt -1.542236 -3.860712 0.000000
vt -1.542236 -3.983274 0.000000
vt -1.542236 -4.105837 0.000000
vt -1.542236 -4.228399 0.000000
vt -1.542236 -4.350961 0.000000
vt -1.542236 -4.473524 0.000000
vt -1.542236 -4.596086 0.000000
vt -1.542236 -4.718648 0.000000
vt -1.542236 -4.841210 0.000000
vt -1.542236 -4.963773 0.000000
vt -1.542236 -5.086335 0.000000
vt -1.542236 -5.208897 0.000000
vt -1.542236 -5.331460 0.000000
vt -1.713596 5.331460 0.000000
vt -1.713596 5.208897 0.000000
vt -1.713596 5.086335 0.000000
vt -1.713596 4.963773 0.000000
vt -1.713596 4.841210 0.000000
vt -1.713596 4.718648 0.000000
vt -1.713596 4.596086 0.000000
vt -1.713596 4.473524 0.000000
vt -1.713596 4.350961 0.000000
vt -1.713596 4.228399 0.000000
vt -1.713596 4.105837 0.000000
vt -1.713596 3.983274 0.000000
vt -1.713596 3.860712 0.000000
vt -1.713596 3.738150 0.000000
vt -1.713596 3.615587 0.000000
vt -1.713596 3.493025 0.000000
vt -1.713596 3.370463 0.000000
vt -1.713596 3.247901 0.000000
vt -1.713596 3.125338 0.000000
vt -1.713596 3.002776 0.000000
vt -1.713596 2.880214 0.000000
vt -1.713596 2.757651 0.000000
vt -1.713596 2.635089 0.000000
vt -1.713596 2.512527 0.000000
vt -1.713596 2.389965 0.000000
vt -1.713596 2.267402 0.000000
vt -1.713596 2.144840 0.000000
vt -1.713596 2.022278 0.000000
vt -1.713596 1.899715 0.000000
vt -1.713596 1.777153 0.000000
vt -1.713596 1.654591 0.000000
vt -1.713596 1.532029 0.000000
vt -1.713596 1.409466 0.000000
vt -1.713596 1.286904 0.000000
vt -1.713596 1.164342 0.000000
vt -1.713596 1.041779 0.000000
vt -1.713596 0.919217 0.000000
vt -1.713596 0.796655 0.000000
vt -1.713596 0.674093 0.000000
vt -1.713596 0.551530 0.000000
vt -1.713596 0.428968 0.000000
vt -1.713596 0.306406 0.000000
vt -1.713596 0.183843 0.000000
vt -1.713596 0.061281 0.000000
vt -1.713596 -0.061281 0.000000
vt -1.713596 -0.183843 0.000000
vt -1.713596 -0.306406 0.000000
vt -1.713596 -0.428968 0.000000
vt -1.713596 -0.551530 0.000000
vt -1.713596 -0.674093 0.000000
vt -1.713596 -0.796655 0.000000
vt -1.713596 -0.919217 0.000000
vt -1.713596 -1.041779 0.000000
vt -1.713596 -1.164342 0.000000
vt -1.713596 -1.286904 0.000000
vt -1.713596 -1.409466 0.000000
vt -1.713596 -1.532029 0.000000
vt -1.713596 -1.654591 0.000000
vt -1.713596 -1.777153 0.000000
vt -1.713596 -1.899715 0.000000
vt -1.713596 -2.022278 0.000000
vt -1.713596 -2.144840 0.000000
vt -1.713596 -2.267402 0.000000
vt -1.713596 -2.389965 0.000000
vt -1.713596 -2.512527 0.000000
vt -1.713596 -2.635089 0.000000
vt -1.713596 -2.757651 0.000000
vt -1.713596 -2.880214 0.000000
vt -1.713596 -3.002776 0.000000
vt -1.713596 -3.125338 0.000000
vt -1.713596 -3.247901 0.000000
vt -1.713596 -3.370463 0.000000
vt -1.713596 -3.493025 0.000000
vt -1.713596 -3.615587 0.000000
vt -1.713596 -3.738150 0.000000
vt -1.713596 -3.860712 0.000000
vt -1.713596 -3.983274 0.000000
vt -1.713596 -4.105837 0.000000
vt -1.713596 -4.228399 0.000000
vt -1.713596 -4.350961 0.000000
vt -1.713596 -4.473524 0.000000
vt -1.713596 -4.596086 0.000000
vt -1.713596 -4.718648 0.000000
vt -1.713596 -4.841210 0.000000
vt -1.713596 -4.963773 0.000000
vt -1.713596 -5.086335 0.000000
vt -1.713596 -5.208897 0.000000
vt -1.713596 -5.331460 0.000000
vt -1.884956 5.331460 0.000000
vt -1.884956 5.208897 0.000000
vt -1.884956 5.086335 0.000000
vt -1.884956 4.963773 0.000000
vt -1.884956 4.841210 0.000000
vt -1.884956 4.718648 0.000000
vt -1.884956 4.596086 0.000000
vt -1.884956 4.473524 0.000000
vt -1.884956 4.350961 0.000000
vt -1.884956 4.228399 0.000000
vt -1.884956 4.105837 0.000000
vt -1.884956 3.983274 0.000000
vt -1.884956 3.860712 0.000000
vt -1.884956 3.738150 0.000000
vt -1.884956 3.615587 0.000000
vt -1.884956 3.493025 0.000000
vt -1.884956 3.370463 0.000000
vt -1.884956 3.247901 0.000000
vt -1.884956 3.125338 0.000000
vt -1.884956 3.002776 0.000000
vt -1.884956 2.880214 0.000000
vt -1.884956 2.757651 0.000000
vt -1.884956 2.635089 0.000000
vt -1.884956 2.512527 0.000000
vt -1.884956 2.389965 0.000000
vt -1.884956 2.267402 0.000000
vt -1.884956 2.144840 0.000000
vt -1.884956 2.022278 0.000000
vt -1.884956 1.899715 0.000000
vt -1.884956 1.777153 0.000000
vt -1.884956 1.654591 0.000000
vt -1.884956 1.532029 0.000000
vt -1.884956 1.409466 0.000000
vt -1.884956 1.286904 0.000000
vt -1.884956 1.164342 0.000000
vt -1.884956 1.041779 0.000000
vt -1.884956 0.919217 0.000000
vt -1.884956 0.796655 0.000000
vt -1.884956 0.674093 0.000000
vt -1.884956 0.551530 0.000000
vt -1.884956 0.428968 0.000000
vt -1.884956 0.306406 0.000000
vt -1.884956 0.183843 0.000000
vt -1.884956 0.061281 0.000000
vt -1.884956 -0.061281 0.000000
vt -1.884956 -0.183843 0.000000
vt -1.884956 -0.306406 0.000000
vt -1.884956 -0.428968 0.000000
vt -1.884956 -0.551530 0.000000
vt -1.884956 -0.674093 0.000000
vt -1.884956 -0.796655 0.000000
vt -1.884956 -0.919217 0.000000
vt -1.884956 -1.041779 0.000000
vt -1.884956 -1.164342 0.000000
vt -1.884956 -1.286904 0.000000
vt -1.884956 -1.409466 0.000000
vt -1.884956 -1.532029 0.000000
vt -1.884956 -1.654591 0.000000
vt -1.884956 -1.777153 0.000000
vt -1.884956 -1.899715 0.000000
vt -1.884956 -2.022278 0.000000
vt -1.884956 -2.144840 0.000000
vt -1.884956 -2.267402 0.000000
vt -1.884956 -2.389965 0.000000
vt -1.884956 -2.512527 0.000000
vt -1.884956 -2.635089 0.000000
vt -1.884956 -2.757651 0.000000
vt -1.884956 -2.880214 0.000000
vt -1.884956 -3.002776 0.000000
vt -1.884956 -3.125338 0.000000
vt -1.884956 -3.247901 0.000000
vt -1.884956 -3.370463 0.000000
vt -1.884956 -3.493025 0.000000
vt -1.884956 -3.615587 0.000000
vt -1.884956 -3.738150 0.000000
vt -1.884956 -3.860712 0.000000
vt -1.884956 -3.983274 0.000000
vt -1.884956 -4.105837 0.000000
vt -1.884956 -4.228399 0.000000
vt -1.884956 -4.350961 0.000000
vt -1.884956 -4.473524 0.000000
vt -1.884956 -4.596086 0.000000
vt -1.884956 -4.718648 0.000000
vt -1.884956 -4.841210 0.000000
vt -1.884956 -4.963773 0.000000
vt -1.884956 -5.086335 0.000000
vt -1.884956 -5.208897 0.000000
vt -1.884956 -5.331460 0.000000
vt -2.056315 5.331460 0.000000
vt -2.056315 5.208897 0.000000
vt -2.056315 5.086335 0.000000
vt -2.056315 4.963773 0.000000
vt -2.056315 4.841210 0.000000
vt -2.056315 4.718648 0.000000
vt -2.056315 4.596086 0.000000
vt -2.056315 4.473524 0.000000
vt -2.056315 4.350961 0.000000
vt -2.056315 4.228399 0.000000
vt -2.056315 4.105837 0.000000
vt -2.056315 3.983274 0.000000
vt -2.056315 3.860712 0.000000
vt -2.056315 3.738150 0.000000
vt -2.056315 3.615587 0.000000
vt -2.056315 3.493025 0.000000
vt -2.056315 3.370463 0.000000
vt -2.056315 3.247901 0.000000
vt -2.056315 3.125338 0.000000
vt -2.056315 3.002776 0.000000
vt -2.056315 2.880214 0.000000
vt -2.056315 2.757651 0.000000
vt -2.056315 2.635089 0.000000
vt -2.056315 2.512527 0.000000
vt -2.056315 2.389965 0.000000
vt -2.056315 2.267402 0.000000
vt -2.056315 2.144840 0.000000
vt -2.056315 2.022278 0.000000
vt -2.056315 1.899715 0.000000
vt -2.056315 1.777153 0.000000
vt -2.056315 1.654591 0.000000
vt -2.056315 1.532029 0.000000
vt -2.056315 1.409466 0.000000
vt -2.056315 1.286904 0.000000
vt -2.056315 1.164342 0.000000
vt -2.056315 1.041779 0.000000
vt -2.056315 0.919217 0.000000
vt -2.056315 0.796655 0.000000
vt -2.056315 0.674093 0.000000
vt -2.056315 0.551530 0.000000
vt -2.056315 0.428968 0.000000
vt -2.056315 0.306406 0.000000
vt -2.056315 0.183843 0.000000
vt -2.056315 0.061281 0.000000
vt -2.056315 -0.061281 0.000000
vt -2.056315 -0.183843 0.000000
vt -2.056315 -0.306406 0.000000
vt -2.056315 -0.428968 0.000000
vt -2.056315 -0.551530 0.000000
vt -2.056315 -0.674093 0.000000
vt -2.056315 -0.796655 0.000000
vt -2.056315 -0.919217 0.000000
vt -2.056315 -1.041779 0.000000
vt -2.056315 -1.164342 0.000000
vt -2.056315 -1.286904 0.000000
vt -2.056315 -1.409466 0.000000
vt -2.056315 -1.532029 0.000000
vt -2.056315 -1.654591 0.000000
vt -2.056315 -1.777153 0.000000
vt -2.056315 -1.899715 0.000000
vt -2.056315 -2.022278 0.000000
vt -2.056315 -2.144840 0.000000
vt -2.056315 -2.267402 0.000000
vt -2.056315 -2.389965 0.000000
vt -2.056315 -2.512527 0.000000
vt -2.056315 -2.635089 0.000000
vt -2.056315 -2.757651 0.000000
vt -2.056315 -2.880214 0.000000
vt -2.056315 -3.002776 0.000000
vt -2.056315 -3.125338 0.000000
vt -2.056315 -3.247901 0.000000
vt -2.056315 -3.370463 0.000000
vt -2.056315 -3.493025 0.000000
vt -2.056315 -3.615587 0.000000
vt -2.056315 -3.738150 0.000000
vt -2.056315 -3.860712 0.000000
vt -2.056315 -3.983274 0.000000
vt -2.056315 -4.105837 0.000000
vt -2.056315 -4.228399 0.000000
vt -2.056315 -4.350961 0.000000
vt -2.056315 -4.473524 0.000000
vt -2.056315 -4.596086 0.000000
vt -2.056315 -4.718648 0.000000
vt -2.056315 -4.841210 0.000000
vt -2.056315 -4.963773 0.000000
vt -2.056315 -5.086335 0.000000
vt -2.056315 -5.208897 0.000000
vt -2.056315 -5.331460 0.000000
vt -2.227675 5.331460 0.000000
vt -2.227675 5.208897 0.000000
vt -2.227675 5.086335 0.000000
vt -2.227675 4.963773 0.000000
vt -2.227675 4.841210 0.000000
vt -2.227675 4.718648 0.000000
vt -2.227675 4.596086 0.000000
vt -2.227675 4.473524 0.000000
vt -2.227675 4.350961 0.000000
vt -2.227675 4.228399 0.000000
vt -2.227675 4.105837 0.000000
vt -2.227675 3.983274 0.000000
vt -2.227675 3.860712 0.000000
vt -2.227675 3.738150 0.000000
vt -2.227675 3.615587 0.000000
vt -2.227675 3.493025 0.000000
vt -2.227675 3.370463 0.000000
vt -2.227675 3.247901 0.000000
vt -2.227675 3.125338 0.000000
vt -2.227675 3.002776 0.000000
vt -2.227675 2.880214 0.000000
vt -2.227675 2.757651 0.000000
vt -2.227675 2.635089 0.000000
vt -2.227675 2.512527 0.000000
vt -2.227675 2.389965 0.000000
vt -2.227675 2.267402 0.000000
vt -2.227675 2.144840 0.000000
vt -2.227675 2.022278 0.000000
vt -2.227675 1.899715 0.000000
vt -2.227675 1.777153 0.000000
vt -2.227675 1.654591 0.000000
vt -2.227675 1.532029 0.000000
vt -2.227675 1.409466 0.000000
vt -2.227675 1.286904 0.000000
vt -2.227675 1.164342 0.000000
vt -2.227675 1.041779 0.000000
vt -2.227675 0.919217 0.000000
vt -2.227675 0.796655 0.000000
vt -2.227675 0.674093 0.000000
vt -2.227675 0.551530 0.000000
vt -2.227675 0.428968 0.000000
vt -2.227675 0.306406 0.000000
vt -2.227675 0.183843 0.000000
vt -2.227675 0.061281 0.000000
vt -2.227675 -0.061281 0.000000
vt -2.227675 -0.183843 0.000000
vt -2.227675 -0.306406 0.000000
vt -2.227675 -0.428968 0.000000
vt -2.227675 -0.551530 0.000000
vt -2.227675 -0.674093 0.000000
vt -2.227675 -0.796655 0.000000
vt -2.227675 -0.919217 0.000000
vt -2.227675 -1.041779 0.000000
vt -2.227675 -1.164342 0.000000
vt -2.227675 -1.286904 0.000000
vt -2.227675 -1.409466 0.000000
vt -2.227675 -1.532029 0.000000
vt -2.227675 -1.654591 0.000000
vt -2.227675 -1.777153 0.000000
vt -2.227675 -1.899715 0.000000
vt -2.227675 -2.022278 0.000000
vt -2.227675 -2.144840 0.000000
vt -2.227675 -2.267402 0.000000
vt -2.227675 -2.389965 0.000000
vt -2.227675 -2.512527 0.000000
vt -2.227675 -2.635089 0.000000
vt -2.227675 -2.757651 0.000000
vt -2.227675 -2.880214 0.000000
vt -2.227675 -3.002776 0.000000
vt -2.227675 -3.125338 0.000000
vt -2.227675 -3.247901 0.000000
vt -2.227675 -3.370463 0.000000
vt -2.227675 -3.493025 0.000000
vt -2.227675 -3.615587 0.000000
vt -2.227675 -3.738150 0.000000
vt -2.227675 -3.860712 0.000000
vt -2.227675 -3.983274 0.000000
vt -2.227675 -4.105837 0.000000
vt -2.227675 -4.228399 0.000000
vt -2.227675 -4.350961 0.000000
vt -2.227675 -4.473524 0.000000
vt -2.227675 -4.596086 0.000000
vt -2.227675 -4.718648 0.000000
vt -2.227675 -4.841210 0.000000
vt -2.227675 -4.963773 0.000000
vt -2.227675 -5.086335 0.000000
vt -2.227675 -5.208897 0.000000
vt -2.227675 -5.331460 0.000000
vt -2.399034 5.331460 0.000000
vt -2.399034 5.208897 0.000000
vt -2.399034 5.086335 0.000000
vt -2.399034 4.963773 0.000000
vt -2.399034 4.841210 0.000000
vt -2.399034 4.718648 0.000000
vt -2.399034 4.596086 0.000000
vt -2.399034 4.473524 0.000000
vt -2.399034 4.350961 0.000000
vt -2.399034 4.228399 0.000000
vt -2.399034 4.105837 0.000000
vt -2.399034 3.983274 0.000000
vt -2.399034 3.860712 0.000000
vt -2.399034 3.738150 0.000000
vt -2.399034 3.615587 0.000000
vt -2.399034 3.493025 0.000000
vt -2.399034 3.370463 0.000000
vt -2.399034 3.247901 0.000000
vt -2.399034 3.125338 0.000000
vt -2.399034 3.002776 0.000000
vt -2.399034 2.880214 0.000000
vt -2.399034 2.757651 0.000000
vt -2.399034 2.635089 0.000000
vt -2.399034 2.512527 0.000000
vt -2.399034 2.389965 0.000000
vt -2.399034 2.267402 0.000000
vt -2.399034 2.144840 0.000000
vt -2.399034 2.022278 0.000000
vt -2.399034 1.899715 0.000000
vt -2.399034 1.777153 0.000000
vt -2.399034 1.654591 0.000000
vt -2.399034 1.532029 0.000000
vt -2.399034 1.409466 0.000000
vt -2.399034 1.286904 0.000000
vt -2.399034 1.164342 0.000000
vt -2.399034 1.041779 0.000000
vt -2.399034 0.919217 0.000000
vt -2.399034 0.796655 0.000000
vt -2.399034 0.674093 0.000000
vt -2.399034 0.551530 0.000000
vt -2.399034 0.428968 0.000000
vt -2.399034 0.306406 0.000000
vt -2.399034 0.183843 0.000000
vt -2.399034 0.061281 0.000000
vt -2.399034 -0.061281 0.000000
vt -2.399034 -0.183843 0.000000
vt -2.399034 -0.306406 0.000000
vt -2.399034 -0.428968 0.000000
vt -2.399034 -0.551530 0.000000
vt -2.399034 -0.674093 0.000000
vt -2.399034 -0.796655 0.000000
vt -2.399034 -0.919217 0.000000
vt -2.399034 -1.041779 0.000000
vt -2.399034 -1.164342 0.000000
vt -2.399034 -1.286904 0.000000
vt -2.399034 -1.409466 0.000000
vt -2.399034 -1.532029 0.000000
vt -2.399034 -1.654591 0.000000
vt -2.399034 -1.777153 0.000000
vt -2.399034 -1.899715 0.000000
vt -2.399034 -2.022278 0.000000
vt -2.399034 -2.144840 0.000000
vt -2.399034 -2.267402 0.000000
vt -2.399034 -2.389965 0.000000
vt -2.399034 -2.512527 0.000000
vt -2.399034 -2.635089 0.000000
vt -2.399034 -2.757651 0.000000
vt -2.399034 -2.880214 0.000000
vt -2.399034 -3.002776 0.000000
vt -2.399034 -3.125338 0.000000
vt -2.399034 -3.247901 0.000000
vt -2.399034 -3.370463 0.000000
vt -2.399034 -3.493025 0.000000
vt -2.399034 -3.615587 0.000000
vt -2.399034 -3.738150 0.000000
vt -2.399034 -3.860712 0.000000
vt -2.399034 -3.983274 0.000000
vt -2.399034 -4.105837 0.000000
vt -2.399034 -4.228399 0.000000
vt -2.399034 -4.350961 0.000000
vt -2.399034 -4.473524 0.000000
vt -2.399034 -4.596086 0.000000
vt -2.399034 -4.718648 0.000000
vt -2.399034 -4.841210 0.000000
vt -2.399034 -4.963773 0.000000
vt -2.399034 -5.086335 0.000000
vt -2.399034 -5.208897 0.000000
vt -2.399034 -5.331460 0.000000
vt -2.570394 5.331460 0.000000
vt -2.570394 5.208897 0.000000
vt -2.570394 5.086335 0.000000
vt -2.570394 4.963773 0.000000
vt -2.570394 4.841210 0.000000
vt -2.570394 4.718648 0.000000
vt -2.570394 4.596086 0.000000
vt -2.570394 4.473524 0.000000
vt -2.570394 4.350961 0.000000
vt -2.570394 4.228399 0.000000
vt -2.570394 4.105837 0.000000
vt -2.570394 3.983274 0.000000
vt -2.570394 3.860712 0.000000
vt -2.570394 3.738150 0.000000
vt -2.570394 3.615587 0.000000
vt -2.570394 3.493025 0.000000
vt -2.570394 3.370463 0.000000
vt -2.570394 3.247901 0.000000
vt -2.570394 3.125338 0.000000
vt -2.570394 3.002776 0.000000
vt -2.570394 2.880214 0.000000
vt -2.570394 2.757651 0.000000
vt -2.570394 2.635089 0.000000
vt -2.570394 2.512527 0.000000
vt -2.570394 2.389965 0.000000
vt -2.570394 2.267402 0.000000
vt -2.570394 2.144840 0.000000
vt -2.570394 2.022278 0.000000
vt -2.570394 1.899715 0.000000
vt -2.570394 1.777153 0.000000
vt -2.570394 1.654591 0.000000
vt -2.570394 1.532029 0.000000
vt -2.570394 1.409466 0.000000
vt -2.570394 1.286904 0.000000
vt -2.570394 1.164342 0.000000
vt -2.570394 1.041779 0.000000
vt -2.570394 0.919217 0.000000
vt -2.570394 0.796655 0.000000
vt -2.570394 0.674093 0.000000
vt -2.570394 0.551530 0.000000
vt -2.570394 0.428968 0.000000
vt -2.570394 0.306406 0.000000
vt -2.570394 0.183843 0.000000
vt -2.570394 0.061281 0.000000
vt -2.570394 -0.061281 0.000000
vt -2.570394 -0.183843 0.000000
vt -2.570394 -0.306406 0.000000
vt -2.570394 -0.428968 0.000000
vt -2.570394 -0.551530 0.000000
vt -2.570394 -0.674093 0.000000
vt -2.570394 -0.796655 0.000000
vt -2.570394 -0.919217 0.000000
vt -2.570394 -1.041779 0.000000
vt -2.570394 -1.164342 0.000000
vt -2.570394 -1.286904 0.000000
vt -2.570394 -1.409466 0.000000
vt -2.570394 -1.532029 0.000000
vt -2.570394 -1.654591 0.000000
vt -2.570394 -1.777153 0.000000
vt -2.570394 -1.899715 0.000000
vt -2.570394 -2.022278 0.000000
vt -2.570394 -2.144840 0.000000
vt -2.570394 -2.267402 0.000000
vt -2.570394 -2.389965 0.000000
vt -2.570394 -2.512527 0.000000
vt -2.570394 -2.635089 0.000000
vt -2.570394 -2.757651 0.000000
vt -2.570394 -2.880214 0.000000
vt -2.570394 -3.002776 0.000000
vt -2.570394 -3.125338 0.000000
vt -2.570394 -3.247901 0.000000
vt -2.570394 -3.370463 0.000000
vt -2.570394 -3.493025 0.000000
vt -2.570394 -3.615587 0.000000
vt -2.570394 -3.738150 0.000000
vt -2.570394 -3.860712 0.000000
vt -2.570394 -3.983274 0.000000
vt -2.570394 -4.105837 0.000000
vt -2.570394 -4.228399 0.000000
vt -2.570394 -4.350961 0.000000
vt -2.570394 -4.473524 0.000000
vt -2.570394 -4.596086 0.000000
vt -2.570394 -4.718648 0.000000
vt -2.570394 -4.841210 0.000000
vt -2.570394 -4.963773 0.000000
vt -2.570394 -5.086335 0.000000
vt -2.570394 -5.208897 0.000000
vt -2.570394 -5.331460 0.000000
vt -2.741754 5.331460 0.000000
vt -2.741754 5.208897 0.000000
vt -2.741754 5.086335 0.000000
vt -2.741754 4.963773 0.000000
vt -2.741754 4.841210 0.000000
vt -2.741754 4.718648 0.000000
vt -2.741754 4.596086 0.000000
vt -2.741754 4.473524 0.000000
vt -2.741754 4.350961 0.000000
vt -2.741754 4.228399 0.000000
vt -2.741754 4.105837 0.000000
vt -2.741754 3.983274 0.000000
vt -2.741754 3.860712 0.000000
vt -2.741754 3.738150 0.000000
vt -2.741754 3.615587 0.000000
vt -2.741754 3.493025 0.000000
vt -2.741754 3.370463 0.000000
vt -2.741754 3.247901 0.000000
vt -2.741754 3.125338 0.000000
vt -2.741754 3.002776 0.000000
vt -2.741754 2.880214 0.000000
vt -2.741754 2.757651 0.000000
vt -2.741754 2.635089 0.000000
vt -2.741754 2.512527 0.000000
vt -2.741754 2.389965 0.000000
vt -2.741754 2.267402 0.000000
vt -2.741754 2.144840 0.000000
vt -2.741754 2.022278 0.000000
vt -2.741754 1.899715 0.000000
vt -2.741754 1.777153 0.000000
vt -2.741754 1.654591 0.000000
vt -2.741754 1.532029 0.000000
vt -2.741754 1.409466 0.000000
vt -2.741754 1.286904 0.000000
vt -2.741754 1.164342 0.000000
vt -2.741754 1.041779 0.000000
vt -2.741754 0.919217 0.000000
vt -2.741754 0.796655 0.000000
vt -2.741754 0.674093 0.000000
vt -2.741754 0.551530 0.000000
vt -2.741754 0.428968 0.000000
vt -2.741754 0.306406 0.000000
vt -2.741754 0.183843 0.000000
vt -2.741754 0.061281 0.000000
vt -2.741754 -0.061281 0.000000
vt -2.741754 -0.183843 0.000000
vt -2.741754 -0.306406 0.000000
vt -2.741754 -0.428968 0.000000
vt -2.741754 -0.551530 0.000000
vt -2.741754 -0.674093 0.000000
vt -2.741754 -0.796655 0.000000
vt -2.741754 -0.919217 0.000000
vt -2.741754 -1.041779 0.000000
vt -2.741754 -1.164342 0.000000
vt -2.741754 -1.286904 0.000000
vt -2.741754 -1.409466 0.000000
vt -2.741754 -1.532029 0.000000
vt -2.741754 -1.654591 0.000000
vt -2.741754 -1.777153 0.000000
vt -2.741754 -1.899715 0.000000
vt -2.741754 -2.022278 0.000000
vt -2.741754 -2.144840 0.000000
vt -2.741754 -2.267402 0.000000
vt -2.741754 -2.389965 0.000000
vt -2.741754 -2.512527 0.000000
vt -2.741754 -2.635089 0.000000
vt -2.741754 -2.757651 0.000000
vt -2.741754 -2.880214 0.000000
vt -2.741754 -3.002776 0.000000
vt -2.741754 -3.125338 0.000000
vt -2.741754 -3.247901 0.000000
vt -2.741754 -3.370463 0.000000
vt -2.741754 -3.493025 0.000000
vt -2.741754 -3.615587 0.000000
vt -2.741754 -3.738150 0.000000
vt -2.741754 -3.860712 0.000000
vt -2.741754 -3.983274 0.000000
vt -2.741754 -4.105837 0.000000
vt -2.741754 -4.228399 0.000000
vt -2.741754 -4.350961 0.000000
vt -2.741754 -4.473524 0.000000
vt -2.741754 -4.596086 0.000000
vt -2.741754 -4.718648 0.000000
vt -2.741754 -4.841210 0.000000
vt -2.741754 -4.963773 0.000000
vt -2.741754 -5.086335 0.000000
vt -2.741754 -5.208897 0.000000
vt -2.741754 -5.331460 0.000000
vt -2.913113 5.331460 0.000000
vt -2.913113 5.208897 0.000000
vt -2.913113 5.086335 0.000000
vt -2.913113 4.963773 0.000000
vt -2.913113 4.841210 0.000000
vt -2.913113 4.718648 0.000000
vt -2.913113 4.596086 0.000000
vt -2.913113 4.473524 0.000000
vt -2.913113 4.350961 0.000000
vt -2.913113 4.228399 0.000000
vt -2.913113 4.105837 0.000000
vt -2.913113 3.983274 0.000000
vt -2.913113 3.860712 0.000000
vt -2.913113 3.738150 0.000000
vt -2.913113 3.615587 0.000000
vt -2.913113 3.493025 0.000000
vt -2.913113 3.370463 0.000000
vt -2.913113 3.247901 0.000000
vt -2.913113 3.125338 0.000000
vt -2.913113 3.002776 0.000000
vt -2.913113 2.880214 0.000000
vt -2.913113 2.757651 0.000000
vt -2.913113 2.635089 0.000000
vt -2.913113 2.512527 0.000000
vt -2.913113 2.389965 0.000000
vt -2.913113 2.267402 0.000000
vt -2.913113 2.144840 0.000000
vt -2.913113 2.022278 0.000000
vt -2.913113 1.899715 0.000000
vt -2.913113 1.777153 0.000000
vt -2.913113 1.654591 0.000000
vt -2.913113 1.532029 0.000000
vt -2.913113 1.409466 0.000000
vt -2.913113 1.286904 0.000000
vt -2.913113 1.164342 0.000000
vt -2.913113 1.041779 0.000000
vt -2.913113 0.919217 0.000000
vt -2.913113 0.796655 0.000000
vt -2.913113 0.674093 0.000000
vt -2.913113 0.551530 0.000000
vt -2.913113 0.428968 0.000000
vt -2.913113 0.306406 0.000000
vt -2.913113 0.183843 0.000000
vt -2.913113 0.061281 0.000000
vt -2.913113 -0.061281 0.000000
vt -2.913113 -0.183843 0.000000
vt -2.913113 -0.306406 0.000000
vt -2.913113 -0.428968 0.000000
vt -2.913113 -0.551530 0.000000
vt -2.913113 -0.674093 0.000000
vt -2.913113 -0.796655 0.000000
vt -2.913113 -0.919217 0.000000
vt -2.913113 -1.041779 0.000000
vt -2.913113 -1.164342 0.000000
vt -2.913113 -1.286904 0.000000
vt -2.913113 -1.409466 0.000000
vt -2.913113 -1.532029 0.000000
vt -2.913113 -1.654591 0.000000
vt -2.913113 -1.777153 0.000000
vt -2.913113 -1.899715 0.000000
vt -2.913113 -2.022278 0.000000
vt -2.913113 -2.144840 0.000000
vt -2.913113 -2.267402 0.000000
vt -2.913113 -2.389965 0.000000
vt -2.913113 -2.512527 0.000000
vt -2.913113 -2.635089 0.000000
vt -2.913113 -2.757651 0.000000
vt -2.913113 -2.880214 0.000000
vt -2.913113 -3.002776 0.000000
vt -2.913113 -3.125338 0.000000
vt -2.913113 -3.247901 0.000000
vt -2.913113 -3.370463 0.000000
vt -2.913113 -3.493025 0.000000
vt -2.913113 -3.615587 0.000000
vt -2.913113 -3.738150 0.000000
vt -2.913113 -3.860712 0.000000
vt -2.913113 -3.983274 0.000000
vt -2.913113 -4.105837 0.000000
vt -2.913113 -4.228399 0.000000
vt -2.913113 -4.350961 0.000000
vt -2.913113 -4.473524 0.000000
vt -2.913113 -4.596086 0.000000
vt -2.913113 -4.718648 0.000000
vt -2.913113 -4.841210 0.000000
vt -2.913113 -4.963773 0.000000
vt -2.913113 -5.086335 0.000000
vt -2.913113 -5.208897 0.000000
vt -2.913113 -5.331460 0.000000
vt -3.084473 5.331460 0.000000
vt -3.084473 5.208897 0.000000
vt -3.084473 5.086335 0.000000
vt -3.084473 4.963773 0.000000
vt -3.084473 4.841210 0.000000
vt -3.084473 4.718648 0.000000
vt -3.084473 4.596086 0.000000
vt -3.084473 4.473524 0.000000
vt -3.084473 4.350961 0.000000
vt -3.084473 4.228399 0.000000
vt -3.084473 4.105837 0.000000
vt -3.084473 3.983274 0.000000
vt -3.084473 3.860712 0.000000
vt -3.084473 3.738150 0.000000
vt -3.084473 3.615587 0.000000
vt -3.084473 3.493025 0.000000
vt -3.084473 3.370463 0.000000
vt -3.084473 3.247901 0.000000
vt -3.084473 3.125338 0.000000
vt -3.084473 3.002776 0.000000
vt -3.084473 2.880214 0.000000
vt -3.084473 2.757651 0.000000
vt -3.084473 2.635089 0.000000
vt -3.084473 2.512527 0.000000
vt -3.084473 2.389965 0.000000
vt -3.084473 2.267402 0.000000
vt -3.084473 2.144840 0.000000
vt -3.084473 2.022278 0.000000
vt -3.084473 1.899715 0.000000
vt -3.084473 1.777153 0.000000
vt -3.084473 1.654591 0.000000
vt -3.084473 1.532029 0.000000
vt -3.084473 1.409466 0.000000
vt -3.084473 1.286904 0.000000
vt -3.084473 1.164342 0.000000
vt -3.084473 1.041779 0.000000
vt -3.084473 0.919217 0.000000
vt -3.084473 0.796655 0.000000
vt -3.084473 0.674093 0.000000
vt -3.084473 0.551530 0.000000
vt -3.084473 0.428968 0.000000
vt -3.084473 0.306406 0.000000
vt -3.084473 0.183843 0.000000
vt -3.084473 0.061281 0.000000
vt -3.084473 -0.061281 0.000000
vt -3.084473 -0.183843 0.000000
vt -3.084473 -0.306406 0.000000
vt -3.084473 -0.428968 0.000000
vt -3.084473 -0.551530 0.000000
vt -3.084473 -0.674093 0.000000
vt -3.084473 -0.796655 0.000000
vt -3.084473 -0.919217 0.000000
vt -3.084473 -1.041779 0.000000
vt -3.084473 -1.164342 0.000000
vt -3.084473 -1.286904 0.000000
vt -3.084473 -1.409466 0.000000
vt -3.084473 -1.532029 0.000000
vt -3.084473 -1.654591 0.000000
vt -3.084473 -1.777153 0.000000
vt -3.084473 -1.899715 0.000000
vt -3.084473 -2.022278 0.000000
vt -3.084473 -2.144840 0.000000
vt -3.084473 -2.267402 0.000000
vt -3.084473 -2.389965 0.000000
vt -3.084473 -2.512527 0.000000
vt -3.084473 -2.635089 0.000000
vt -3.084473 -2.757651 0.000000
vt -3.084473 -2.880214 0.000000
vt -3.084473 -3.002776 0.000000
vt -3.084473 -3.125338 0.000000
vt -3.084473 -3.247901 0.000000
vt -3.084473 -3.370463 0.000000
vt -3.084473 -3.493025 0.000000
vt -3.084473 -3.615587 0.000000
vt -3.084473 -3.738150 0.000000
vt -3.084473 -3.860712 0.000000
vt -3.084473 -3.983274 0.000000
vt -3.084473 -4.105837 0.000000
vt -3.084473 -4.228399 0.000000
vt -3.084473 -4.350961 0.000000
vt -3.084473 -4.473524 0.000000
vt -3.084473 -4.596086 0.000000
vt -3.084473 -4.718648 0.000000
vt -3.084473 -4.841210 0.000000
vt -3.084473 -4.963773 0.000000
vt -3.084473 -5.086335 0.000000
vt -3.084473 -5.208897 0.000000
vt -3.084473 -5.331460 0.000000
vt -3.255832 5.331460 0.000000
vt -3.255832 5.208897 0.000000
vt -3.255832 5.086335 0.000000
vt -3.255832 4.963773 0.000000
vt -3.255832 4.841210 0.000000
vt -3.255832 4.718648 0.000000
vt -3.255832 4.596086 0.000000
vt -3.255832 4.473524 0.000000
vt -3.255832 4.350961 0.000000
vt -3.255832 4.228399 0.000000
vt -3.255832 4.105837 0.000000
vt -3.255832 3.983274 0.000000
vt -3.255832 3.860712 0.000000
vt -3.255832 3.738150 0.000000
vt -3.255832 3.615587 0.000000
vt -3.255832 3.493025 0.000000
vt -3.255832 3.370463 0.000000
vt -3.255832 3.247901 0.000000
vt -3.255832 3.125338 0.000000
vt -3.255832 3.002776 0.000000
vt -3.255832 2.880214 0.000000
vt -3.255832 2.757651 0.000000
vt -3.255832 2.635089 0.000000
vt -3.255832 2.512527 0.000000
vt -3.255832 2.389965 0.000000
vt -3.255832 2.267402 0.000000
vt -3.255832 2.144840 0.000000
vt -3.255832 2.022278 0.000000
vt -3.255832 1.899715 0.000000
vt -3.255832 1.777153 0.000000
vt -3.255832 1.654591 0.000000
vt -3.255832 1.532029 0.000000
vt -3.255832 1.409466 0.000000
vt -3.255832 1.286904 0.000000
vt -3.255832 1.164342 0.000000
vt -3.255832 1.041779 0.000000
vt -3.255832 0.919217 0.000000
vt -3.255832 0.796655 0.000000
vt -3.255832 0.674093 0.000000
vt -3.255832 0.551530 0.000000
vt -3.255832 0.428968 0.000000
vt -3.255832 0.306406 0.000000
vt -3.255832 0.183843 0.000000
vt -3.255832 0.061281 0.000000
vt -3.255832 -0.061281 0.000000
vt -3.255832 -0.183843 0.000000
vt -3.255832 -0.306406 0.000000
vt -3.255832 -0.428968 0.000000
vt -3.255832 -0.551530 0.000000
vt -3.255832 -0.674093 0.000000
vt -3.255832 -0.796655 0.000000
vt -3.255832 -0.919217 0.000000
vt -3.255832 -1.041779 0.000000
vt -3.255832 -1.164342 0.000000
vt -3.255832 -1.286904 0.000000
vt -3.255832 -1.409466 0.000000
vt -3.255832 -1.532029 0.000000
vt -3.255832 -1.654591 0.000000
vt -3.255832 -1.777153 0.000000
vt -3.255832 -1.899715 0.000000
vt -3.255832 -2.022278 0.000000
vt -3.255832 -2.144840 0.000000
vt -3.255832 -2.267402 0.000000
vt -3.255832 -2.389965 0.000000
vt -3.255832 -2.512527 0.000000
vt -3.255832 -2.635089 0.000000
vt -3.255832 -2.757651 0.000000
vt -3.255832 -2.880214 0.000000
vt -3.255832 -3.002776 0.000000
vt -3.255832 -3.125338 0.000000
vt -3.255832 -3.247901 0.000000
vt -3.255832 -3.370463 0.000000
vt -3.255832 -3.493025 0.000000
vt -3.255832 -3.615587 0.000000
vt -3.255832 -3.738150 0.000000
vt -3.255832 -3.860712 0.000000
vt -3.255832 -3.983274 0.000000
vt -3.255832 -4.105837 0.000000
vt -3.255832 -4.228399 0.000000
vt -3.255832 -4.350961 0.000000
vt -3.255832 -4.473524 0.000000
vt -3.255832 -4.596086 0.000000
vt -3.255832 -4.718648 0.000000
vt -3.255832 -4.841210 0.000000
vt -3.255832 -4.963773 0.000000
vt -3.255832 -5.086335 0.000000
vt -3.255832 -5.208897 0.000000
vt -3.255832 -5.331460 0.000000
vt -3.427192 5.331460 0.000000
vt -3.427192 5.208897 0.000000
vt -3.427192 5.086335 0.000000
vt -3.427192 4.963773 0.000000
vt -3.427192 4.841210 0.000000
vt -3.427192 4.718648 0.000000
vt -3.427192 4.596086 0.000000
vt -3.427192 4.473524 0.000000
vt -3.427192 4.350961 0.000000
vt -3.427192 4.228399 0.000000
vt -3.427192 4.105837 0.000000
vt -3.427192 3.983274 0.000000
vt -3.427192 3.860712 0.000000
vt -3.427192 3.738150 0.000000
vt -3.427192 3.615587 0.000000
vt -3.427192 3.493025 0.000000
vt -3.427192 3.370463 0.000000
vt -3.427192 3.247901 0.000000
vt -3.427192 3.125338 0.000000
vt -3.427192 3.002776 0.000000
vt -3.427192 2.880214 0.000000
vt -3.427192 2.757651 0.000000
vt -3.427192 2.635089 0.000000
vt -3.427192 2.512527 0.000000
vt -3.427192 2.389965 0.000000
vt -3.427192 2.267402 0.000000
vt -3.427192 2.144840 0.000000
vt -3.427192 2.022278 0.000000
vt -3.427192 1.899715 0.000000
vt -3.427192 1.777153 0.000000
vt -3.427192 1.654591 0.000000
vt -3.427192 1.532029 0.000000
vt -3.427192 1.409466 0.000000
vt -3.427192 1.286904 0.000000
vt -3.427192 1.164342 0.000000
vt -3.427192 1.041779 0.000000
vt -3.427192 0.919217 0.000000
vt -3.427192 0.796655 0.000000
vt -3.427192 0.674093 0.000000
vt -3.427192 0.551530 0.000000
vt -3.427192 0.428968 0.000000
vt -3.427192 0.306406 0.000000
vt -3.427192 0.183843 0.000000
vt -3.427192 0.061281 0.000000
vt -3.427192 -0.061281 0.000000
vt -3.427192 -0.183843 0.000000
vt -3.427192 -0.306406 0.000000
vt -3.427192 -0.428968 0.000000
vt -3.427192 -0.551530 0.000000
vt -3.427192 -0.674093 0.000000
vt -3.427192 -0.796655 0.000000
vt -3.427192 -0.919217 0.000000
vt -3.427192 -1.041779 0.000000
vt -3.427192 -1.164342 0.000000
vt -3.427192 -1.286904 0.000000
vt -3.427192 -1.409466 0.000000
vt -3.427192 -1.532029 0.000000
vt -3.427192 -1.654591 0.000000
vt -3.427192 -1.777153 0.000000
vt -3.427192 -1.899715 0.000000
vt -3.427192 -2.022278 0.000000
vt -3.427192 -2.144840 0.000000
vt -3.427192 -2.267402 0.000000
vt -3.427192 -2.389965 0.000000
vt -3.427192 -2.512527 0.000000
vt -3.427192 -2.635089 0.000000
vt -3.427192 -2.757651 0.000000
vt -3.427192 -2.880214 0.000000
vt -3.427192 -3.002776 0.000000
vt -3.427192 -3.125338 0.000000
vt -3.427192 -3.247901 0.000000
vt -3.427192 -3.370463 0.000000
vt -3.427192 -3.493025 0.000000
vt -3.427192 -3.615587 0.000000
vt -3.427192 -3.738150 0.000000
vt -3.427192 -3.860712 0.000000
vt -3.427192 -3.983274 0.000000
vt -3.427192 -4.105837 0.000000
vt -3.427192 -4.228399 0.000000
vt -3.427192 -4.350961 0.000000
vt -3.427192 -4.473524 0.000000
vt -3.427192 -4.596086 0.000000
vt -3.427192 -4.718648 0.000000
vt -3.427192 -4.841210 0.000000
vt -3.427192 -4.963773 0.000000
vt -3.427192 -5.086335 0.000000
vt -3.427192 -5.208897 0.000000
vt -3.427192 -5.331460 0.000000
vt -3.769911 -1.777153 0.000000
vt -3.769911 1.777153 0.000000
vt -0.000000 -7.366493 0.000000
vt -2.400000 -7.366493 0.000000
vt -0.000000 -7.539822 0.000000
vt -2.400000 -7.539822 0.000000
vt -0.000000 7.539822 0.000000
vt -2.400000 7.539822 0.000000
vt -0.000000 7.366493 0.000000
vt -2.400000 7.366493 0.000000
vt -0.000000 7.193164 0.000000
vt -2.400000 7.193164 0.000000
vt -0.000000 7.019835 0.000000
vt -2.400000 7.019835 0.000000
vt -0.000000 6.846505 0.000000
vt -2.400000 6.846505 0.000000
vt -0.000000 6.673176 0.000000
vt -2.400000 6.673176 0.000000
vt -0.000000 6.499847 0.000000
vt -2.400000 6.499847 0.000000
vt -0.000000 6.326518 0.000000
vt -2.400000 6.326518 0.000000
vt -0.000000 6.153188 0.000000
vt -2.400000 6.153188 0.000000
vt -0.000000 5.979859 0.000000
vt -2.400000 5.979859 0.000000
vt -0.000000 5.806530 0.000000
vt -2.400000 5.806530 0.000000
vt -0.000000 5.633201 0.000000
vt -2.400000 5.633201 0.000000
vt -0.000000 5.459871 0.000000
vt -2.400000 5.459871 0.000000
vt -0.000000 5.286542 0.000000
vt -2.400000 5.286542 0.000000
vt -0.000000 5.113213 0.000000
vt -2.400000 5.113213 0.000000
vt -0.000000 4.939884 0.000000
vt -2.400000 4.939884 0.000000
vt -0.000000 4.766554 0.000000
vt -2.400000 4.766554 0.000000
vt -0.000000 4.593225 0.000000
vt -2.400000 4.593225 0.000000
vt -0.000000 4.419896 0.000000
vt -2.400000 4.419896 0.000000
vt -0.000000 4.246567 0.000000
vt -2.400000 4.246567 0.000000
vt -0.000000 4.073237 0.000000
vt -2.400000 4.073237 0.000000
vt -0.000000 3.899908 0.000000
vt -2.400000 3.899908 0.000000
vt -0.000000 3.726579 0.000000
vt -2.400000 3.726579 0.000000
vt -0.000000 3.553250 0.000000
vt -2.400000 3.553250 0.000000
vt -0.000000 3.379920 0.000000
vt -2.400000 3.379920 0.000000
vt -0.000000 3.206591 0.000000
vt -2.400000 3.206591 0.000000
vt -0.000000 3.033262 0.000000
vt -2.400000 3.033262 0.000000
vt -0.000000 2.859933 0.000000
vt -2.400000 2.859933 0.000000
vt -0.000000 2.686603 0.000000
vt -2.400000 2.686603 0.000000
vt -0.000000 2.513274 0.000000
vt -2.400000 2.513274 0.000000
vt -0.000000 2.339945 0.000000
vt -2.400000 2.339945 0.000000
vt -0.000000 2.166616 0.000000
vt -2.400000 2.166616 0.000000
vt -0.000000 1.993286 0.000000
vt -2.400000 1.993286 0.000000
vt -0.000000 1.819957 0.000000
vt -2.400000 1.819957 0.000000
vt -0.000000 1.646628 0.000000
vt -2.400000 1.646628 0.000000
vt -0.000000 1.473299 0.000000
vt -2.400000 1.473299 0.000000
vt -0.000000 1.299969 0.000000
vt -2.400000 1.299969 0.000000
vt -0.000000 1.126640 0.000000
vt -2.400000 1.126640 0.000000
vt -0.000000 0.953311 0.000000
vt -2.400000 0.953311 0.000000
vt -0.000000 0.779982 0.000000
vt -2.400000 0.779982 0.000000
vt -0.000000 0.606652 0.000000
vt -2.400000 0.606652 0.000000
vt -0.000000 0.433323 0.000000
vt -2.400000 0.433323 0.000000
vt -0.000000 0.259994 0.000000
vt -2.400000 0.259994 0.000000
vt -0.000000 0.086665 0.000000
vt -2.400000 0.086665 0.000000
vt -0.000000 -0.086665 0.000000
vt -2.400000 -0.086665 0.000000
vt -0.000000 -0.259994 0.000000
vt -2.400000 -0.259994 0.000000
vt -0.000000 -0.433323 0.000000
vt -2.400000 -0.433323 0.000000
vt -0.000000 -0.606652 0.000000
vt -2.400000 -0.606652 0.000000
vt -0.000000 -0.779982 0.000000
vt -2.400000 -0.779982 0.000000
vt -0.000000 -0.953311 0.000000
vt -2.400000 -0.953311 0.000000
vt -0.000000 -1.126640 0.000000
vt -2.400000 -1.126640 0.000000
vt -0.000000 -1.299969 0.000000
vt -2.400000 -1.299969 0.000000
vt -0.000000 -1.473299 0.000000
vt -2.400000 -1.473299 0.000000
vt -0.000000 -1.646628 0.000000
vt -2.400000 -1.646628 0.000000
vt -0.000000 -1.819957 0.000000
vt -2.400000 -1.819957 0.000000
vt -0.000000 -1.993286 0.000000
vt -2.400000 -1.993286 0.000000
vt -0.000000 -2.166616 0.000000
vt -2.400000 -2.166616 0.000000
vt -0.000000 -2.339945 0.000000
vt -2.400000 -2.339945 0.000000
vt -0.000000 -2.513274 0.000000
vt -2.400000 -2.513274 0.000000
vt -0.000000 -2.686603 0.000000
vt -2.400000 -2.686603 0.000000
vt -0.000000 -2.859933 0.000000
vt -2.400000 -2.859933 0.000000
vt -0.000000 -3.033262 0.000000
vt -2.400000 -3.033262 0.000000
vt -0.000000 -3.206591 0.000000
vt -2.400000 -3.206591 0.000000
vt -0.000000 -3.379920 0.000000
vt -2.400000 -3.379920 0.000000
vt -0.000000 -3.553250 0.000000
vt -2.400000 -3.553250 0.000000
vt -0.000000 -3.726579 0.000000
vt -2.400000 -3.726579 0.000000
vt -0.000000 -3.899908 0.000000
vt -2.400000 -3.899908 0.000000
vt -0.000000 -4.073237 0.000000
vt -2.400000 -4.073237 0.000000
vt -0.000000 -4.246567 0.000000
vt -2.400000 -4.246567 0.000000
vt -0.000000 -4.419896 0.000000
vt -2.400000 -4.419896 0.000000
vt -0.000000 -4.593225 0.000000
vt -2.400000 -4.593225 0.000000
vt -0.000000 -4.766554 0.000000
vt -2.400000 -4.766554 0.000000
vt -0.000000 -4.939884 0.000000
vt -2.400000 -4.939884 0.000000
vt -0.000000 -5.113213 0.000000
vt -2.400000 -5.113213 0.000000
vt -0.000000 -5.286542 0.000000
vt -2.400000 -5.286542 0.000000
vt -0.000000 -5.459871 0.000000
vt -2.400000 -5.459871 0.000000
vt -0.000000 -5.633201 0.000000
vt -2.400000 -5.633201 0.000000
vt -0.000000 -5.806530 0.000000
vt -2.400000 -5.806530 0.000000
vt -0.000000 -5.979859 0.000000
vt -2.400000 -5.979859 0.000000
vt -0.000000 -6.153188 0.000000
vt -2.400000 -6.153188 0.000000
vt -0.000000 -6.326518 0.000000
vt -2.400000 -6.326518 0.000000
vt -0.000000 -6.499847 0.000000
vt -2.400000 -6.499847 0.000000
vt -0.000000 -6.673176 0.000000
vt -2.400000 -6.673176 0.000000
vt -0.000000 -6.846505 0.000000
vt -2.400000 -6.846505 0.000000
vt -0.000000 -7.019835 0.000000
vt -2.400000 -7.019835 0.000000
vt -0.000000 -7.193164 0.000000
vt -2.400000 -7.193164 0.000000
vt -4.800000 7.366493 0.000000
vt -4.800000 7.539822 0.000000
vt -4.800000 -7.539822 0.000000
vt -4.800000 -7.366493 0.000000
vt -4.800000 -7.193164 0.000000
vt -4.800000 -7.019835 0.000000
vt -4.800000 -6.846505 0.000000
vt -4.800000 -6.673176 0.000000
vt -4.800000 -6.499847 0.000000
vt -4.800000 -6.326518 0.000000
vt -4.800000 -6.153188 0.000000
vt -4.800000 -5.979859 0.000000
vt -4.800000 -5.806530 0.000000
vt -4.800000 -5.633201 0.000000
vt -4.800000 -5.459871 0.000000
vt -4.800000 -5.286542 0.000000
vt -4.800000 -5.113213 0.000000
vt -4.800000 -4.939884 0.000000
vt -4.800000 -4.766554 0.000000
vt -4.800000 -4.593225 0.000000
vt -4.800000 -4.419896 0.000000
vt -4.800000 -4.246567 0.000000
vt -4.800000 -4.073237 0.000000
vt -4.800000 -3.899908 0.000000
vt -4.800000 -3.726579 0.000000
vt -4.800000 -3.553250 0.000000
vt -4.800000 -3.379920 0.000000
vt -4.800000 -3.206591 0.000000
vt -4.800000 -3.033262 0.000000
vt -4.800000 -2.859933 0.000000
vt -4.800000 -2.686603 0.000000
vt -4.800000 -2.513274 0.000000
vt -4.800000 -2.339945 0.000000
vt -4.800000 -2.166616 0.000000
vt -4.800000 -1.993286 0.000000
vt -4.800000 -1.819957 0.000000
vt -4.800000 -1.646628 0.000000
vt -4.800000 -1.473299 0.000000
vt -4.800000 -1.299969 0.000000
vt -4.800000 -1.126640 0.000000
vt -4.800000 -0.953311 0.000000
vt -4.800000 -0.779982 0.000000
vt -4.800000 -0.606652 0.000000
vt -4.800000 -0.433323 0.000000
vt -4.800000 -0.259994 0.000000
vt -4.800000 -0.086665 0.000000
vt -4.800000 0.086665 0.000000
vt -4.800000 0.259994 0.000000
vt -4.800000 0.433323 0.000000
vt -4.800000 0.606652 0.000000
vt -4.800000 0.779982 0.000000
vt -4.800000 0.953311 0.000000
vt -4.800000 1.126640 0.000000
vt -4.800000 1.299969 0.000000
vt -4.800000 1.473299 0.000000
vt -4.800000 1.646628 0.000000
vt -4.800000 1.819957 0.000000
vt -4.800000 1.993286 0.000000
vt -4.800000 2.166616 0.000000
vt -4.800000 2.339945 0.000000
vt -4.800000 2.513274 0.000000
vt -4.800000 2.686603 0.000000
vt -4.800000 2.859933 0.000000
vt -4.800000 3.033262 0.000000
vt -4.800000 3.206591 0.000000
vt -4.800000 3.379920 0.000000
vt -4.800000 3.553250 0.000000
vt -4.800000 3.726579 0.000000
vt -4.800000 3.899908 0.000000
vt -4.800000 4.073237 0.000000
vt -4.800000 4.246567 0.000000
vt -4.800000 4.419896 0.000000
vt -4.800000 4.593225 0.000000
vt -4.800000 4.766554 0.000000
vt -4.800000 4.939884 0.000000
vt -4.800000 5.113213 0.000000
vt -4.800000 5.286542 0.000000
vt -4.800000 5.459871 0.000000
vt -4.800000 5.633201 0.000000
vt -4.800000 5.806530 0.000000
vt -4.800000 5.979859 0.000000
vt -4.800000 6.153188 0.000000
vt -4.800000 6.326518 0.000000
vt -4.800000 6.499847 0.000000
vt -4.800000 6.673176 0.000000
vt -4.800000 6.846505 0.000000
vt -4.800000 7.019835 0.000000
vt -4.800000 7.193164 0.000000
vt 2.393744 0.173179 0.000000
vt -2.398435 0.086646 0.000000
vt 2.400000 -0.000000 0.000000
vt -2.398435 -0.086646 0.000000
vt 2.393744 -0.173179 0.000000
vt -2.385931 -0.259486 0.000000
vt 2.375008 -0.345454 0.000000
vt -2.360988 -0.430973 0.000000
vt 2.343889 -0.515929 0.000000
vt -2.323735 -0.600213 0.000000
vt 2.300551 -0.683714 0.000000
vt -2.274368 -0.766324 0.000000
vt 2.245219 -0.847934 0.000000
vt -2.213143 -0.928439 0.000000
vt 2.178181 -1.007734 0.000000
vt -2.140379 -1.085714 0.000000
vt 2.099787 -1.162280 0.000000
vt -2.056457 -1.237329 0.000000
vt 2.010446 -1.310766 0.000000
vt -1.961814 -1.382493 0.000000
vt 1.910623 -1.452418 0.000000
vt -1.856942 -1.520449 0.000000
vt 1.800840 -1.586498 0.000000
vt -1.742389 -1.650479 0.000000
vt 1.681667 -1.712307 0.000000
vt -1.618752 -1.771903 0.000000
vt 1.553727 -1.829189 0.000000
vt -1.486676 -1.884090 0.000000
vt 1.417687 -1.936534 0.000000
vt -1.346849 -1.986454 0.000000
vt 1.274255 -2.033783 0.000000
vt -1.200000 -2.078461 0.000000
vt 1.124180 -2.120429 0.000000
vt -1.046895 -2.159632 0.000000
vt 0.968244 -2.196020 0.000000
vt -0.888332 -2.229544 0.000000
vt 0.807261 -2.260162 0.000000
vt -0.725137 -2.287832 0.000000
vt 0.642068 -2.312520 0.000000
vt -0.558162 -2.334193 0.000000
vt 0.473528 -2.352822 0.000000
vt -0.388277 -2.368384 0.000000
vt 0.302519 -2.380857 0.000000
vt -0.216367 -2.390227 0.000000
vt 0.129933 -2.396480 0.000000
vt -0.043330 -2.399609 0.000000
vt -2.385931 0.259486 0.000000
vt 2.375008 0.345454 0.000000
vt -2.360988 0.430973 0.000000
vt 2.343889 0.515929 0.000000
vt -2.323735 0.600213 0.000000
vt -2.274368 0.766324 0.000000
vt -2.213143 0.928439 0.000000
vt -2.140379 1.085714 0.000000
vt -2.056457 1.237329 0.000000
vt -1.961814 1.382493 0.000000
vt -1.856942 1.520449 0.000000
vt -1.742389 1.650479 0.000000
vt -1.618752 1.771903 0.000000
vt -1.486676 1.884090 0.000000
vt -1.346849 1.986454 0.000000
vt -1.200000 2.078461 0.000000
vt -1.046895 2.159632 0.000000
vt -0.888332 2.229544 0.000000
vt -0.725137 2.287832 0.000000
vt -0.558162 2.334193 0.000000
vt -0.388277 2.368384 0.000000
vt -0.216367 2.390227 0.000000
vt -0.043330 2.399609 0.000000
vt 0.129933 2.396480 0.000000
vt 0.302519 2.380857 0.000000
vt 0.473528 2.352822 0.000000
vt 0.642068 2.312520 0.000000
vt 0.807261 2.260162 0.000000
vt 0.968244 2.196020 0.000000
vt 1.124180 2.120429 0.000000
vt 1.274255 2.033783 0.000000
vt 1.417687 1.936534 0.000000
vt 1.553727 1.829189 0.000000
vt 1.681667 1.712307 0.000000
vt 1.800840 1.586498 0.000000
vt 1.910623 1.452418 0.000000
vt 2.010446 1.310766 0.000000
vt 2.099787 1.162280 0.000000
vt 2.178181 1.007734 0.000000
vt 2.245219 0.847934 0.000000
vt 2.300551 0.683714 0.000000
vn -0.099739 -0.007216 0.000000
vn -0.099485 -0.007197 0.007134
vn -0.100000 -0.000000 0.000000
vn -0.099745 -0.000000 0.007134
vn -0.099739 0.007216 0.000000
vn -0.099485 0.007197 0.007134
vn -0.098959 0.014394 0.000000
vn -0.098707 0.014357 0.007134
vn -0.097662 0.021497 0.000000
vn -0.097413 0.021442 0.007134
vn -0.095856 0.028488 0.000000
vn -0.095612 0.028415 0.007134
vn -0.093551 0.035331 0.000000
vn -0.093312 0.035241 0.007134
vn -0.090758 0.041989 0.000000
vn -0.090526 0.041882 0.007134
vn -0.087491 0.048428 0.000000
vn -0.087268 0.048305 0.007134
vn -0.083769 0.054615 0.000000
vn -0.083555 0.054476 0.007134
vn -0.079609 0.060517 0.000000
vn -0.079406 0.060363 0.007134
vn -0.075035 0.066104 0.000000
vn -0.074844 0.065936 0.007134
vn -0.070069 0.071346 0.000000
vn -0.069891 0.071164 0.007134
vn -0.064739 0.076216 0.000000
vn -0.064574 0.076022 0.007134
vn -0.059070 0.080689 0.000000
vn -0.058920 0.080483 0.007134
vn -0.053094 0.084741 0.000000
vn -0.052959 0.084525 0.007134
vn -0.046841 0.088351 0.000000
vn -0.046721 0.088126 0.007134
vn -0.040344 0.091501 0.000000
vn -0.040241 0.091268 0.007134
vn -0.033636 0.094173 0.000000
vn -0.033550 0.093933 0.007134
vn -0.026753 0.096355 0.000000
vn -0.026685 0.096109 0.007134
vn -0.019730 0.098034 0.000000
vn -0.019680 0.097784 0.007134
vn -0.012605 0.099202 0.000000
vn -0.012573 0.098950 0.007134
vn -0.005414 0.099853 0.000000
vn -0.005400 0.099599 0.007134
vn 0.001805 0.099984 0.000000
vn 0.001801 0.099729 0.007134
vn 0.009015 0.099593 0.000000
vn 0.008992 0.099339 0.007134
vn 0.016178 0.098683 0.000000
vn 0.016137 0.098431 0.007134
vn 0.023257 0.097258 0.000000
vn 0.023197 0.097010 0.007134
vn 0.030214 0.095326 0.000000
vn 0.030137 0.095083 0.007134
vn 0.037014 0.092898 0.000000
vn 0.036920 0.092661 0.007134
vn 0.043621 0.089985 0.000000
vn 0.043509 0.089755 0.007134
vn 0.050000 0.086603 0.000000
vn 0.049873 0.086382 0.007134
vn 0.056119 0.082769 0.000000
vn 0.055976 0.082558 0.007134
vn 0.061945 0.078504 0.000000
vn 0.061787 0.078304 0.007134
vn 0.067448 0.073829 0.000000
vn 0.067276 0.073641 0.007134
vn 0.072600 0.068770 0.000000
vn 0.072415 0.068595 0.007134
vn 0.077373 0.063352 0.000000
vn 0.077175 0.063191 0.007134
vn 0.081742 0.057604 0.000000
vn 0.081534 0.057457 0.007134
vn 0.085686 0.051555 0.000000
vn 0.085467 0.051424 0.007134
vn 0.089182 0.045238 0.000000
vn 0.088955 0.045123 0.007134
vn 0.092214 0.038685 0.000000
vn 0.091979 0.038586 0.007134
vn 0.094765 0.031930 0.000000
vn 0.094524 0.031849 0.007134
vn 0.096822 0.025009 0.000000
vn 0.096576 0.024945 0.007134
vn 0.098374 0.017957 0.000000
vn 0.098124 0.017911 0.007134
vn 0.099414 0.010812 0.000000
vn 0.099161 0.010784 0.007134
vn 0.099935 0.003610 0.000000
vn 0.099680 0.003601 0.007134
vn 0.099935 -0.003610 0.000000
vn 0.099680 -0.003601 0.007134
vn 0.099414 -0.010812 0.000000
vn 0.099161 -0.010784 0.007134
vn 0.098374 -0.017957 0.000000
vn 0.098124 -0.017911 0.007134
vn 0.096822 -0.025009 0.000000
vn 0.096576 -0.024945 0.007134
vn 0.094765 -0.031930 0.000000
vn 0.094524 -0.031849 0.007134
vn 0.092214 -0.038685 0.000000
vn 0.091979 -0.038586 0.007134
vn 0.089182 -0.045238 0.000000
vn 0.088955 -0.045123 0.007134
vn 0.085686 -0.051555 0.000000
vn 0.085467 -0.051424 0.007134
vn 0.081742 -0.057604 0.000000
vn 0.081534 -0.057457 0.007134
vn 0.077373 -0.063352 0.000000
vn 0.077175 -0.063191 0.007134
vn 0.072600 -0.068770 0.000000
vn 0.072415 -0.068595 0.007134
vn 0.067448 -0.073829 0.000000
vn 0.067276 -0.073641 0.007134
vn 0.061945 -0.078504 0.000000
vn 0.061787 -0.078304 0.007134
vn 0.056119 -0.082769 0.000000
vn 0.055976 -0.082558 0.007134
vn 0.050000 -0.086603 0.000000
vn 0.049873 -0.086382 0.007134
vn 0.043621 -0.089985 0.000000
vn 0.043509 -0.089755 0.007134
vn 0.037014 -0.092898 0.000000
vn 0.036920 -0.092661 0.007134
vn 0.030214 -0.095326 0.000000
vn 0.030137 -0.095083 0.007134
vn 0.023257 -0.097258 0.000000
vn 0.023197 -0.097010 0.007134
vn 0.016178 -0.098683 0.000000
vn 0.016137 -0.098431 0.007134
vn 0.009015 -0.099593 0.000000
vn 0.008992 -0.099339 0.007134
vn 0.001805 -0.099984 0.000000
vn 0.001801 -0.099729 0.007134
vn -0.005414 -0.099853 0.000000
vn -0.005400 -0.099599 0.007134
vn -0.012605 -0.099202 0.000000
vn -0.012573 -0.098950 0.007134
vn -0.019730 -0.098034 0.000000
vn -0.019680 -0.097784 0.007134
vn -0.026753 -0.096355 0.000000
vn -0.026685 -0.096109 0.007134
vn -0.033636 -0.094173 0.000000
vn -0.033550 -0.093933 0.007134
vn -0.040344 -0.091501 0.000000
vn -0.040241 -0.091268 0.007134
vn -0.046841 -0.088351 0.000000
vn -0.046721 -0.088126 0.007134
vn -0.053094 -0.084741 0.000000
vn -0.052959 -0.084525 0.007134
vn -0.059070 -0.080689 0.000000
vn -0.058920 -0.080483 0.007134
vn -0.064739 -0.076216 0.000000
vn -0.064574 -0.076022 0.007134
vn -0.070069 -0.071346 0.000000
vn -0.069891 -0.071164 0.007134
vn -0.075035 -0.066104 0.000000
vn -0.074844 -0.065936 0.007134
vn -0.079609 -0.060517 0.000000
vn -0.079406 -0.060363 0.007134
vn -0.083769 -0.054615 0.000000
vn -0.083555 -0.054476 0.007134
vn -0.087491 -0.048428 0.000000
vn -0.087268 -0.048305 0.007134
vn -0.090758 -0.041989 0.000000
vn -0.090526 -0.041882 0.007134
vn -0.093551 -0.035331 0.000000
vn -0.093312 -0.035241 0.007134
vn -0.095856 -0.028488 0.000000
vn -0.095612 -0.028415 0.007134
vn -0.097662 -0.021497 0.000000
vn -0.097413 -0.021442 0.007134
vn -0.098959 -0.014394 0.000000
vn -0.098707 -0.014357 0.007134
vn -0.007134 0.000000 0.099745
vn -0.000000 0.000000 0.100000
vn -0.007115 0.000515 0.099745
vn -0.007060 0.001027 0.099745
vn -0.006967 0.001534 0.099745
vn -0.006838 0.002032 0.099745
vn -0.006674 0.002520 0.099745
vn -0.006475 0.002995 0.099745
vn -0.006242 0.003455 0.099745
vn -0.005976 0.003896 0.099745
vn -0.005679 0.004317 0.099745
vn -0.005353 0.004716 0.099745
vn -0.004999 0.005090 0.099745
vn -0.004618 0.005437 0.099745
vn -0.004214 0.005756 0.099745
vn -0.003788 0.006045 0.099745
vn -0.003342 0.006303 0.099745
vn -0.002878 0.006528 0.099745
vn -0.002400 0.006718 0.099745
vn -0.001909 0.006874 0.099745
vn -0.001408 0.006994 0.099745
vn -0.000899 0.007077 0.099745
vn -0.000386 0.007123 0.099745
vn 0.000129 0.007133 0.099745
vn 0.000643 0.007105 0.099745
vn 0.001154 0.007040 0.099745
vn 0.001659 0.006938 0.099745
vn 0.002155 0.006801 0.099745
vn 0.002641 0.006627 0.099745
vn 0.003112 0.006419 0.099745
vn 0.003567 0.006178 0.099745
vn 0.004003 0.005905 0.099745
vn 0.004419 0.005600 0.099745
vn 0.004812 0.005267 0.099745
vn 0.005179 0.004906 0.099745
vn 0.005520 0.004519 0.099745
vn 0.005831 0.004109 0.099745
vn 0.006113 0.003678 0.099745
vn 0.006362 0.003227 0.099745
vn 0.006578 0.002760 0.099745
vn 0.006760 0.002278 0.099745
vn 0.006907 0.001784 0.099745
vn 0.007018 0.001281 0.099745
vn 0.007092 0.000771 0.099745
vn 0.007129 0.000258 0.099745
vn 0.007129 -0.000258 0.099745
vn 0.007092 -0.000771 0.099745
vn 0.007018 -0.001281 0.099745
vn 0.006907 -0.001784 0.099745
vn 0.006760 -0.002278 0.099745
vn 0.006578 -0.002760 0.099745
vn 0.006362 -0.003227 0.099745
vn 0.006113 -0.003678 0.099745
vn 0.005831 -0.004109 0.099745
vn 0.005520 -0.004519 0.099745
vn 0.005179 -0.004906 0.099745
vn 0.004812 -0.005267 0.099745
vn 0.004419 -0.005600 0.099745
vn 0.004003 -0.005905 0.099745
vn 0.003567 -0.006178 0.099745
vn 0.003112 -0.006419 0.099745
vn 0.002641 -0.006627 0.099745
vn 0.002155 -0.006801 0.099745
vn 0.001659 -0.006938 0.099745
vn 0.001154 -0.007040 0.099745
vn 0.000643 -0.007105 0.099745
vn 0.000129 -0.007133 0.099745
vn -0.000386 -0.007123 0.099745
vn -0.000899 -0.007077 0.099745
vn -0.001408 -0.006994 0.099745
vn -0.001909 -0.006874 0.099745
vn -0.002400 -0.006718 0.099745
vn -0.002878 -0.006528 0.099745
vn -0.003342 -0.006303 0.099745
vn -0.003788 -0.006045 0.099745
vn -0.004214 -0.005756 0.099745
vn -0.004618 -0.005437 0.099745
vn -0.004999 -0.005090 0.099745
vn -0.005353 -0.004716 0.099745
vn -0.005679 -0.004317 0.099745
vn -0.005976 -0.003896 0.099745
vn -0.006242 -0.003455 0.099745
vn -0.006475 -0.002995 0.099745
vn -0.006674 -0.002520 0.099745
vn -0.006838 -0.002032 0.099745
vn -0.006967 -0.001534 0.099745
vn -0.007060 -0.001027 0.099745
vn -0.007115 -0.000515 0.099745
vn -0.098982 0.000000 0.014231
vn -0.098724 0.007142 0.014231
vn -0.097951 0.014247 0.014231
vn -0.096668 0.021278 0.014231
vn -0.094881 0.028198 0.014231
vn -0.092599 0.034971 0.014231
vn -0.089834 0.041562 0.014231
vn -0.086601 0.047935 0.014231
vn -0.082916 0.054059 0.014231
vn -0.078799 0.059901 0.014231
vn -0.074271 0.065431 0.014231
vn -0.069356 0.070620 0.014231
vn -0.064080 0.075440 0.014231
vn -0.058469 0.079868 0.014231
vn -0.052554 0.083878 0.014231
vn -0.046364 0.087452 0.014231
vn -0.039933 0.090569 0.014231
vn -0.033293 0.093215 0.014231
vn -0.026481 0.095374 0.014231
vn -0.019530 0.097036 0.014231
vn -0.012477 0.098193 0.014231
vn -0.005359 0.098837 0.014231
vn 0.001787 0.098966 0.014231
vn 0.008924 0.098579 0.014231
vn 0.016014 0.097678 0.014231
vn 0.023020 0.096268 0.014231
vn 0.029907 0.094356 0.014231
vn 0.036637 0.091952 0.014231
vn 0.043177 0.089069 0.014231
vn 0.049491 0.085721 0.014231
vn 0.055547 0.081926 0.014231
vn 0.061314 0.077705 0.014231
vn 0.066761 0.073078 0.014231
vn 0.071861 0.068070 0.014231
vn 0.076585 0.062707 0.014231
vn 0.080910 0.057018 0.014231
vn 0.084814 0.051031 0.014231
vn 0.088275 0.044778 0.014231
vn 0.091276 0.038291 0.014231
vn 0.093801 0.031605 0.014231
vn 0.095837 0.024754 0.014231
vn 0.097373 0.017774 0.014231
vn 0.098402 0.010702 0.014231
vn 0.098918 0.003573 0.014231
vn 0.098918 -0.003573 0.014231
vn 0.098402 -0.010702 0.014231
vn 0.097373 -0.017774 0.014231
vn 0.095837 -0.024754 0.014231
vn 0.093801 -0.031605 0.014231
vn 0.091276 -0.038291 0.014231
vn 0.088275 -0.044778 0.014231
vn 0.084814 -0.051031 0.014231
vn 0.080910 -0.057018 0.014231
vn 0.076585 -0.062707 0.014231
vn 0.071861 -0.068070 0.014231
vn 0.066761 -0.073078 0.014231
vn 0.061314 -0.077705 0.014231
vn 0.055547 -0.081926 0.014231
vn 0.049491 -0.085721 0.014231
vn 0.043177 -0.089069 0.014231
vn 0.036637 -0.091952 0.014231
vn 0.029907 -0.094356 0.014231
vn 0.023020 -0.096268 0.014231
vn 0.016014 -0.097678 0.014231
vn 0.008924 -0.098579 0.014231
vn 0.001787 -0.098966 0.014231
vn -0.005359 -0.098837 0.014231
vn -0.012477 -0.098193 0.014231
vn -0.019530 -0.097036 0.014231
vn -0.026481 -0.095374 0.014231
vn -0.033293 -0.093215 0.014231
vn -0.039933 -0.090569 0.014231
vn -0.046364 -0.087452 0.014231
vn -0.052554 -0.083878 0.014231
vn -0.058469 -0.079868 0.014231
vn -0.064080 -0.075440 0.014231
vn -0.069356 -0.070620 0.014231
vn -0.074271 -0.065431 0.014231
vn -0.078799 -0.059901 0.014231
vn -0.082916 -0.054059 0.014231
vn -0.086601 -0.047935 0.014231
vn -0.089834 -0.041562 0.014231
vn -0.092599 -0.034971 0.014231
vn -0.094881 -0.028198 0.014231
vn -0.096668 -0.021278 0.014231
vn -0.097951 -0.014247 0.014231
vn -0.098724 -0.007142 0.014231
vn -0.097715 0.000000 0.021257
vn -0.097460 0.007051 0.021257
vn -0.096697 0.014065 0.021257
vn -0.095430 0.021006 0.021257
vn -0.093666 0.027837 0.021257
vn -0.091413 0.034523 0.021257
vn -0.088683 0.041029 0.021257
vn -0.085492 0.047322 0.021257
vn -0.081854 0.053367 0.021257
vn -0.077790 0.059134 0.021257
vn -0.073320 0.064593 0.021257
vn -0.068468 0.069716 0.021257
vn -0.063259 0.074474 0.021257
vn -0.057720 0.078845 0.021257
vn -0.051881 0.082804 0.021257
vn -0.045770 0.086332 0.021257
vn -0.039422 0.089410 0.021257
vn -0.032867 0.092021 0.021257
vn -0.026141 0.094153 0.021257
vn -0.019279 0.095794 0.021257
vn -0.012317 0.096935 0.021257
vn -0.005290 0.097571 0.021257
vn 0.001764 0.097699 0.021257
vn 0.008809 0.097317 0.021257
vn 0.015808 0.096427 0.021257
vn 0.022725 0.095035 0.021257
vn 0.029524 0.093148 0.021257
vn 0.036168 0.090775 0.021257
vn 0.042624 0.087928 0.021257
vn 0.048857 0.084623 0.021257
vn 0.054836 0.080877 0.021257
vn 0.060529 0.076710 0.021257
vn 0.065907 0.072142 0.021257
vn 0.070940 0.067198 0.021257
vn 0.075604 0.061904 0.021257
vn 0.079874 0.056287 0.021257
vn 0.083728 0.050377 0.021257
vn 0.087144 0.044204 0.021257
vn 0.090107 0.037801 0.021257
vn 0.092600 0.031200 0.021257
vn 0.094610 0.024437 0.021257
vn 0.096126 0.017547 0.021257
vn 0.097142 0.010565 0.021257
vn 0.097651 0.003528 0.021257
vn 0.097651 -0.003528 0.021257
vn 0.097142 -0.010565 0.021257
vn 0.096126 -0.017547 0.021257
vn 0.094610 -0.024437 0.021257
vn 0.092600 -0.031200 0.021257
vn 0.090107 -0.037801 0.021257
vn 0.087144 -0.044204 0.021257
vn 0.083728 -0.050377 0.021257
vn 0.079874 -0.056287 0.021257
vn 0.075604 -0.061904 0.021257
vn 0.070940 -0.067198 0.021257
vn 0.065907 -0.072142 0.021257
vn 0.060529 -0.076710 0.021257
vn 0.054836 -0.080877 0.021257
vn 0.048857 -0.084623 0.021257
vn 0.042624 -0.087928 0.021257
vn 0.036168 -0.090775 0.021257
vn 0.029524 -0.093148 0.021257
vn 0.022725 -0.095035 0.021257
vn 0.015808 -0.096427 0.021257
vn 0.008809 -0.097317 0.021257
vn 0.001764 -0.097699 0.021257
vn -0.005290 -0.097571 0.021257
vn -0.012317 -0.096935 0.021257
vn -0.019279 -0.095794 0.021257
vn -0.026141 -0.094153 0.021257
vn -0.032867 -0.092021 0.021257
vn -0.039422 -0.089410 0.021257
vn -0.045770 -0.086332 0.021257
vn -0.051881 -0.082804 0.021257
vn -0.057720 -0.078845 0.021257
vn -0.063259 -0.074474 0.021257
vn -0.068468 -0.069716 0.021257
vn -0.073320 -0.064593 0.021257
vn -0.077790 -0.059134 0.021257
vn -0.081854 -0.053367 0.021257
vn -0.085492 -0.047322 0.021257
vn -0.088683 -0.041029 0.021257
vn -0.091413 -0.034523 0.021257
vn -0.093666 -0.027837 0.021257
vn -0.095430 -0.021006 0.021257
vn -0.096697 -0.014065 0.021257
vn -0.097460 -0.007051 0.021257
vn -0.095949 0.000000 0.028173
vn -0.095699 0.006923 0.028173
vn -0.094950 0.013811 0.028173
vn -0.093706 0.020626 0.028173
vn -0.091973 0.027334 0.028173
vn -0.089761 0.033899 0.028173
vn -0.087081 0.040288 0.028173
vn -0.083947 0.046467 0.028173
vn -0.080375 0.052403 0.028173
vn -0.076385 0.058066 0.028173
vn -0.071996 0.063426 0.028173
vn -0.067231 0.068456 0.028173
vn -0.062116 0.073129 0.028173
vn -0.056678 0.077420 0.028173
vn -0.050943 0.081308 0.028173
vn -0.044943 0.084772 0.028173
vn -0.038709 0.087794 0.028173
vn -0.032273 0.090359 0.028173
vn -0.025669 0.092452 0.028173
vn -0.018931 0.094063 0.028173
vn -0.012094 0.095184 0.028173
vn -0.005195 0.095809 0.028173
vn 0.001732 0.095934 0.028173
vn 0.008650 0.095559 0.028173
vn 0.015523 0.094685 0.028173
vn 0.022315 0.093318 0.028173
vn 0.028990 0.091465 0.028173
vn 0.035514 0.089135 0.028173
vn 0.041854 0.086340 0.028173
vn 0.047975 0.083095 0.028173
vn 0.053846 0.079416 0.028173
vn 0.059436 0.075324 0.028173
vn 0.064716 0.070839 0.028173
vn 0.069659 0.065984 0.028173
vn 0.074238 0.060786 0.028173
vn 0.078431 0.055271 0.028173
vn 0.082215 0.049467 0.028173
vn 0.085570 0.043406 0.028173
vn 0.088479 0.037118 0.028173
vn 0.090927 0.030637 0.028173
vn 0.092900 0.023996 0.028173
vn 0.094390 0.017230 0.028173
vn 0.095387 0.010374 0.028173
vn 0.095887 0.003464 0.028173
vn 0.095887 -0.003464 0.028173
vn 0.095387 -0.010374 0.028173
vn 0.094390 -0.017230 0.028173
vn 0.092900 -0.023996 0.028173
vn 0.090927 -0.030637 0.028173
vn 0.088479 -0.037118 0.028173
vn 0.085570 -0.043406 0.028173
vn 0.082215 -0.049467 0.028173
vn 0.078431 -0.055271 0.028173
vn 0.074238 -0.060786 0.028173
vn 0.069659 -0.065984 0.028173
vn 0.064716 -0.070839 0.028173
vn 0.059436 -0.075324 0.028173
vn 0.053846 -0.079416 0.028173
vn 0.047975 -0.083095 0.028173
vn 0.041854 -0.086340 0.028173
vn 0.035514 -0.089135 0.028173
vn 0.028990 -0.091465 0.028173
vn 0.022315 -0.093318 0.028173
vn 0.015523 -0.094685 0.028173
vn 0.008650 -0.095559 0.028173
vn 0.001732 -0.095934 0.028173
vn -0.005195 -0.095809 0.028173
vn -0.012094 -0.095184 0.028173
vn -0.018931 -0.094063 0.028173
vn -0.025669 -0.092452 0.028173
vn -0.032273 -0.090359 0.028173
vn -0.038709 -0.087794 0.028173
vn -0.044943 -0.084772 0.028173
vn -0.050943 -0.081308 0.028173
vn -0.056678 -0.077420 0.028173
vn -0.062116 -0.073129 0.028173
vn -0.067231 -0.068456 0.028173
vn -0.071996 -0.063426 0.028173
vn -0.076385 -0.058066 0.028173
vn -0.080375 -0.052403 0.028173
vn -0.083947 -0.046467 0.028173
vn -0.087081 -0.040288 0.028173
vn -0.089761 -0.033899 0.028173
vn -0.091973 -0.027334 0.028173
vn -0.093706 -0.020626 0.028173
vn -0.094950 -0.013811 0.028173
vn -0.095699 -0.006923 0.028173
vn -0.093695 0.000000 0.034946
vn -0.093451 0.006761 0.034946
vn -0.092719 0.013486 0.034946
vn -0.091504 0.020142 0.034946
vn -0.089813 0.026692 0.034946
vn -0.087652 0.033103 0.034946
vn -0.085035 0.039341 0.034946
vn -0.081975 0.045375 0.034946
vn -0.078487 0.051172 0.034946
vn -0.074590 0.056702 0.034946
vn -0.070304 0.061936 0.034946
vn -0.065652 0.066848 0.034946
vn -0.060657 0.071411 0.034946
vn -0.055346 0.075601 0.034946
vn -0.049746 0.079398 0.034946
vn -0.043888 0.082781 0.034946
vn -0.037800 0.085732 0.034946
vn -0.031515 0.088236 0.034946
vn -0.025066 0.090280 0.034946
vn -0.018486 0.091853 0.034946
vn -0.011810 0.092948 0.034946
vn -0.005073 0.093558 0.034946
vn 0.001692 0.093680 0.034946
vn 0.008447 0.093313 0.034946
vn 0.015158 0.092461 0.034946
vn 0.021790 0.091126 0.034946
vn 0.028309 0.089316 0.034946
vn 0.034680 0.087040 0.034946
vn 0.040870 0.084311 0.034946
vn 0.046847 0.081142 0.034946
vn 0.052580 0.077550 0.034946
vn 0.058039 0.073554 0.034946
vn 0.063195 0.069174 0.034946
vn 0.068022 0.064434 0.034946
vn 0.072494 0.059358 0.034946
vn 0.076588 0.053972 0.034946
vn 0.080283 0.048305 0.034946
vn 0.083559 0.042386 0.034946
vn 0.086400 0.036246 0.034946
vn 0.088790 0.029917 0.034946
vn 0.090718 0.023432 0.034946
vn 0.092172 0.016825 0.034946
vn 0.093146 0.010130 0.034946
vn 0.093634 0.003383 0.034946
vn 0.093634 -0.003383 0.034946
vn 0.093146 -0.010130 0.034946
vn 0.092172 -0.016825 0.034946
vn 0.090718 -0.023432 0.034946
vn 0.088790 -0.029917 0.034946
vn 0.086400 -0.036246 0.034946
vn 0.083559 -0.042386 0.034946
vn 0.080283 -0.048305 0.034946
vn 0.076588 -0.053972 0.034946
vn 0.072494 -0.059358 0.034946
vn 0.068022 -0.064434 0.034946
vn 0.063195 -0.069174 0.034946
vn 0.058039 -0.073554 0.034946
vn 0.052580 -0.077550 0.034946
vn 0.046847 -0.081142 0.034946
vn 0.040870 -0.084311 0.034946
vn 0.034680 -0.087040 0.034946
vn 0.028309 -0.089316 0.034946
vn 0.021790 -0.091126 0.034946
vn 0.015158 -0.092461 0.034946
vn 0.008447 -0.093313 0.034946
vn 0.001692 -0.093680 0.034946
vn -0.005073 -0.093558 0.034946
vn -0.011810 -0.092948 0.034946
vn -0.018486 -0.091853 0.034946
vn -0.025066 -0.090280 0.034946
vn -0.031515 -0.088236 0.034946
vn -0.037800 -0.085732 0.034946
vn -0.043888 -0.082781 0.034946
vn -0.049746 -0.079398 0.034946
vn -0.055346 -0.075601 0.034946
vn -0.060657 -0.071411 0.034946
vn -0.065652 -0.066848 0.034946
vn -0.070304 -0.061936 0.034946
vn -0.074590 -0.056702 0.034946
vn -0.078487 -0.051172 0.034946
vn -0.081975 -0.045375 0.034946
vn -0.085035 -0.039341 0.034946
vn -0.087652 -0.033103 0.034946
vn -0.089813 -0.026692 0.034946
vn -0.091504 -0.020142 0.034946
vn -0.092719 -0.013486 0.034946
vn -0.093451 -0.006761 0.034946
vn -0.090963 0.000000 0.041542
vn -0.090726 0.006564 0.041542
vn -0.090016 0.013093 0.041542
vn -0.088837 0.019554 0.041542
vn -0.087194 0.025914 0.041542
vn -0.085097 0.032138 0.041542
vn -0.082556 0.038194 0.041542
vn -0.079585 0.044052 0.041542
vn -0.076199 0.049680 0.041542
vn -0.072415 0.055049 0.041542
vn -0.068254 0.060130 0.041542
vn -0.063737 0.064899 0.041542
vn -0.058888 0.069329 0.041542
vn -0.053732 0.073397 0.041542
vn -0.048296 0.077083 0.041542
vn -0.042608 0.080367 0.041542
vn -0.036698 0.083232 0.041542
vn -0.030596 0.085663 0.041542
vn -0.024335 0.087648 0.041542
vn -0.017947 0.089175 0.041542
vn -0.011466 0.090238 0.041542
vn -0.004925 0.090830 0.041542
vn 0.001642 0.090948 0.041542
vn 0.008201 0.090593 0.041542
vn 0.014716 0.089765 0.041542
vn 0.021155 0.088469 0.041542
vn 0.027484 0.086712 0.041542
vn 0.033669 0.084503 0.041542
vn 0.039679 0.081853 0.041542
vn 0.045482 0.078776 0.041542
vn 0.051047 0.075289 0.041542
vn 0.056347 0.071410 0.041542
vn 0.061353 0.067157 0.041542
vn 0.066039 0.062555 0.041542
vn 0.070381 0.057627 0.041542
vn 0.074355 0.052398 0.041542
vn 0.077942 0.046896 0.041542
vn 0.081123 0.041150 0.041542
vn 0.083881 0.035189 0.041542
vn 0.086202 0.029045 0.041542
vn 0.088073 0.022749 0.041542
vn 0.089485 0.016334 0.041542
vn 0.090430 0.009835 0.041542
vn 0.090904 0.003284 0.041542
vn 0.090904 -0.003284 0.041542
vn 0.090430 -0.009835 0.041542
vn 0.089485 -0.016334 0.041542
vn 0.088073 -0.022749 0.041542
vn 0.086202 -0.029045 0.041542
vn 0.083881 -0.035189 0.041542
vn 0.081123 -0.041150 0.041542
vn 0.077942 -0.046896 0.041542
vn 0.074355 -0.052398 0.041542
vn 0.070381 -0.057627 0.041542
vn 0.066039 -0.062555 0.041542
vn 0.061353 -0.067157 0.041542
vn 0.056347 -0.071410 0.041542
vn 0.051047 -0.075289 0.041542
vn 0.045482 -0.078776 0.041542
vn 0.039679 -0.081853 0.041542
vn 0.033669 -0.084503 0.041542
vn 0.027484 -0.086712 0.041542
vn 0.021155 -0.088469 0.041542
vn 0.014716 -0.089765 0.041542
vn 0.008201 -0.090593 0.041542
vn 0.001642 -0.090948 0.041542
vn -0.004925 -0.090830 0.041542
vn -0.011466 -0.090238 0.041542
vn -0.017947 -0.089175 0.041542
vn -0.024335 -0.087648 0.041542
vn -0.030596 -0.085663 0.041542
vn -0.036698 -0.083232 0.041542
vn -0.042608 -0.080367 0.041542
vn -0.048296 -0.077083 0.041542
vn -0.053732 -0.073397 0.041542
vn -0.058888 -0.069329 0.041542
vn -0.063737 -0.064899 0.041542
vn -0.068254 -0.060130 0.041542
vn -0.072415 -0.055049 0.041542
vn -0.076199 -0.049680 0.041542
vn -0.079585 -0.044052 0.041542
vn -0.082556 -0.038194 0.041542
vn -0.085097 -0.032138 0.041542
vn -0.087194 -0.025914 0.041542
vn -0.088837 -0.019554 0.041542
vn -0.090016 -0.013093 0.041542
vn -0.090726 -0.006564 0.041542
vn -0.087768 0.000000 0.047925
vn -0.087539 0.006333 0.047925
vn -0.086854 0.012633 0.047925
vn -0.085716 0.018868 0.047925
vn -0.084131 0.025003 0.047925
vn -0.082108 0.031009 0.047925
vn -0.079656 0.036853 0.047925
vn -0.076789 0.042505 0.047925
vn -0.073522 0.047935 0.047925
vn -0.069871 0.053115 0.047925
vn -0.065857 0.058018 0.047925
vn -0.061498 0.062619 0.047925
vn -0.056820 0.066893 0.047925
vn -0.051845 0.070819 0.047925
vn -0.046599 0.074375 0.047925
vn -0.041111 0.077544 0.047925
vn -0.035409 0.080308 0.047925
vn -0.029521 0.082654 0.047925
vn -0.023480 0.084569 0.047925
vn -0.017317 0.086043 0.047925
vn -0.011063 0.087068 0.047925
vn -0.004752 0.087639 0.047925
vn 0.001585 0.087754 0.047925
vn 0.007913 0.087411 0.047925
vn 0.014199 0.086612 0.047925
vn 0.020412 0.085361 0.047925
vn 0.026518 0.083666 0.047925
vn 0.032486 0.081534 0.047925
vn 0.038285 0.078978 0.047925
vn 0.043884 0.076009 0.047925
vn 0.049254 0.072645 0.047925
vn 0.054368 0.068901 0.047925
vn 0.059198 0.064798 0.047925
vn 0.063719 0.060358 0.047925
vn 0.067908 0.055603 0.047925
vn 0.071743 0.050558 0.047925
vn 0.075205 0.045249 0.047925
vn 0.078274 0.039705 0.047925
vn 0.080935 0.033953 0.047925
vn 0.083174 0.028024 0.047925
vn 0.084979 0.021950 0.047925
vn 0.086341 0.015761 0.047925
vn 0.087253 0.009489 0.047925
vn 0.087711 0.003169 0.047925
vn 0.087711 -0.003169 0.047925
vn 0.087253 -0.009489 0.047925
vn 0.086341 -0.015761 0.047925
vn 0.084979 -0.021950 0.047925
vn 0.083174 -0.028024 0.047925
vn 0.080935 -0.033953 0.047925
vn 0.078274 -0.039705 0.047925
vn 0.075205 -0.045249 0.047925
vn 0.071743 -0.050558 0.047925
vn 0.067908 -0.055603 0.047925
vn 0.063719 -0.060358 0.047925
vn 0.059198 -0.064798 0.047925
vn 0.054368 -0.068901 0.047925
vn 0.049254 -0.072645 0.047925
vn 0.043884 -0.076009 0.047925
vn 0.038285 -0.078978 0.047925
vn 0.032486 -0.081534 0.047925
vn 0.026518 -0.083666 0.047925
vn 0.020412 -0.085361 0.047925
vn 0.014199 -0.086612 0.047925
vn 0.007913 -0.087411 0.047925
vn 0.001585 -0.087754 0.047925
vn -0.004752 -0.087639 0.047925
vn -0.011063 -0.087068 0.047925
vn -0.017317 -0.086043 0.047925
vn -0.023480 -0.084569 0.047925
vn -0.029521 -0.082654 0.047925
vn -0.035409 -0.080308 0.047925
vn -0.041111 -0.077544 0.047925
vn -0.046599 -0.074375 0.047925
vn -0.051845 -0.070819 0.047925
vn -0.056820 -0.066893 0.047925
vn -0.061498 -0.062619 0.047925
vn -0.065857 -0.058018 0.047925
vn -0.069871 -0.053115 0.047925
vn -0.073522 -0.047935 0.047925
vn -0.076789 -0.042505 0.047925
vn -0.079656 -0.036853 0.047925
vn -0.082108 -0.031009 0.047925
vn -0.084131 -0.025003 0.047925
vn -0.085716 -0.018868 0.047925
vn -0.086854 -0.012633 0.047925
vn -0.087539 -0.006333 0.047925
vn -0.084125 0.000000 0.054064
vn -0.083906 0.006070 0.054064
vn -0.083249 0.012109 0.054064
vn -0.082159 0.018084 0.054064
vn -0.080639 0.023966 0.054064
vn -0.078700 0.029722 0.054064
vn -0.076350 0.035323 0.054064
vn -0.073602 0.040740 0.054064
vn -0.070471 0.045945 0.054064
vn -0.066972 0.050910 0.054064
vn -0.063123 0.055610 0.054064
vn -0.058946 0.060020 0.054064
vn -0.054462 0.064117 0.054064
vn -0.049693 0.067880 0.054064
vn -0.044665 0.071289 0.054064
vn -0.039405 0.074326 0.054064
vn -0.033939 0.076975 0.054064
vn -0.028296 0.079224 0.054064
vn -0.022506 0.081059 0.054064
vn -0.016598 0.082472 0.054064
vn -0.010604 0.083454 0.054064
vn -0.004554 0.084002 0.054064
vn 0.001519 0.084112 0.054064
vn 0.007584 0.083783 0.054064
vn 0.013610 0.083017 0.054064
vn 0.019565 0.081819 0.054064
vn 0.025418 0.080194 0.054064
vn 0.031138 0.078150 0.054064
vn 0.036696 0.075700 0.054064
vn 0.042063 0.072855 0.054064
vn 0.047210 0.069630 0.054064
vn 0.052111 0.066042 0.054064
vn 0.056741 0.062109 0.054064
vn 0.061075 0.057853 0.054064
vn 0.065090 0.053295 0.054064
vn 0.068766 0.048459 0.054064
vn 0.072083 0.043371 0.054064
vn 0.075025 0.038057 0.054064
vn 0.077576 0.032544 0.054064
vn 0.079722 0.026861 0.054064
vn 0.081452 0.021039 0.054064
vn 0.082758 0.015107 0.054064
vn 0.083632 0.009096 0.054064
vn 0.084071 0.003037 0.054064
vn 0.084071 -0.003037 0.054064
vn 0.083632 -0.009096 0.054064
vn 0.082758 -0.015107 0.054064
vn 0.081452 -0.021039 0.054064
vn 0.079722 -0.026861 0.054064
vn 0.077576 -0.032544 0.054064
vn 0.075025 -0.038057 0.054064
vn 0.072083 -0.043371 0.054064
vn 0.068766 -0.048459 0.054064
vn 0.065090 -0.053295 0.054064
vn 0.061075 -0.057853 0.054064
vn 0.056741 -0.062109 0.054064
vn 0.052111 -0.066042 0.054064
vn 0.047210 -0.069630 0.054064
vn 0.042063 -0.072855 0.054064
vn 0.036696 -0.075700 0.054064
vn 0.031138 -0.078150 0.054064
vn 0.025418 -0.080194 0.054064
vn 0.019565 -0.081819 0.054064
vn 0.013610 -0.083017 0.054064
vn 0.007584 -0.083783 0.054064
vn 0.001519 -0.084112 0.054064
vn -0.004554 -0.084002 0.054064
vn -0.010604 -0.083454 0.054064
vn -0.016598 -0.082472 0.054064
vn -0.022506 -0.081059 0.054064
vn -0.028296 -0.079224 0.054064
vn -0.033939 -0.076975 0.054064
vn -0.039405 -0.074326 0.054064
vn -0.044665 -0.071289 0.054064
vn -0.049693 -0.067880 0.054064
vn -0.054462 -0.064117 0.054064
vn -0.058946 -0.060020 0.054064
vn -0.063123 -0.055610 0.054064
vn -0.066972 -0.050910 0.054064
vn -0.070471 -0.045945 0.054064
vn -0.073602 -0.040740 0.054064
vn -0.076350 -0.035323 0.054064
vn -0.078700 -0.029722 0.054064
vn -0.080639 -0.023966 0.054064
vn -0.082159 -0.018084 0.054064
vn -0.083249 -0.012109 0.054064
vn -0.083906 -0.006070 0.054064
vn -0.080054 0.000000 0.059928
vn -0.079845 0.005777 0.059928
vn -0.079220 0.011523 0.059928
vn -0.078183 0.017209 0.059928
vn -0.076737 0.022806 0.059928
vn -0.074891 0.028284 0.059928
vn -0.072655 0.033614 0.059928
vn -0.070040 0.038769 0.059928
vn -0.067060 0.043722 0.059928
vn -0.063731 0.048447 0.059928
vn -0.060069 0.052919 0.059928
vn -0.056093 0.057116 0.059928
vn -0.051826 0.061014 0.059928
vn -0.047288 0.064595 0.059928
vn -0.042504 0.067839 0.059928
vn -0.037498 0.070729 0.059928
vn -0.032297 0.073250 0.059928
vn -0.026927 0.075390 0.059928
vn -0.021417 0.077136 0.059928
vn -0.015795 0.078480 0.059928
vn -0.010091 0.079416 0.059928
vn -0.004334 0.079937 0.059928
vn 0.001445 0.080041 0.059928
vn 0.007217 0.079728 0.059928
vn 0.012951 0.079000 0.059928
vn 0.018618 0.077859 0.059928
vn 0.024188 0.076313 0.059928
vn 0.029631 0.074368 0.059928
vn 0.034920 0.072036 0.059928
vn 0.040027 0.069329 0.059928
vn 0.044925 0.066260 0.059928
vn 0.049589 0.062845 0.059928
vn 0.053995 0.059103 0.059928
vn 0.058119 0.055053 0.059928
vn 0.061940 0.050716 0.059928
vn 0.065438 0.046114 0.059928
vn 0.068595 0.041272 0.059928
vn 0.071394 0.036215 0.059928
vn 0.073821 0.030969 0.059928
vn 0.075864 0.025561 0.059928
vn 0.077510 0.020021 0.059928
vn 0.078753 0.014375 0.059928
vn 0.079585 0.008655 0.059928
vn 0.080002 0.002890 0.059928
vn 0.080002 -0.002890 0.059928
vn 0.079585 -0.008655 0.059928
vn 0.078753 -0.014375 0.059928
vn 0.077510 -0.020021 0.059928
vn 0.075864 -0.025561 0.059928
vn 0.073821 -0.030969 0.059928
vn 0.071394 -0.036215 0.059928
vn 0.068595 -0.041272 0.059928
vn 0.065438 -0.046114 0.059928
vn 0.061940 -0.050716 0.059928
vn 0.058119 -0.055053 0.059928
vn 0.053995 -0.059103 0.059928
vn 0.049589 -0.062845 0.059928
vn 0.044925 -0.066260 0.059928
vn 0.040027 -0.069329 0.059928
vn 0.034920 -0.072036 0.059928
vn 0.029631 -0.074368 0.059928
vn 0.024188 -0.076313 0.059928
vn 0.018618 -0.077859 0.059928
vn 0.012951 -0.079000 0.059928
vn 0.007217 -0.079728 0.059928
vn 0.001445 -0.080041 0.059928
vn -0.004334 -0.079937 0.059928
vn -0.010091 -0.079416 0.059928
vn -0.015795 -0.078480 0.059928
vn -0.021417 -0.077136 0.059928
vn -0.026927 -0.075390 0.059928
vn -0.032297 -0.073250 0.059928
vn -0.037498 -0.070729 0.059928
vn -0.042504 -0.067839 0.059928
vn -0.047288 -0.064595 0.059928
vn -0.051826 -0.061014 0.059928
vn -0.056093 -0.057116 0.059928
vn -0.060069 -0.052919 0.059928
vn -0.063731 -0.048447 0.059928
vn -0.067060 -0.043722 0.059928
vn -0.070040 -0.038769 0.059928
vn -0.072655 -0.033614 0.059928
vn -0.074891 -0.028284 0.059928
vn -0.076737 -0.022806 0.059928
vn -0.078183 -0.017209 0.059928
vn -0.079220 -0.011523 0.059928
vn -0.079845 -0.005777 0.059928
vn -0.075575 0.000000 0.065486
vn -0.075378 0.005453 0.065486
vn -0.074788 0.010878 0.065486
vn -0.073808 0.016246 0.065486
vn -0.072443 0.021530 0.065486
vn -0.070701 0.026701 0.065486
vn -0.068590 0.031733 0.065486
vn -0.066121 0.036600 0.065486
vn -0.063308 0.041275 0.065486
vn -0.060165 0.045736 0.065486
vn -0.056708 0.049958 0.065486
vn -0.052955 0.053920 0.065486
vn -0.048926 0.057600 0.065486
vn -0.044642 0.060981 0.065486
vn -0.040126 0.064043 0.065486
vn -0.035400 0.066771 0.065486
vn -0.030490 0.069152 0.065486
vn -0.025420 0.071172 0.065486
vn -0.020218 0.072820 0.065486
vn -0.014911 0.074089 0.065486
vn -0.009526 0.074972 0.065486
vn -0.004092 0.075464 0.065486
vn 0.001364 0.075563 0.065486
vn 0.006813 0.075267 0.065486
vn 0.012227 0.074579 0.065486
vn 0.017576 0.073503 0.065486
vn 0.022834 0.072043 0.065486
vn 0.027973 0.070207 0.065486
vn 0.032966 0.068006 0.065486
vn 0.037787 0.065450 0.065486
vn 0.042412 0.062553 0.065486
vn 0.046815 0.059329 0.065486
vn 0.050974 0.055796 0.065486
vn 0.054867 0.051973 0.065486
vn 0.058474 0.047878 0.065486
vn 0.061777 0.043534 0.065486
vn 0.064757 0.038963 0.065486
vn 0.067400 0.034189 0.065486
vn 0.069691 0.029236 0.065486
vn 0.071619 0.024131 0.065486
vn 0.073173 0.018900 0.065486
vn 0.074346 0.013571 0.065486
vn 0.075132 0.008171 0.065486
vn 0.075526 0.002728 0.065486
vn 0.075526 -0.002728 0.065486
vn 0.075132 -0.008171 0.065486
vn 0.074346 -0.013571 0.065486
vn 0.073173 -0.018900 0.065486
vn 0.071619 -0.024131 0.065486
vn 0.069691 -0.029236 0.065486
vn 0.067400 -0.034189 0.065486
vn 0.064757 -0.038963 0.065486
vn 0.061777 -0.043534 0.065486
vn 0.058474 -0.047878 0.065486
vn 0.054867 -0.051973 0.065486
vn 0.050974 -0.055796 0.065486
vn 0.046815 -0.059329 0.065486
vn 0.042412 -0.062553 0.065486
vn 0.037787 -0.065450 0.065486
vn 0.032966 -0.068006 0.065486
vn 0.027973 -0.070207 0.065486
vn 0.022834 -0.072043 0.065486
vn 0.017576 -0.073503 0.065486
vn 0.012227 -0.074579 0.065486
vn 0.006813 -0.075267 0.065486
vn 0.001364 -0.075563 0.065486
vn -0.004092 -0.075464 0.065486
vn -0.009526 -0.074972 0.065486
vn -0.014911 -0.074089 0.065486
vn -0.020218 -0.072820 0.065486
vn -0.025420 -0.071172 0.065486
vn -0.030490 -0.069152 0.065486
vn -0.035400 -0.066771 0.065486
vn -0.040126 -0.064043 0.065486
vn -0.044642 -0.060981 0.065486
vn -0.048926 -0.057600 0.065486
vn -0.052955 -0.053920 0.065486
vn -0.056708 -0.049958 0.065486
vn -0.060165 -0.045736 0.065486
vn -0.063308 -0.041275 0.065486
vn -0.066121 -0.036600 0.065486
vn -0.068590 -0.031733 0.065486
vn -0.070701 -0.026701 0.065486
vn -0.072443 -0.021530 0.065486
vn -0.073808 -0.016246 0.065486
vn -0.074788 -0.010878 0.065486
vn -0.075378 -0.005453 0.065486
vn -0.070711 0.000000 0.070711
vn -0.070526 0.005102 0.070711
vn -0.069974 0.010178 0.070711
vn -0.069058 0.015201 0.070711
vn -0.067781 0.020144 0.070711
vn -0.066150 0.024983 0.070711
vn -0.064175 0.029691 0.070711
vn -0.061866 0.034244 0.070711
vn -0.059233 0.038619 0.070711
vn -0.056292 0.042792 0.070711
vn -0.053058 0.046743 0.070711
vn -0.049547 0.050449 0.070711
vn -0.045777 0.053893 0.070711
vn -0.041769 0.057056 0.070711
vn -0.037543 0.059921 0.070711
vn -0.033121 0.062474 0.070711
vn -0.028527 0.064701 0.070711
vn -0.023784 0.066591 0.070711
vn -0.018917 0.068133 0.070711
vn -0.013951 0.069321 0.070711
vn -0.008913 0.070147 0.070711
vn -0.003828 0.070607 0.070711
vn 0.001277 0.070699 0.070711
vn 0.006375 0.070423 0.070711
vn 0.011440 0.069779 0.070711
vn 0.016445 0.068772 0.070711
vn 0.021365 0.067406 0.070711
vn 0.026173 0.065689 0.070711
vn 0.030844 0.063629 0.070711
vn 0.035355 0.061237 0.070711
vn 0.039682 0.058526 0.070711
vn 0.043802 0.055511 0.070711
vn 0.047693 0.052205 0.070711
vn 0.051336 0.048628 0.070711
vn 0.054711 0.044797 0.070711
vn 0.057800 0.040732 0.070711
vn 0.060589 0.036455 0.070711
vn 0.063062 0.031988 0.070711
vn 0.065205 0.027354 0.070711
vn 0.067009 0.022578 0.070711
vn 0.068464 0.017684 0.070711
vn 0.069561 0.012698 0.070711
vn 0.070296 0.007645 0.070711
vn 0.070665 0.002553 0.070711
vn 0.070665 -0.002553 0.070711
vn 0.070296 -0.007645 0.070711
vn 0.069561 -0.012698 0.070711
vn 0.068464 -0.017684 0.070711
vn 0.067009 -0.022578 0.070711
vn 0.065205 -0.027354 0.070711
vn 0.063062 -0.031988 0.070711
vn 0.060589 -0.036455 0.070711
vn 0.057800 -0.040732 0.070711
vn 0.054711 -0.044797 0.070711
vn 0.051336 -0.048628 0.070711
vn 0.047693 -0.052205 0.070711
vn 0.043802 -0.055511 0.070711
vn 0.039682 -0.058526 0.070711
vn 0.035355 -0.061237 0.070711
vn 0.030844 -0.063629 0.070711
vn 0.026173 -0.065689 0.070711
vn 0.021365 -0.067406 0.070711
vn 0.016445 -0.068772 0.070711
vn 0.011440 -0.069779 0.070711
vn 0.006375 -0.070423 0.070711
vn 0.001277 -0.070699 0.070711
vn -0.003828 -0.070607 0.070711
vn -0.008913 -0.070147 0.070711
vn -0.013951 -0.069321 0.070711
vn -0.018917 -0.068133 0.070711
vn -0.023784 -0.066591 0.070711
vn -0.028527 -0.064701 0.070711
vn -0.033121 -0.062474 0.070711
vn -0.037543 -0.059921 0.070711
vn -0.041769 -0.057056 0.070711
vn -0.045777 -0.053893 0.070711
vn -0.049547 -0.050449 0.070711
vn -0.053058 -0.046743 0.070711
vn -0.056292 -0.042792 0.070711
vn -0.059233 -0.038619 0.070711
vn -0.061866 -0.034244 0.070711
vn -0.064175 -0.029691 0.070711
vn -0.066150 -0.024983 0.070711
vn -0.067781 -0.020144 0.070711
vn -0.069058 -0.015201 0.070711
vn -0.069974 -0.010178 0.070711
vn -0.070526 -0.005102 0.070711
vn -0.065486 0.000000 0.075575
vn -0.065315 0.004725 0.075575
vn -0.064804 0.009426 0.075575
vn -0.063955 0.014078 0.075575
vn -0.062773 0.018656 0.075575
vn -0.061263 0.023137 0.075575
vn -0.059434 0.027497 0.075575
vn -0.057295 0.031714 0.075575
vn -0.054857 0.035765 0.075575
vn -0.052133 0.039630 0.075575
vn -0.049137 0.043289 0.075575
vn -0.045886 0.046722 0.075575
vn -0.042395 0.049911 0.075575
vn -0.038683 0.052840 0.075575
vn -0.034769 0.055494 0.075575
vn -0.030674 0.057858 0.075575
vn -0.026419 0.059920 0.075575
vn -0.022027 0.061670 0.075575
vn -0.017519 0.063099 0.075575
vn -0.012921 0.064199 0.075575
vn -0.008255 0.064964 0.075575
vn -0.003545 0.065390 0.075575
vn 0.001182 0.065475 0.075575
vn 0.005904 0.065219 0.075575
vn 0.010594 0.064623 0.075575
vn 0.015230 0.063690 0.075575
vn 0.019786 0.062425 0.075575
vn 0.024239 0.060835 0.075575
vn 0.028565 0.058927 0.075575
vn 0.032743 0.056713 0.075575
vn 0.036750 0.054202 0.075575
vn 0.040565 0.051409 0.075575
vn 0.044169 0.048348 0.075575
vn 0.047543 0.045035 0.075575
vn 0.050668 0.041487 0.075575
vn 0.053530 0.037723 0.075575
vn 0.056112 0.033762 0.075575
vn 0.058402 0.029625 0.075575
vn 0.060388 0.025333 0.075575
vn 0.062058 0.020910 0.075575
vn 0.063405 0.016377 0.075575
vn 0.064422 0.011759 0.075575
vn 0.065102 0.007080 0.075575
vn 0.065443 0.002364 0.075575
vn 0.065443 -0.002364 0.075575
vn 0.065102 -0.007080 0.075575
vn 0.064422 -0.011759 0.075575
vn 0.063405 -0.016377 0.075575
vn 0.062058 -0.020910 0.075575
vn 0.060388 -0.025333 0.075575
vn 0.058402 -0.029625 0.075575
vn 0.056112 -0.033762 0.075575
vn 0.053530 -0.037723 0.075575
vn 0.050668 -0.041487 0.075575
vn 0.047543 -0.045035 0.075575
vn 0.044169 -0.048348 0.075575
vn 0.040565 -0.051409 0.075575
vn 0.036750 -0.054202 0.075575
vn 0.032743 -0.056713 0.075575
vn 0.028565 -0.058927 0.075575
vn 0.024239 -0.060835 0.075575
vn 0.019786 -0.062425 0.075575
vn 0.015230 -0.063690 0.075575
vn 0.010594 -0.064623 0.075575
vn 0.005904 -0.065219 0.075575
vn 0.001182 -0.065475 0.075575
vn -0.003545 -0.065390 0.075575
vn -0.008255 -0.064964 0.075575
vn -0.012921 -0.064199 0.075575
vn -0.017519 -0.063099 0.075575
vn -0.022027 -0.061670 0.075575
vn -0.026419 -0.059920 0.075575
vn -0.030674 -0.057858 0.075575
vn -0.034769 -0.055494 0.075575
vn -0.038683 -0.052840 0.075575
vn -0.042395 -0.049911 0.075575
vn -0.045886 -0.046722 0.075575
vn -0.049137 -0.043289 0.075575
vn -0.052133 -0.039630 0.075575
vn -0.054857 -0.035765 0.075575
vn -0.057295 -0.031714 0.075575
vn -0.059434 -0.027497 0.075575
vn -0.061263 -0.023137 0.075575
vn -0.062773 -0.018656 0.075575
vn -0.063955 -0.014078 0.075575
vn -0.064804 -0.009426 0.075575
vn -0.065315 -0.004725 0.075575
vn -0.059928 0.000000 0.080054
vn -0.059772 0.004324 0.080054
vn -0.059304 0.008626 0.080054
vn -0.058527 0.012883 0.080054
vn -0.057445 0.017072 0.080054
vn -0.056063 0.021173 0.080054
vn -0.054389 0.025163 0.080054
vn -0.052431 0.029022 0.080054
vn -0.050201 0.032730 0.080054
vn -0.047708 0.036267 0.080054
vn -0.044967 0.039615 0.080054
vn -0.041991 0.042756 0.080054
vn -0.038796 0.045675 0.080054
vn -0.035399 0.048355 0.080054
vn -0.031818 0.050783 0.080054
vn -0.028071 0.052947 0.080054
vn -0.024177 0.054834 0.080054
vn -0.020157 0.056436 0.080054
vn -0.016032 0.057743 0.080054
vn -0.011824 0.058750 0.080054
vn -0.007554 0.059450 0.080054
vn -0.003244 0.059840 0.080054
vn 0.001082 0.059918 0.080054
vn 0.005403 0.059684 0.080054
vn 0.009695 0.059138 0.080054
vn 0.013937 0.058285 0.080054
vn 0.018107 0.057127 0.080054
vn 0.022182 0.055672 0.080054
vn 0.026141 0.053926 0.080054
vn 0.029964 0.051899 0.080054
vn 0.033631 0.049602 0.080054
vn 0.037122 0.047046 0.080054
vn 0.040420 0.044244 0.080054
vn 0.043507 0.041212 0.080054
vn 0.046368 0.037965 0.080054
vn 0.048986 0.034521 0.080054
vn 0.051350 0.030896 0.080054
vn 0.053445 0.027110 0.080054
vn 0.055262 0.023183 0.080054
vn 0.056791 0.019135 0.080054
vn 0.058023 0.014987 0.080054
vn 0.058954 0.010761 0.080054
vn 0.059576 0.006479 0.080054
vn 0.059889 0.002164 0.080054
vn 0.059889 -0.002164 0.080054
vn 0.059576 -0.006479 0.080054
vn 0.058954 -0.010761 0.080054
vn 0.058023 -0.014987 0.080054
vn 0.056791 -0.019135 0.080054
vn 0.055262 -0.023183 0.080054
vn 0.053445 -0.027110 0.080054
vn 0.051350 -0.030896 0.080054
vn 0.048986 -0.034521 0.080054
vn 0.046368 -0.037965 0.080054
vn 0.043507 -0.041212 0.080054
vn 0.040420 -0.044244 0.080054
vn 0.037122 -0.047046 0.080054
vn 0.033631 -0.049602 0.080054
vn 0.029964 -0.051899 0.080054
vn 0.026141 -0.053926 0.080054
vn 0.022182 -0.055672 0.080054
vn 0.018107 -0.057127 0.080054
vn 0.013937 -0.058285 0.080054
vn 0.009695 -0.059138 0.080054
vn 0.005403 -0.059684 0.080054
vn 0.001082 -0.059918 0.080054
vn -0.003244 -0.059840 0.080054
vn -0.007554 -0.059450 0.080054
vn -0.011824 -0.058750 0.080054
vn -0.016032 -0.057743 0.080054
vn -0.020157 -0.056436 0.080054
vn -0.024177 -0.054834 0.080054
vn -0.028071 -0.052947 0.080054
vn -0.031818 -0.050783 0.080054
vn -0.035399 -0.048355 0.080054
vn -0.038796 -0.045675 0.080054
vn -0.041991 -0.042756 0.080054
vn -0.044967 -0.039615 0.080054
vn -0.047708 -0.036267 0.080054
vn -0.050201 -0.032730 0.080054
vn -0.052431 -0.029022 0.080054
vn -0.054389 -0.025163 0.080054
vn -0.056063 -0.021173 0.080054
vn -0.057445 -0.017072 0.080054
vn -0.058527 -0.012883 0.080054
vn -0.059304 -0.008626 0.080054
vn -0.059772 -0.004324 0.080054
vn -0.054064 0.000000 0.084125
vn -0.053923 0.003901 0.084125
vn -0.053501 0.007782 0.084125
vn -0.052800 0.011622 0.084125
vn -0.051824 0.015402 0.084125
vn -0.050577 0.019101 0.084125
vn -0.049067 0.022701 0.084125
vn -0.047301 0.026182 0.084125
vn -0.045289 0.029527 0.084125
vn -0.043040 0.032718 0.084125
vn -0.040567 0.035739 0.084125
vn -0.037882 0.038573 0.084125
vn -0.035000 0.041206 0.084125
vn -0.031936 0.043624 0.084125
vn -0.028705 0.045814 0.084125
vn -0.025324 0.047766 0.084125
vn -0.021811 0.049469 0.084125
vn -0.018185 0.050914 0.084125
vn -0.014464 0.052093 0.084125
vn -0.010667 0.053001 0.084125
vn -0.006815 0.053633 0.084125
vn -0.002927 0.053985 0.084125
vn 0.000976 0.054055 0.084125
vn 0.004874 0.053844 0.084125
vn 0.008747 0.053352 0.084125
vn 0.012574 0.052582 0.084125
vn 0.016335 0.051537 0.084125
vn 0.020011 0.050224 0.084125
vn 0.023583 0.048649 0.084125
vn 0.027032 0.046821 0.084125
vn 0.030340 0.044748 0.084125
vn 0.033490 0.042442 0.084125
vn 0.036465 0.039915 0.084125
vn 0.039250 0.037180 0.084125
vn 0.041831 0.034251 0.084125
vn 0.044193 0.031143 0.084125
vn 0.046325 0.027873 0.084125
vn 0.048216 0.024458 0.084125
vn 0.049855 0.020915 0.084125
vn 0.051234 0.017263 0.084125
vn 0.052346 0.013521 0.084125
vn 0.053185 0.009708 0.084125
vn 0.053747 0.005845 0.084125
vn 0.054029 0.001952 0.084125
vn 0.054029 -0.001952 0.084125
vn 0.053747 -0.005845 0.084125
vn 0.053185 -0.009708 0.084125
vn 0.052346 -0.013521 0.084125
vn 0.051234 -0.017263 0.084125
vn 0.049855 -0.020915 0.084125
vn 0.048216 -0.024458 0.084125
vn 0.046325 -0.027873 0.084125
vn 0.044193 -0.031143 0.084125
vn 0.041831 -0.034251 0.084125
vn 0.039250 -0.037180 0.084125
vn 0.036465 -0.039915 0.084125
vn 0.033490 -0.042442 0.084125
vn 0.030340 -0.044748 0.084125
vn 0.027032 -0.046821 0.084125
vn 0.023583 -0.048649 0.084125
vn 0.020011 -0.050224 0.084125
vn 0.016335 -0.051537 0.084125
vn 0.012574 -0.052582 0.084125
vn 0.008747 -0.053352 0.084125
vn 0.004874 -0.053844 0.084125
vn 0.000976 -0.054055 0.084125
vn -0.002927 -0.053985 0.084125
vn -0.006815 -0.053633 0.084125
vn -0.010667 -0.053001 0.084125
vn -0.014464 -0.052093 0.084125
vn -0.018185 -0.050914 0.084125
vn -0.021811 -0.049469 0.084125
vn -0.025324 -0.047766 0.084125
vn -0.028705 -0.045814 0.084125
vn -0.031936 -0.043624 0.084125
vn -0.035000 -0.041206 0.084125
vn -0.037882 -0.038573 0.084125
vn -0.040567 -0.035739 0.084125
vn -0.043040 -0.032718 0.084125
vn -0.045289 -0.029527 0.084125
vn -0.047301 -0.026182 0.084125
vn -0.049067 -0.022701 0.084125
vn -0.050577 -0.019101 0.084125
vn -0.051824 -0.015402 0.084125
vn -0.052800 -0.011622 0.084125
vn -0.053501 -0.007782 0.084125
vn -0.053923 -0.003901 0.084125
vn -0.047925 0.000000 0.087768
vn -0.047800 0.003458 0.087768
vn -0.047426 0.006898 0.087768
vn -0.046804 0.010302 0.087768
vn -0.045939 0.013653 0.087768
vn -0.044834 0.016932 0.087768
vn -0.043495 0.020123 0.087768
vn -0.041930 0.023209 0.087768
vn -0.040146 0.026174 0.087768
vn -0.038153 0.029003 0.087768
vn -0.035960 0.031680 0.087768
vn -0.033581 0.034193 0.087768
vn -0.031026 0.036527 0.087768
vn -0.028309 0.038670 0.087768
vn -0.025445 0.040612 0.087768
vn -0.022448 0.042342 0.087768
vn -0.019335 0.043852 0.087768
vn -0.016120 0.045133 0.087768
vn -0.012821 0.046178 0.087768
vn -0.009456 0.046983 0.087768
vn -0.006041 0.047543 0.087768
vn -0.002595 0.047855 0.087768
vn 0.000865 0.047917 0.087768
vn 0.004321 0.047730 0.087768
vn 0.007753 0.047294 0.087768
vn 0.011146 0.046611 0.087768
vn 0.014480 0.045685 0.087768
vn 0.017739 0.044521 0.087768
vn 0.020905 0.043125 0.087768
vn 0.023962 0.041504 0.087768
vn 0.026895 0.039667 0.087768
vn 0.029687 0.037623 0.087768
vn 0.032324 0.035383 0.087768
vn 0.034793 0.032958 0.087768
vn 0.037081 0.030361 0.087768
vn 0.039175 0.027607 0.087768
vn 0.041065 0.024708 0.087768
vn 0.042741 0.021680 0.087768
vn 0.044194 0.018540 0.087768
vn 0.045416 0.015302 0.087768
vn 0.046402 0.011985 0.087768
vn 0.047146 0.008606 0.087768
vn 0.047644 0.005182 0.087768
vn 0.047894 0.001730 0.087768
vn 0.047894 -0.001730 0.087768
vn 0.047644 -0.005182 0.087768
vn 0.047146 -0.008606 0.087768
vn 0.046402 -0.011985 0.087768
vn 0.045416 -0.015302 0.087768
vn 0.044194 -0.018540 0.087768
vn 0.042741 -0.021680 0.087768
vn 0.041065 -0.024708 0.087768
vn 0.039175 -0.027607 0.087768
vn 0.037081 -0.030361 0.087768
vn 0.034793 -0.032958 0.087768
vn 0.032324 -0.035383 0.087768
vn 0.029687 -0.037623 0.087768
vn 0.026895 -0.039667 0.087768
vn 0.023962 -0.041504 0.087768
vn 0.020905 -0.043125 0.087768
vn 0.017739 -0.044521 0.087768
vn 0.014480 -0.045685 0.087768
vn 0.011146 -0.046611 0.087768
vn 0.007753 -0.047294 0.087768
vn 0.004321 -0.047730 0.087768
vn 0.000865 -0.047917 0.087768
vn -0.002595 -0.047855 0.087768
vn -0.006041 -0.047543 0.087768
vn -0.009456 -0.046983 0.087768
vn -0.012821 -0.046178 0.087768
vn -0.016120 -0.045133 0.087768
vn -0.019335 -0.043852 0.087768
vn -0.022448 -0.042342 0.087768
vn -0.025445 -0.040612 0.087768
vn -0.028309 -0.038670 0.087768
vn -0.031026 -0.036527 0.087768
vn -0.033581 -0.034193 0.087768
vn -0.035960 -0.031680 0.087768
vn -0.038153 -0.029003 0.087768
vn -0.040146 -0.026174 0.087768
vn -0.041930 -0.023209 0.087768
vn -0.043495 -0.020123 0.087768
vn -0.044834 -0.016932 0.087768
vn -0.045939 -0.013653 0.087768
vn -0.046804 -0.010302 0.087768
vn -0.047426 -0.006898 0.087768
vn -0.047800 -0.003458 0.087768
vn -0.041542 0.000000 0.090963
vn -0.041433 0.002998 0.090963
vn -0.041109 0.005979 0.090963
vn -0.040570 0.008930 0.090963
vn -0.039820 0.011834 0.090963
vn -0.038862 0.014677 0.090963
vn -0.037702 0.017443 0.090963
vn -0.036345 0.020118 0.090963
vn -0.034799 0.022688 0.090963
vn -0.033071 0.025140 0.090963
vn -0.031171 0.027461 0.090963
vn -0.029108 0.029638 0.090963
vn -0.026893 0.031661 0.090963
vn -0.024539 0.033519 0.090963
vn -0.022056 0.035203 0.090963
vn -0.019458 0.036702 0.090963
vn -0.016759 0.038011 0.090963
vn -0.013973 0.039121 0.090963
vn -0.011114 0.040027 0.090963
vn -0.008196 0.040725 0.090963
vn -0.005236 0.041210 0.090963
vn -0.002249 0.041481 0.090963
vn 0.000750 0.041535 0.090963
vn 0.003745 0.041372 0.090963
vn 0.006721 0.040994 0.090963
vn 0.009661 0.040402 0.090963
vn 0.012551 0.039600 0.090963
vn 0.015376 0.038591 0.090963
vn 0.018121 0.037381 0.090963
vn 0.020771 0.035976 0.090963
vn 0.023313 0.034383 0.090963
vn 0.025733 0.032612 0.090963
vn 0.028019 0.030670 0.090963
vn 0.030159 0.028568 0.090963
vn 0.032142 0.026317 0.090963
vn 0.033957 0.023930 0.090963
vn 0.035595 0.021417 0.090963
vn 0.037048 0.018793 0.090963
vn 0.038307 0.016070 0.090963
vn 0.039367 0.013264 0.090963
vn 0.040221 0.010389 0.090963
vn 0.040866 0.007460 0.090963
vn 0.041298 0.004491 0.090963
vn 0.041514 0.001500 0.090963
vn 0.041514 -0.001500 0.090963
vn 0.041298 -0.004491 0.090963
vn 0.040866 -0.007460 0.090963
vn 0.040221 -0.010389 0.090963
vn 0.039367 -0.013264 0.090963
vn 0.038307 -0.016070 0.090963
vn 0.037048 -0.018793 0.090963
vn 0.035595 -0.021417 0.090963
vn 0.033957 -0.023930 0.090963
vn 0.032142 -0.026317 0.090963
vn 0.030159 -0.028568 0.090963
vn 0.028019 -0.030670 0.090963
vn 0.025733 -0.032612 0.090963
vn 0.023313 -0.034383 0.090963
vn 0.020771 -0.035976 0.090963
vn 0.018121 -0.037381 0.090963
vn 0.015376 -0.038591 0.090963
vn 0.012551 -0.039600 0.090963
vn 0.009661 -0.040402 0.090963
vn 0.006721 -0.040994 0.090963
vn 0.003745 -0.041372 0.090963
vn 0.000750 -0.041535 0.090963
vn -0.002249 -0.041481 0.090963
vn -0.005236 -0.041210 0.090963
vn -0.008196 -0.040725 0.090963
vn -0.011114 -0.040027 0.090963
vn -0.013973 -0.039121 0.090963
vn -0.016759 -0.038011 0.090963
vn -0.019458 -0.036702 0.090963
vn -0.022056 -0.035203 0.090963
vn -0.024539 -0.033519 0.090963
vn -0.026893 -0.031661 0.090963
vn -0.029108 -0.029638 0.090963
vn -0.031171 -0.027461 0.090963
vn -0.033071 -0.025140 0.090963
vn -0.034799 -0.022688 0.090963
vn -0.036345 -0.020118 0.090963
vn -0.037702 -0.017443 0.090963
vn -0.038862 -0.014677 0.090963
vn -0.039820 -0.011834 0.090963
vn -0.040570 -0.008930 0.090963
vn -0.041109 -0.005979 0.090963
vn -0.041433 -0.002998 0.090963
vn -0.034946 0.000000 0.093695
vn -0.034855 0.002522 0.093695
vn -0.034583 0.005030 0.093695
vn -0.034129 0.007512 0.093695
vn -0.033498 0.009956 0.093695
vn -0.032693 0.012347 0.093695
vn -0.031717 0.014674 0.093695
vn -0.030575 0.016924 0.093695
vn -0.029274 0.019086 0.093695
vn -0.027821 0.021149 0.093695
vn -0.026222 0.023101 0.093695
vn -0.024487 0.024933 0.093695
vn -0.022624 0.026635 0.093695
vn -0.020643 0.028198 0.093695
vn -0.018554 0.029614 0.093695
vn -0.016369 0.030876 0.093695
vn -0.014099 0.031976 0.093695
vn -0.011755 0.032910 0.093695
vn -0.009349 0.033673 0.093695
vn -0.006895 0.034259 0.093695
vn -0.004405 0.034668 0.093695
vn -0.001892 0.034895 0.093695
vn 0.000631 0.034941 0.093695
vn 0.003151 0.034804 0.093695
vn 0.005654 0.034486 0.093695
vn 0.008127 0.033988 0.093695
vn 0.010559 0.033313 0.093695
vn 0.012935 0.032464 0.093695
vn 0.015244 0.031446 0.093695
vn 0.017473 0.030264 0.093695
vn 0.019611 0.028925 0.093695
vn 0.021648 0.027434 0.093695
vn 0.023571 0.025801 0.093695
vn 0.025371 0.024033 0.093695
vn 0.027039 0.022139 0.093695
vn 0.028566 0.020130 0.093695
vn 0.029944 0.018017 0.093695
vn 0.031166 0.015809 0.093695
vn 0.032226 0.013519 0.093695
vn 0.033117 0.011158 0.093695
vn 0.033836 0.008740 0.093695
vn 0.034378 0.006275 0.093695
vn 0.034742 0.003778 0.093695
vn 0.034924 0.001262 0.093695
vn 0.034924 -0.001262 0.093695
vn 0.034742 -0.003778 0.093695
vn 0.034378 -0.006275 0.093695
vn 0.033836 -0.008740 0.093695
vn 0.033117 -0.011158 0.093695
vn 0.032226 -0.013519 0.093695
vn 0.031166 -0.015809 0.093695
vn 0.029944 -0.018017 0.093695
vn 0.028566 -0.020130 0.093695
vn 0.027039 -0.022139 0.093695
vn 0.025371 -0.024033 0.093695
vn 0.023571 -0.025801 0.093695
vn 0.021648 -0.027434 0.093695
vn 0.019611 -0.028925 0.093695
vn 0.017473 -0.030264 0.093695
vn 0.015244 -0.031446 0.093695
vn 0.012935 -0.032464 0.093695
vn 0.010559 -0.033313 0.093695
vn 0.008127 -0.033988 0.093695
vn 0.005654 -0.034486 0.093695
vn 0.003151 -0.034804 0.093695
vn 0.000631 -0.034941 0.093695
vn -0.001892 -0.034895 0.093695
vn -0.004405 -0.034668 0.093695
vn -0.006895 -0.034259 0.093695
vn -0.009349 -0.033673 0.093695
vn -0.011755 -0.032910 0.093695
vn -0.014099 -0.031976 0.093695
vn -0.016369 -0.030876 0.093695
vn -0.018554 -0.029614 0.093695
vn -0.020643 -0.028198 0.093695
vn -0.022624 -0.026635 0.093695
vn -0.024487 -0.024933 0.093695
vn -0.026222 -0.023101 0.093695
vn -0.027821 -0.021149 0.093695
vn -0.029274 -0.019086 0.093695
vn -0.030575 -0.016924 0.093695
vn -0.031717 -0.014674 0.093695
vn -0.032693 -0.012347 0.093695
vn -0.033498 -0.009956 0.093695
vn -0.034129 -0.007512 0.093695
vn -0.034583 -0.005030 0.093695
vn -0.034855 -0.002522 0.093695
vn -0.028173 0.000000 0.095949
vn -0.028100 0.002033 0.095949
vn -0.027880 0.004055 0.095949
vn -0.027515 0.006056 0.095949
vn -0.027006 0.008026 0.095949
vn -0.026356 0.009954 0.095949
vn -0.025569 0.011830 0.095949
vn -0.024649 0.013644 0.095949
vn -0.023600 0.015387 0.095949
vn -0.022429 0.017050 0.095949
vn -0.021140 0.018624 0.095949
vn -0.019741 0.020101 0.095949
vn -0.018239 0.021473 0.095949
vn -0.016642 0.022733 0.095949
vn -0.014958 0.023874 0.095949
vn -0.013197 0.024891 0.095949
vn -0.011366 0.025779 0.095949
vn -0.009476 0.026532 0.095949
vn -0.007537 0.027146 0.095949
vn -0.005559 0.027619 0.095949
vn -0.003551 0.027949 0.095949
vn -0.001525 0.028132 0.095949
vn 0.000509 0.028169 0.095949
vn 0.002540 0.028059 0.095949
vn 0.004558 0.027802 0.095949
vn 0.006552 0.027401 0.095949
vn 0.008512 0.026857 0.095949
vn 0.010428 0.026172 0.095949
vn 0.012289 0.025352 0.095949
vn 0.014087 0.024399 0.095949
vn 0.015810 0.023319 0.095949
vn 0.017452 0.022117 0.095949
vn 0.019002 0.020800 0.095949
vn 0.020454 0.019375 0.095949
vn 0.021798 0.017848 0.095949
vn 0.023029 0.016229 0.095949
vn 0.024140 0.014525 0.095949
vn 0.025126 0.012745 0.095949
vn 0.025980 0.010899 0.095949
vn 0.026698 0.008996 0.095949
vn 0.027278 0.007046 0.095949
vn 0.027715 0.005059 0.095949
vn 0.028008 0.003046 0.095949
vn 0.028155 0.001017 0.095949
vn 0.028155 -0.001017 0.095949
vn 0.028008 -0.003046 0.095949
vn 0.027715 -0.005059 0.095949
vn 0.027278 -0.007046 0.095949
vn 0.026698 -0.008996 0.095949
vn 0.025980 -0.010899 0.095949
vn 0.025126 -0.012745 0.095949
vn 0.024140 -0.014525 0.095949
vn 0.023029 -0.016229 0.095949
vn 0.021798 -0.017848 0.095949
vn 0.020454 -0.019375 0.095949
vn 0.019002 -0.020800 0.095949
vn 0.017452 -0.022117 0.095949
vn 0.015810 -0.023319 0.095949
vn 0.014087 -0.024399 0.095949
vn 0.012289 -0.025352 0.095949
vn 0.010428 -0.026172 0.095949
vn 0.008512 -0.026857 0.095949
vn 0.006552 -0.027401 0.095949
vn 0.004558 -0.027802 0.095949
vn 0.002540 -0.028059 0.095949
vn 0.000509 -0.028169 0.095949
vn -0.001525 -0.028132 0.095949
vn -0.003551 -0.027949 0.095949
vn -0.005559 -0.027619 0.095949
vn -0.007537 -0.027146 0.095949
vn -0.009476 -0.026532 0.095949
vn -0.011366 -0.025779 0.095949
vn -0.013197 -0.024891 0.095949
vn -0.014958 -0.023874 0.095949
vn -0.016642 -0.022733 0.095949
vn -0.018239 -0.021473 0.095949
vn -0.019741 -0.020101 0.095949
vn -0.021140 -0.018624 0.095949
vn -0.022429 -0.017050 0.095949
vn -0.023600 -0.015387 0.095949
vn -0.024649 -0.013644 0.095949
vn -0.025569 -0.011830 0.095949
vn -0.026356 -0.009954 0.095949
vn -0.027006 -0.008026 0.095949
vn -0.027515 -0.006056 0.095949
vn -0.027880 -0.004055 0.095949
vn -0.028100 -0.002033 0.095949
vn -0.021257 0.000000 0.097715
vn -0.021201 0.001534 0.097715
vn -0.021035 0.003060 0.097715
vn -0.020760 0.004570 0.097715
vn -0.020376 0.006056 0.097715
vn -0.019886 0.007510 0.097715
vn -0.019292 0.008925 0.097715
vn -0.018598 0.010294 0.097715
vn -0.017806 0.011609 0.097715
vn -0.016922 0.012864 0.097715
vn -0.015950 0.014051 0.097715
vn -0.014894 0.015166 0.097715
vn -0.013761 0.016201 0.097715
vn -0.012556 0.017152 0.097715
vn -0.011286 0.018013 0.097715
vn -0.009957 0.018780 0.097715
vn -0.008576 0.019450 0.097715
vn -0.007150 0.020018 0.097715
vn -0.005687 0.020482 0.097715
vn -0.004194 0.020839 0.097715
vn -0.002679 0.021087 0.097715
vn -0.001151 0.021225 0.097715
vn 0.000384 0.021253 0.097715
vn 0.001916 0.021170 0.097715
vn 0.003439 0.020977 0.097715
vn 0.004944 0.020674 0.097715
vn 0.006422 0.020263 0.097715
vn 0.007868 0.019747 0.097715
vn 0.009272 0.019128 0.097715
vn 0.010628 0.018409 0.097715
vn 0.011929 0.017594 0.097715
vn 0.013167 0.016687 0.097715
vn 0.014337 0.015694 0.097715
vn 0.015432 0.014618 0.097715
vn 0.016447 0.013466 0.097715
vn 0.017376 0.012245 0.097715
vn 0.018214 0.010959 0.097715
vn 0.018957 0.009616 0.097715
vn 0.019602 0.008223 0.097715
vn 0.020144 0.006787 0.097715
vn 0.020581 0.005316 0.097715
vn 0.020911 0.003817 0.097715
vn 0.021132 0.002298 0.097715
vn 0.021243 0.000767 0.097715
vn 0.021243 -0.000767 0.097715
vn 0.021132 -0.002298 0.097715
vn 0.020911 -0.003817 0.097715
vn 0.020581 -0.005316 0.097715
vn 0.020144 -0.006787 0.097715
vn 0.019602 -0.008223 0.097715
vn 0.018957 -0.009616 0.097715
vn 0.018214 -0.010959 0.097715
vn 0.017376 -0.012245 0.097715
vn 0.016447 -0.013466 0.097715
vn 0.015432 -0.014618 0.097715
vn 0.014337 -0.015694 0.097715
vn 0.013167 -0.016687 0.097715
vn 0.011929 -0.017594 0.097715
vn 0.010628 -0.018409 0.097715
vn 0.009272 -0.019128 0.097715
vn 0.007868 -0.019747 0.097715
vn 0.006422 -0.020263 0.097715
vn 0.004944 -0.020674 0.097715
vn 0.003439 -0.020977 0.097715
vn 0.001916 -0.021170 0.097715
vn 0.000384 -0.021253 0.097715
vn -0.001151 -0.021225 0.097715
vn -0.002679 -0.021087 0.097715
vn -0.004194 -0.020839 0.097715
vn -0.005687 -0.020482 0.097715
vn -0.007150 -0.020018 0.097715
vn -0.008576 -0.019450 0.097715
vn -0.009957 -0.018780 0.097715
vn -0.011286 -0.018013 0.097715
vn -0.012556 -0.017152 0.097715
vn -0.013761 -0.016201 0.097715
vn -0.014894 -0.015166 0.097715
vn -0.015950 -0.014051 0.097715
vn -0.016922 -0.012864 0.097715
vn -0.017806 -0.011609 0.097715
vn -0.018598 -0.010294 0.097715
vn -0.019292 -0.008925 0.097715
vn -0.019886 -0.007510 0.097715
vn -0.020376 -0.006056 0.097715
vn -0.020760 -0.004570 0.097715
vn -0.021035 -0.003060 0.097715
vn -0.021201 -0.001534 0.097715
vn -0.014231 0.000000 0.098982
vn -0.014194 0.001027 0.098982
vn -0.014083 0.002048 0.098982
vn -0.013899 0.003059 0.098982
vn -0.013642 0.004054 0.098982
vn -0.013314 0.005028 0.098982
vn -0.012916 0.005976 0.098982
vn -0.012451 0.006892 0.098982
vn -0.011922 0.007773 0.098982
vn -0.011330 0.008613 0.098982
vn -0.010679 0.009408 0.098982
vn -0.009972 0.010154 0.098982
vn -0.009213 0.010847 0.098982
vn -0.008407 0.011483 0.098982
vn -0.007556 0.012060 0.098982
vn -0.006666 0.012574 0.098982
vn -0.005741 0.013022 0.098982
vn -0.004787 0.013402 0.098982
vn -0.003807 0.013713 0.098982
vn -0.002808 0.013952 0.098982
vn -0.001794 0.014118 0.098982
vn -0.000770 0.014211 0.098982
vn 0.000257 0.014229 0.098982
vn 0.001283 0.014174 0.098982
vn 0.002302 0.014044 0.098982
vn 0.003310 0.013841 0.098982
vn 0.004300 0.013566 0.098982
vn 0.005268 0.013221 0.098982
vn 0.006208 0.012806 0.098982
vn 0.007116 0.012325 0.098982
vn 0.007987 0.011779 0.098982
vn 0.008816 0.011172 0.098982
vn 0.009599 0.010507 0.098982
vn 0.010332 0.009787 0.098982
vn 0.011011 0.009016 0.098982
vn 0.011633 0.008198 0.098982
vn 0.012194 0.007337 0.098982
vn 0.012692 0.006438 0.098982
vn 0.013123 0.005505 0.098982
vn 0.013487 0.004544 0.098982
vn 0.013779 0.003559 0.098982
vn 0.014000 0.002556 0.098982
vn 0.014148 0.001539 0.098982
vn 0.014222 0.000514 0.098982
vn 0.014222 -0.000514 0.098982
vn 0.014148 -0.001539 0.098982
vn 0.014000 -0.002556 0.098982
vn 0.013779 -0.003559 0.098982
vn 0.013487 -0.004544 0.098982
vn 0.013123 -0.005505 0.098982
vn 0.012692 -0.006438 0.098982
vn 0.012194 -0.007337 0.098982
vn 0.011633 -0.008198 0.098982
vn 0.011011 -0.009016 0.098982
vn 0.010332 -0.009787 0.098982
vn 0.009599 -0.010507 0.098982
vn 0.008816 -0.011172 0.098982
vn 0.007987 -0.011779 0.098982
vn 0.007116 -0.012325 0.098982
vn 0.006208 -0.012806 0.098982
vn 0.005268 -0.013221 0.098982
vn 0.004300 -0.013566 0.098982
vn 0.003310 -0.013841 0.098982
vn 0.002302 -0.014044 0.098982
vn 0.001283 -0.014174 0.098982
vn 0.000257 -0.014229 0.098982
vn -0.000770 -0.014211 0.098982
vn -0.001794 -0.014118 0.098982
vn -0.002808 -0.013952 0.098982
vn -0.003807 -0.013713 0.098982
vn -0.004787 -0.013402 0.098982
vn -0.005741 -0.013022 0.098982
vn -0.006666 -0.012574 0.098982
vn -0.007556 -0.012060 0.098982
vn -0.008407 -0.011483 0.098982
vn -0.009213 -0.010847 0.098982
vn -0.009972 -0.010154 0.098982
vn -0.010679 -0.009408 0.098982
vn -0.011330 -0.008613 0.098982
vn -0.011922 -0.007773 0.098982
vn -0.012451 -0.006892 0.098982
vn -0.012916 -0.005976 0.098982
vn -0.013314 -0.005028 0.098982
vn -0.013642 -0.004054 0.098982
vn -0.013899 -0.003059 0.098982
vn -0.014083 -0.002048 0.098982
vn -0.014194 -0.001027 0.098982
vn -0.099739 -0.007216 0.000000
vn -0.099739 -0.007216 0.000000
vn -0.100000 -0.000000 0.000000
vn -0.100000 -0.000000 0.000000
vn -0.099739 0.007216 -0.000000
vn -0.099739 0.007216 -0.000000
vn -0.098959 0.014394 -0.000000
vn -0.098959 0.014394 -0.000000
vn -0.097662 0.021497 -0.000000
vn -0.097662 0.021497 -0.000000
vn -0.095856 0.028488 -0.000000
vn -0.095856 0.028488 -0.000000
vn -0.093551 0.035331 -0.000000
vn -0.093551 0.035331 -0.000000
vn -0.090758 0.041989 -0.000000
vn -0.090758 0.041989 -0.000000
vn -0.087491 0.048428 -0.000000
vn -0.087491 0.048428 -0.000000
vn -0.083769 0.054615 -0.000000
vn -0.083769 0.054615 -0.000000
vn -0.079609 0.060517 -0.000000
vn -0.079609 0.060517 -0.000000
vn -0.075035 0.066104 -0.000000
vn -0.075035 0.066104 -0.000000
vn -0.070069 0.071346 -0.000000
vn -0.070069 0.071346 -0.000000
vn -0.064739 0.076216 -0.000000
vn -0.064739 0.076216 -0.000000
vn -0.059070 0.080689 -0.000000
vn -0.059070 0.080689 -0.000000
vn -0.053094 0.084741 -0.000000
vn -0.053094 0.084741 -0.000000
vn -0.046841 0.088351 -0.000000
vn -0.046841 0.088351 -0.000000
vn -0.040344 0.091501 -0.000000
vn -0.040344 0.091501 -0.000000
vn -0.033636 0.094173 -0.000000
vn -0.033636 0.094173 -0.000000
vn -0.026753 0.096355 -0.000000
vn -0.026753 0.096355 -0.000000
vn -0.019730 0.098034 -0.000000
vn -0.019730 0.098034 -0.000000
vn -0.012605 0.099202 -0.000000
vn -0.012605 0.099202 -0.000000
vn -0.005414 0.099853 -0.000000
vn -0.005414 0.099853 -0.000000
vn 0.001805 0.099984 0.000000
vn 0.001805 0.099984 0.000000
vn 0.009015 0.099593 0.000000
vn 0.009015 0.099593 0.000000
vn 0.016178 0.098683 0.000000
vn 0.016178 0.098683 0.000000
vn 0.023257 0.097258 0.000000
vn 0.023257 0.097258 0.000000
vn 0.030214 0.095326 0.000000
vn 0.030214 0.095326 0.000000
vn 0.037014 0.092898 0.000000
vn 0.037014 0.092898 0.000000
vn 0.043621 0.089985 0.000000
vn 0.043621 0.089985 0.000000
vn 0.050000 0.086603 0.000000
vn 0.050000 0.086603 0.000000
vn 0.056119 0.082769 0.000000
vn 0.056119 0.082769 0.000000
vn 0.061945 0.078504 0.000000
vn 0.061945 0.078504 0.000000
vn 0.067448 0.073829 0.000000
vn 0.067448 0.073829 0.000000
vn 0.072600 0.068770 0.000000
vn 0.072600 0.068770 0.000000
vn 0.077373 0.063352 0.000000
vn 0.077373 0.063352 0.000000
vn 0.081742 0.057604 0.000000
vn 0.081742 0.057604 0.000000
vn 0.085686 0.051555 0.000000
vn 0.085686 0.051555 0.000000
vn 0.089182 0.045238 0.000000
vn 0.089182 0.045238 0.000000
vn 0.092214 0.038685 0.000000
vn 0.092214 0.038685 0.000000
vn 0.094765 0.031930 0.000000
vn 0.094765 0.031930 0.000000
vn 0.096822 0.025009 0.000000
vn 0.096822 0.025009 0.000000
vn 0.098374 0.017957 0.000000
vn 0.098374 0.017957 0.000000
vn 0.099414 0.010812 0.000000
vn 0.099414 0.010812 0.000000
vn 0.099935 0.003610 0.000000
vn 0.099935 0.003610 0.000000
vn 0.099935 -0.003610 0.000000
vn 0.099935 -0.003610 0.000000
vn 0.099414 -0.010812 0.000000
vn 0.099414 -0.010812 0.000000
vn 0.098374 -0.017957 0.000000
vn 0.098374 -0.017957 0.000000
vn 0.096822 -0.025009 0.000000
vn 0.096822 -0.025009 0.000000
vn 0.094765 -0.031930 0.000000
vn 0.094765 -0.031930 0.000000
vn 0.092214 -0.038685 0.000000
vn 0.092214 -0.038685 0.000000
vn 0.089182 -0.045238 0.000000
vn 0.089182 -0.045238 0.000000
vn 0.085686 -0.051555 0.000000
vn 0.085686 -0.051555 0.000000
vn 0.081742 -0.057604 0.000000
vn 0.081742 -0.057604 0.000000
vn 0.077373 -0.063352 0.000000
vn 0.077373 -0.063352 0.000000
vn 0.072600 -0.068770 0.000000
vn 0.072600 -0.068770 0.000000
vn 0.067448 -0.073829 0.000000
vn 0.067448 -0.073829 0.000000
vn 0.061945 -0.078504 0.000000
vn 0.061945 -0.078504 0.000000
vn 0.056119 -0.082769 0.000000
vn 0.056119 -0.082769 0.000000
vn 0.050000 -0.086603 0.000000
vn 0.050000 -0.086603 0.000000
vn 0.043621 -0.089985 0.000000
vn 0.043621 -0.089985 0.000000
vn 0.037014 -0.092898 0.000000
vn 0.037014 -0.092898 0.000000
vn 0.030214 -0.095326 0.000000
vn 0.030214 -0.095326 0.000000
vn 0.023257 -0.097258 0.000000
vn 0.023257 -0.097258 0.000000
vn 0.016178 -0.098683 0.000000
vn 0.016178 -0.098683 0.000000
vn 0.009015 -0.099593 0.000000
vn 0.009015 -0.099593 0.000000
vn 0.001805 -0.099984 0.000000
vn 0.001805 -0.099984 0.000000
vn -0.005414 -0.099853 0.000000
vn -0.005414 -0.099853 0.000000
vn -0.012605 -0.099202 0.000000
vn -0.012605 -0.099202 0.000000
vn -0.019730 -0.098034 0.000000
vn -0.019730 -0.098034 0.000000
vn -0.026753 -0.096355 0.000000
vn -0.026753 -0.096355 0.000000
vn -0.033636 -0.094173 0.000000
vn -0.033636 -0.094173 0.000000
vn -0.040344 -0.091501 0.000000
vn -0.040344 -0.091501 0.000000
vn -0.046841 -0.088351 0.000000
vn -0.046841 -0.088351 0.000000
vn -0.053094 -0.084741 0.000000
vn -0.053094 -0.084741 0.000000
vn -0.059070 -0.080689 0.000000
vn -0.059070 -0.080689 0.000000
vn -0.064739 -0.076216 0.000000
vn -0.064739 -0.076216 0.000000
vn -0.070069 -0.071346 0.000000
vn -0.070069 -0.071346 0.000000
vn -0.075035 -0.066104 0.000000
vn -0.075035 -0.066104 0.000000
vn -0.079609 -0.060517 0.000000
vn -0.079609 -0.060517 0.000000
vn -0.083769 -0.054615 0.000000
vn -0.083769 -0.054615 0.000000
vn -0.087491 -0.048428 0.000000
vn -0.087491 -0.048428 0.000000
vn -0.090758 -0.041989 0.000000
vn -0.090758 -0.041989 0.000000
vn -0.093551 -0.035331 0.000000
vn -0.093551 -0.035331 0.000000
vn -0.095856 -0.028488 0.000000
vn -0.095856 -0.028488 0.000000
vn -0.097662 -0.021497 0.000000
vn -0.097662 -0.021497 0.000000
vn -0.098959 -0.014394 0.000000
vn -0.098959 -0.014394 0.000000
vn 0.000000 0.000000 -0.100000
vn 0.000000 0.000000 -0.100000
vn 0.000000 0.000000 -0.100000
vn 0.000000 0.000000 -0.100000
vn 0.000000 0.000000 -0.100000
vn 0.000000 0.000000 -0.100000
vn 0.000000 0.000000 -0.100000
vn 0.000000 0.000000 -0.100000
vn 0.000000 0.000000 -0.100000
vn 0.000000 0.000000 -0.100000
vn 0.000000 0.000000 -0.100000
vn 0.000000 0.000000 -0.100000
vn 0.000000 0.000000 -0.100000
vn 0.000000 0.000000 -0.100000
vn 0.000000 0.000000 -0.100000
vn 0.000000 0.000000 -0.100000
vn 0.000000 0.000000 -0.100000
vn 0.000000 0.000000 -0.100000
vn 0.000000 0.000000 -0.100000
vn 0.000000 0.000000 -0.100000
vn 0.000000 0.000000 -0.100000
vn 0.000000 0.000000 -0.100000
vn 0.000000 0.000000 -0.100000
vn 0.000000 0.000000 -0.100000
vn 0.000000 0.000000 -0.100000
vn 0.000000 0.000000 -0.100000
vn 0.000000 0.000000 -0.100000
vn 0.000000 0.000000 -0.100000
vn 0.000000 0.000000 -0.100000
vn 0.000000 0.000000 -0.100000
vn 0.000000 0.000000 -0.100000
vn 0.000000 0.000000 -0.100000
vn 0.000000 0.000000 -0.100000
vn 0.000000 0.000000 -0.100000
vn 0.000000 0.000000 -0.100000
vn 0.000000 0.000000 -0.100000
vn 0.000000 0.000000 -0.100000
vn 0.000000 0.000000 -0.100000
vn 0.000000 0.000000 -0.100000
vn 0.000000 0.000000 -0.100000
vn 0.000000 0.000000 -0.100000
vn 0.000000 0.000000 -0.100000
vn 0.000000 0.000000 -0.100000
vn 0.000000 0.000000 -0.100000
vn 0.000000 0.000000 -0.100000
vn 0.000000 0.000000 -0.100000
vn 0.000000 0.000000 -0.100000
vn 0.000000 0.000000 -0.100000
vn 0.000000 0.000000 -0.100000
vn 0.000000 0.000000 -0.100000
vn 0.000000 0.000000 -0.100000
vn 0.000000 0.000000 -0.100000
vn 0.000000 0.000000 -0.100000
vn 0.000000 0.000000 -0.100000
vn 0.000000 0.000000 -0.100000
vn 0.000000 0.000000 -0.100000
vn 0.000000 0.000000 -0.100000
vn 0.000000 0.000000 -0.100000
vn 0.000000 0.000000 -0.100000
vn 0.000000 0.000000 -0.100000
vn 0.000000 0.000000 -0.100000
vn 0.000000 0.000000 -0.100000
vn 0.000000 0.000000 -0.100000
vn 0.000000 0.000000 -0.100000
vn 0.000000 0.000000 -0.100000
vn 0.000000 0.000000 -0.100000
vn 0.000000 0.000000 -0.100000
vn 0.000000 0.000000 -0.100000
vn 0.000000 0.000000 -0.100000
vn 0.000000 0.000000 -0.100000
vn 0.000000 0.000000 -0.100000
vn 0.000000 0.000000 -0.100000
vn 0.000000 0.000000 -0.100000
vn 0.000000 0.000000 -0.100000
vn 0.000000 0.000000 -0.100000
vn 0.000000 0.000000 -0.100000
vn 0.000000 0.000000 -0.100000
vn 0.000000 0.000000 -0.100000
vn 0.000000 0.000000 -0.100000
vn 0.000000 0.000000 -0.100000
vn 0.000000 0.000000 -0.100000
vn 0.000000 0.000000 -0.100000
vn 0.000000 0.000000 -0.100000
vn 0.000000 0.000000 -0.100000
vn 0.000000 0.000000 -0.100000
vn 0.000000 0.000000 -0.100000
vn 0.000000 0.000000 -0.100000
usemtl ABS_(White)
f 2/1/1 110/2/2 1/3/3
f 1/3/3 110/2/2 89/4/4
f 1/5/3 89/6/4 87/7/5
f 87/7/5 89/6/4 1895/8/6
f 87/7/5 1895/8/6 86/9/7
f 86/9/7 1895/8/6 1874/10/8
f 86/9/7 1874/10/8 85/11/9
f 85/11/9 1874/10/8 1853/12/10
f 85/11/9 1853/12/10 84/13/11
f 84/13/11 1853/12/10 1832/14/12
f 84/13/11 1832/14/12 83/15/13
f 83/15/13 1832/14/12 1811/16/14
f 83/15/13 1811/16/14 82/17/15
f 82/17/15 1811/16/14 1790/18/16
f 82/17/15 1790/18/16 81/19/17
f 81/19/17 1790/18/16 1769/20/18
f 81/19/17 1769/20/18 80/21/19
f 80/21/19 1769/20/18 1748/22/20
f 80/21/19 1748/22/20 79/23/21
f 79/23/21 1748/22/20 1727/24/22
f 79/23/21 1727/24/22 78/25/23
f 78/25/23 1727/24/22 1706/26/24
f 78/25/23 1706/26/24 77/27/25
f 77/27/25 1706/26/24 1685/28/26
f 77/27/25 1685/28/26 76/29/27
f 76/29/27 1685/28/26 1664/30/28
f 76/29/27 1664/30/28 75/31/29
f 75/31/29 1664/30/28 1643/32/30
f 75/31/29 1643/32/30 74/33/31
f 74/33/31 1643/32/30 1622/34/32
f 74/33/31 1622/34/32 73/35/33
f 73/35/33 1622/34/32 1601/36/34
f 73/35/33 1601/36/34 72/37/35
f 72/37/35 1601/36/34 1580/38/36
f 72/37/35 1580/38/36 71/39/37
f 71/39/37 1580/38/36 1559/40/38
f 71/39/37 1559/40/38 70/41/39
f 70/41/39 1559/40/38 1538/42/40
f 70/41/39 1538/42/40 69/43/41
f 69/43/41 1538/42/40 1517/44/42
f 69/43/41 1517/44/42 68/45/43
f 68/45/43 1517/44/42 1496/46/44
f 68/45/43 1496/46/44 67/47/45
f 67/47/45 1496/46/44 1475/48/46
f 67/47/45 1475/48/46 66/49/47
f 66/49/47 1475/48/46 1454/50/48
f 66/49/47 1454/50/48 65/51/49
f 65/51/49 1454/50/48 1433/52/50
f 65/51/49 1433/52/50 64/53/51
f 64/53/51 1433/52/50 1412/54/52
f 64/53/51 1412/54/52 63/55/53
f 63/55/53 1412/54/52 1391/56/54
f 63/55/53 1391/56/54 62/57/55
f 62/57/55 1391/56/54 1370/58/56
f 62/57/55 1370/58/56 61/59/57
f 61/59/57 1370/58/56 1349/60/58
f 61/59/57 1349/60/58 60/61/59
f 60/61/59 1349/60/58 1328/62/60
f 60/61/59 1328/62/60 59/63/61
f 59/63/61 1328/62/60 1307/64/62
f 59/63/61 1307/64/62 58/65/63
f 58/65/63 1307/64/62 1286/66/64
f 58/65/63 1286/66/64 57/67/65
f 57/67/65 1286/66/64 1265/68/66
f 57/67/65 1265/68/66 56/69/67
f 56/69/67 1265/68/66 1244/70/68
f 56/69/67 1244/70/68 55/71/69
f 55/71/69 1244/70/68 1223/72/70
f 55/71/69 1223/72/70 54/73/71
f 54/73/71 1223/72/70 1202/74/72
f 54/73/71 1202/74/72 53/75/73
f 53/75/73 1202/74/72 1181/76/74
f 53/75/73 1181/76/74 52/77/75
f 52/77/75 1181/76/74 1160/78/76
f 52/77/75 1160/78/76 51/79/77
f 51/79/77 1160/78/76 1139/80/78
f 51/79/77 1139/80/78 50/81/79
f 50/81/79 1139/80/78 1118/82/80
f 50/81/79 1118/82/80 49/83/81
f 49/83/81 1118/82/80 1097/84/82
f 49/83/81 1097/84/82 48/85/83
f 48/85/83 1097/84/82 1076/86/84
f 48/85/83 1076/86/84 47/87/85
f 47/87/85 1076/86/84 1055/88/86
f 47/87/85 1055/88/86 46/89/87
f 46/89/87 1055/88/86 1034/90/88
f 46/89/87 1034/90/88 45/91/89
f 45/91/89 1034/90/88 1013/92/90
f 45/91/89 1013/92/90 44/93/91
f 44/93/91 1013/92/90 992/94/92
f 44/93/91 992/94/92 43/95/93
f 43/95/93 992/94/92 971/96/94
f 43/95/93 971/96/94 42/97/95
f 42/97/95 971/96/94 950/98/96
f 42/97/95 950/98/96 41/99/97
f 41/99/97 950/98/96 929/100/98
f 41/99/97 929/100/98 40/101/99
f 40/101/99 929/100/98 908/102/100
f 40/101/99 908/102/100 39/103/101
f 39/103/101 908/102/100 887/104/102
f 39/103/101 887/104/102 38/105/103
f 38/105/103 887/104/102 866/106/104
f 38/105/103 866/106/104 37/107/105
f 37/107/105 866/106/104 845/108/106
f 37/107/105 845/108/106 36/109/107
f 36/109/107 845/108/106 824/110/108
f 36/109/107 824/110/108 35/111/109
f 35/111/109 824/110/108 803/112/110
f 35/111/109 803/112/110 34/113/111
f 34/113/111 803/112/110 782/114/112
f 34/113/111 782/114/112 33/115/113
f 33/115/113 782/114/112 761/116/114
f 33/115/113 761/116/114 32/117/115
f 32/117/115 761/116/114 740/118/116
f 32/117/115 740/118/116 31/119/117
f 31/119/117 740/118/116 719/120/118
f 31/119/117 719/120/118 30/121/119
f 30/121/119 719/120/118 698/122/120
f 30/121/119 698/122/120 29/123/121
f 29/123/121 698/122/120 677/124/122
f 29/123/121 677/124/122 28/125/123
f 28/125/123 677/124/122 656/126/124
f 28/125/123 656/126/124 27/127/125
f 27/127/125 656/126/124 635/128/126
f 27/127/125 635/128/126 26/129/127
f 26/129/127 635/128/126 614/130/128
f 26/129/127 614/130/128 25/131/129
f 25/131/129 614/130/128 593/132/130
f 25/131/129 593/132/130 24/133/131
f 24/133/131 593/132/130 572/134/132
f 24/133/131 572/134/132 23/135/133
f 23/135/133 572/134/132 551/136/134
f 23/135/133 551/136/134 22/137/135
f 22/137/135 551/136/134 530/138/136
f 22/137/135 530/138/136 21/139/137
f 21/139/137 530/138/136 509/140/138
f 21/139/137 509/140/138 20/141/139
f 20/141/139 509/140/138 488/142/140
f 20/141/139 488/142/140 19/143/141
f 19/143/141 488/142/140 467/144/142
f 19/143/141 467/144/142 18/145/143
f 18/145/143 467/144/142 446/146/144
f 18/145/143 446/146/144 17/147/145
f 17/147/145 446/146/144 425/148/146
f 17/147/145 425/148/146 16/149/147
f 16/149/147 425/148/146 404/150/148
f 16/149/147 404/150/148 15/151/149
f 15/151/149 404/150/148 383/152/150
f 15/151/149 383/152/150 14/153/151
f 14/153/151 383/152/150 362/154/152
f 14/153/151 362/154/152 13/155/153
f 13/155/153 362/154/152 341/156/154
f 13/155/153 341/156/154 12/157/155
f 12/157/155 341/156/154 320/158/156
f 12/157/155 320/158/156 11/159/157
f 11/159/157 320/158/156 299/160/158
f 11/159/157 299/160/158 10/161/159
f 10/161/159 299/160/158 278/162/160
f 10/161/159 278/162/160 9/163/161
f 9/163/161 278/162/160 257/164/162
f 9/163/161 257/164/162 8/165/163
f 8/165/163 257/164/162 236/166/164
f 8/165/163 236/166/164 7/167/165
f 7/167/165 236/166/164 215/168/166
f 7/167/165 215/168/166 6/169/167
f 6/169/167 215/168/166 194/170/168
f 6/169/167 194/170/168 5/171/169
f 5/171/169 194/170/168 173/172/170
f 5/171/169 173/172/170 4/173/171
f 4/173/171 173/172/170 152/174/172
f 4/173/171 152/174/172 3/175/173
f 3/175/173 152/174/172 131/176/174
f 3/175/173 131/176/174 2/1/1
f 2/1/1 131/176/174 110/2/2
f 109/177/175 88/178/176 1915/179/177
f 1915/179/177 88/180/176 1894/181/178
f 1894/181/178 88/182/176 1873/183/179
f 1873/183/179 88/184/176 1852/185/180
f 1852/185/180 88/186/176 1831/187/181
f 1831/187/181 88/188/176 1810/189/182
f 1810/189/182 88/190/176 1789/191/183
f 1789/191/183 88/192/176 1768/193/184
f 1768/193/184 88/194/176 1747/195/185
f 1747/195/185 88/196/176 1726/197/186
f 1726/197/186 88/198/176 1705/199/187
f 1705/199/187 88/200/176 1684/201/188
f 1684/201/188 88/202/176 1663/203/189
f 1663/203/189 88/204/176 1642/205/190
f 1642/205/190 88/206/176 1621/207/191
f 1621/207/191 88/208/176 1600/209/192
f 1600/209/192 88/210/176 1579/211/193
f 1579/211/193 88/212/176 1558/213/194
f 1558/213/194 88/214/176 1537/215/195
f 1537/215/195 88/216/176 1516/217/196
f 1516/217/196 88/218/176 1495/219/197
f 1495/219/197 88/220/176 1474/221/198
f 1474/221/198 88/222/176 1453/223/199
f 1453/223/199 88/224/176 1432/225/200
f 1432/225/200 88/226/176 1411/227/201
f 1411/227/201 88/228/176 1390/229/202
f 1390/229/202 88/230/176 1369/231/203
f 1369/231/203 88/232/176 1348/233/204
f 1348/233/204 88/234/176 1327/235/205
f 1306/236/206 88/237/176 1285/238/207
f 1285/238/207 88/239/176 1264/240/208
f 1264/240/208 88/241/176 1243/242/209
f 1243/242/209 88/243/176 1222/244/210
f 1222/244/210 88/245/176 1201/246/211
f 1201/246/211 88/247/176 1180/248/212
f 1180/248/212 88/249/176 1159/250/213
f 1159/250/213 88/251/176 1138/252/214
f 1138/252/214 88/253/176 1117/254/215
f 1117/254/215 88/255/176 1096/256/216
f 1096/256/216 88/257/176 1075/258/217
f 1075/258/217 88/259/176 1054/260/218
f 1054/260/218 88/261/176 1033/262/219
f 1033/262/219 88/263/176 1012/264/220
f 1012/264/220 88/265/176 991/266/221
f 991/266/221 88/267/176 970/268/222
f 970/268/222 88/269/176 949/270/223
f 949/270/223 88/271/176 928/272/224
f 928/272/224 88/273/176 907/274/225
f 907/274/225 88/275/176 886/276/226
f 886/276/226 88/277/176 865/278/227
f 865/278/227 88/279/176 844/280/228
f 844/280/228 88/281/176 823/282/229
f 823/282/229 88/283/176 802/284/230
f 802/284/230 88/285/176 781/286/231
f 781/286/231 88/287/176 760/288/232
f 760/288/232 88/289/176 739/290/233
f 739/290/233 88/291/176 718/292/234
f 697/293/235 88/294/176 676/295/236
f 676/295/236 88/296/176 655/297/237
f 655/297/237 88/298/176 634/299/238
f 634/299/238 88/300/176 613/301/239
f 613/301/239 88/302/176 592/303/240
f 592/303/240 88/304/176 571/305/241
f 571/305/241 88/306/176 550/307/242
f 550/307/242 88/308/176 529/309/243
f 529/309/243 88/310/176 508/311/244
f 508/311/244 88/312/176 487/313/245
f 487/313/245 88/314/176 466/315/246
f 466/315/246 88/316/176 445/317/247
f 445/317/247 88/318/176 424/319/248
f 424/319/248 88/320/176 403/321/249
f 403/321/249 88/322/176 382/323/250
f 382/323/250 88/324/176 361/325/251
f 361/325/251 88/326/176 340/327/252
f 340/327/252 88/328/176 319/329/253
f 319/329/253 88/330/176 298/331/254
f 298/331/254 88/332/176 277/333/255
f 277/333/255 88/334/176 256/335/256
f 256/335/256 88/336/176 235/337/257
f 235/337/257 88/338/176 214/339/258
f 214/339/258 88/340/176 193/341/259
f 193/341/259 88/342/176 172/343/260
f 172/343/260 88/344/176 151/345/261
f 151/345/261 88/346/176 130/347/262
f 130/347/262 88/348/176 109/349/175
f 89/6/4 90/350/263 1895/8/6
f 1895/8/6 90/350/263 1896/351/264
f 1895/8/6 1896/351/264 1874/10/8
f 1874/10/8 1896/351/264 1875/352/265
f 1874/10/8 1875/352/265 1853/12/10
f 1853/12/10 1875/352/265 1854/353/266
f 1853/12/10 1854/353/266 1832/14/12
f 1832/14/12 1854/353/266 1833/354/267
f 1832/14/12 1833/354/267 1811/16/14
f 1811/16/14 1833/354/267 1812/355/268
f 1811/16/14 1812/355/268 1790/18/16
f 1790/18/16 1812/355/268 1791/356/269
f 1790/18/16 1791/356/269 1769/20/18
f 1769/20/18 1791/356/269 1770/357/270
f 1769/20/18 1770/357/270 1748/22/20
f 1748/22/20 1770/357/270 1749/358/271
f 1748/22/20 1749/358/271 1727/24/22
f 1727/24/22 1749/358/271 1728/359/272
f 1727/24/22 1728/359/272 1706/26/24
f 1706/26/24 1728/359/272 1707/360/273
f 1706/26/24 1707/360/273 1685/28/26
f 1685/28/26 1707/360/273 1686/361/274
f 1685/28/26 1686/361/274 1664/30/28
f 1664/30/28 1686/361/274 1665/362/275
f 1664/30/28 1665/362/275 1643/32/30
f 1643/32/30 1665/362/275 1644/363/276
f 1643/32/30 1644/363/276 1622/34/32
f 1622/34/32 1644/363/276 1623/364/277
f 1622/34/32 1623/364/277 1601/36/34
f 1601/36/34 1623/364/277 1602/365/278
f 1601/36/34 1602/365/278 1580/38/36
f 1580/38/36 1602/365/278 1581/366/279
f 1580/38/36 1581/366/279 1559/40/38
f 1559/40/38 1581/366/279 1560/367/280
f 1559/40/38 1560/367/280 1538/42/40
f 1538/42/40 1560/367/280 1539/368/281
f 1538/42/40 1539/368/281 1517/44/42
f 1517/44/42 1539/368/281 1518/369/282
f 1517/44/42 1518/369/282 1496/46/44
f 1496/46/44 1518/369/282 1497/370/283
f 1496/46/44 1497/370/283 1475/48/46
f 1475/48/46 1497/370/283 1476/371/284
f 1475/48/46 1476/371/284 1454/50/48
f 1454/50/48 1476/371/284 1455/372/285
f 1454/50/48 1455/372/285 1433/52/50
f 1433/52/50 1455/372/285 1434/373/286
f 1433/52/50 1434/373/286 1412/54/52
f 1412/54/52 1434/373/286 1413/374/287
f 1412/54/52 1413/374/287 1391/56/54
f 1391/56/54 1413/374/287 1392/375/288
f 1391/56/54 1392/375/288 1370/58/56
f 1370/58/56 1392/375/288 1371/376/289
f 1370/58/56 1371/376/289 1349/60/58
f 1349/60/58 1371/376/289 1350/377/290
f 1349/60/58 1350/377/290 1328/62/60
f 1328/62/60 1350/377/290 1329/378/291
f 1328/62/60 1329/378/291 1307/64/62
f 1307/64/62 1329/378/291 1308/379/292
f 1307/64/62 1308/379/292 1286/66/64
f 1286/66/64 1308/379/292 1287/380/293
f 1286/66/64 1287/380/293 1265/68/66
f 1265/68/66 1287/380/293 1266/381/294
f 1265/68/66 1266/381/294 1244/70/68
f 1244/70/68 1266/381/294 1245/382/295
f 1244/70/68 1245/382/295 1223/72/70
f 1223/72/70 1245/382/295 1224/383/296
f 1223/72/70 1224/383/296 1202/74/72
f 1202/74/72 1224/383/296 1203/384/297
f 1202/74/72 1203/384/297 1181/76/74
f 1181/76/74 1203/384/297 1182/385/298
f 1181/76/74 1182/385/298 1160/78/76
f 1160/78/76 1182/385/298 1161/386/299
f 1160/78/76 1161/386/299 1139/80/78
f 1139/80/78 1161/386/299 1140/387/300
f 1139/80/78 1140/387/300 1118/82/80
f 1118/82/80 1140/387/300 1119/388/301
f 1118/82/80 1119/388/301 1097/84/82
f 1097/84/82 1119/388/301 1098/389/302
f 1097/84/82 1098/389/302 1076/86/84
f 1076/86/84 1098/389/302 1077/390/303
f 1076/86/84 1077/390/303 1055/88/86
f 1055/88/86 1077/390/303 1056/391/304
f 1055/88/86 1056/391/304 1034/90/88
f 1034/90/88 1056/391/304 1035/392/305
f 1034/90/88 1035/392/305 1013/92/90
f 1013/92/90 1035/392/305 1014/393/306
f 1013/92/90 1014/393/306 992/94/92
f 992/94/92 1014/393/306 993/394/307
f 992/94/92 993/394/307 971/96/94
f 971/96/94 993/394/307 972/395/308
f 971/96/94 972/395/308 950/98/96
f 950/98/96 972/395/308 951/396/309
f 950/98/96 951/396/309 929/100/98
f 929/100/98 951/396/309 930/397/310
f 929/100/98 930/397/310 908/102/100
f 908/102/100 930/397/310 909/398/311
f 908/102/100 909/398/311 887/104/102
f 887/104/102 909/398/311 888/399/312
f 887/104/102 888/399/312 866/106/104
f 866/106/104 888/399/312 867/400/313
f 866/106/104 867/400/313 845/108/106
f 845/108/106 867/400/313 846/401/314
f 845/108/106 846/401/314 824/110/108
f 824/110/108 846/401/314 825/402/315
f 824/110/108 825/402/315 803/112/110
f 803/112/110 825/402/315 804/403/316
f 803/112/110 804/403/316 782/114/112
f 782/114/112 804/403/316 783/404/317
f 782/114/112 783/404/317 761/116/114
f 761/116/114 783/404/317 762/405/318
f 761/116/114 762/405/318 740/118/116
f 740/118/116 762/405/318 741/406/319
f 740/118/116 741/406/319 719/120/118
f 719/120/118 741/406/319 720/407/320
f 719/120/118 720/407/320 698/122/120
f 698/122/120 720/407/320 699/408/321
f 698/122/120 699/408/321 677/124/122
f 677/124/122 699/408/321 678/409/322
f 677/124/122 678/409/322 656/126/124
f 656/126/124 678/409/322 657/410/323
f 656/126/124 657/410/323 635/128/126
f 635/128/126 657/410/323 636/411/324
f 635/128/126 636/411/324 614/130/128
f 614/130/128 636/411/324 615/412/325
f 614/130/128 615/412/325 593/132/130
f 593/132/130 615/412/325 594/413/326
f 593/132/130 594/413/326 572/134/132
f 572/134/132 594/413/326 573/414/327
f 572/134/132 573/414/327 551/136/134
f 551/136/134 573/414/327 552/415/328
f 551/136/134 552/415/328 530/138/136
f 530/138/136 552/415/328 531/416/329
f 530/138/136 531/416/329 509/140/138
f 509/140/138 531/416/329 510/417/330
f 509/140/138 510/417/330 488/142/140
f 488/142/140 510/417/330 489/418/331
f 488/142/140 489/418/331 467/144/142
f 467/144/142 489/418/331 468/419/332
f 467/144/142 468/419/332 446/146/144
f 446/146/144 468/419/332 447/420/333
f 446/146/144 447/420/333 425/148/146
f 425/148/146 447/420/333 426/421/334
f 425/148/146 426/421/334 404/150/148
f 404/150/148 426/421/334 405/422/335
f 404/150/148 405/422/335 383/152/150
f 383/152/150 405/422/335 384/423/336
f 383/152/150 384/423/336 362/154/152
f 362/154/152 384/423/336 363/424/337
f 362/154/152 363/424/337 341/156/154
f 341/156/154 363/424/337 342/425/338
f 341/156/154 342/425/338 320/158/156
f 320/158/156 342/425/338 321/426/339
f 320/158/156 321/426/339 299/160/158
f 299/160/158 321/426/339 300/427/340
f 299/160/158 300/427/340 278/162/160
f 278/162/160 300/427/340 279/428/341
f 278/162/160 279/428/341 257/164/162
f 257/164/162 279/428/341 258/429/342
f 257/164/162 258/429/342 236/166/164
f 236/166/164 258/429/342 237/430/343
f 236/166/164 237/430/343 215/168/166
f 215/168/166 237/430/343 216/431/344
f 215/168/166 216/431/344 194/170/168
f 194/170/168 216/431/344 195/432/345
f 194/170/168 195/432/345 173/172/170
f 173/172/170 195/432/345 174/433/346
f 173/172/170 174/433/346 152/174/172
f 152/174/172 174/433/346 153/434/347
f 152/174/172 153/434/347 131/176/174
f 131/176/174 153/434/347 132/435/348
f 131/176/174 132/435/348 110/2/2
f 110/2/2 132/435/348 111/436/349
f 110/2/2 111/436/349 89/4/4
f 89/4/4 111/436/349 90/437/263
f 90/350/263 91/438/350 1896/351/264
f 1896/351/264 91/438/350 1897/439/351
f 1896/351/264 1897/439/351 1875/352/265
f 1875/352/265 1897/439/351 1876/440/352
f 1875/352/265 1876/440/352 1854/353/266
f 1854/353/266 1876/440/352 1855/441/353
f 1854/353/266 1855/441/353 1833/354/267
f 1833/354/267 1855/441/353 1834/442/354
f 1833/354/267 1834/442/354 1812/355/268
f 1812/355/268 1834/442/354 1813/443/355
f 1812/355/268 1813/443/355 1791/356/269
f 1791/356/269 1813/443/355 1792/444/356
f 1791/356/269 1792/444/356 1770/357/270
f 1770/357/270 1792/444/356 1771/445/357
f 1770/357/270 1771/445/357 1749/358/271
f 1749/358/271 1771/445/357 1750/446/358
f 1749/358/271 1750/446/358 1728/359/272
f 1728/359/272 1750/446/358 1729/447/359
f 1728/359/272 1729/447/359 1707/360/273
f 1707/360/273 1729/447/359 1708/448/360
f 1707/360/273 1708/448/360 1686/361/274
f 1686/361/274 1708/448/360 1687/449/361
f 1686/361/274 1687/449/361 1665/362/275
f 1665/362/275 1687/449/361 1666/450/362
f 1665/362/275 1666/450/362 1644/363/276
f 1644/363/276 1666/450/362 1645/451/363
f 1644/363/276 1645/451/363 1623/364/277
f 1623/364/277 1645/451/363 1624/452/364
f 1623/364/277 1624/452/364 1602/365/278
f 1602/365/278 1624/452/364 1603/453/365
f 1602/365/278 1603/453/365 1581/366/279
f 1581/366/279 1603/453/365 1582/454/366
f 1581/366/279 1582/454/366 1560/367/280
f 1560/367/280 1582/454/366 1561/455/367
f 1560/367/280 1561/455/367 1539/368/281
f 1539/368/281 1561/455/367 1540/456/368
f 1539/368/281 1540/456/368 1518/369/282
f 1518/369/282 1540/456/368 1519/457/369
f 1518/369/282 1519/457/369 1497/370/283
f 1497/370/283 1519/457/369 1498/458/370
f 1497/370/283 1498/458/370 1476/371/284
f 1476/371/284 1498/458/370 1477/459/371
f 1476/371/284 1477/459/371 1455/372/285
f 1455/372/285 1477/459/371 1456/460/372
f 1455/372/285 1456/460/372 1434/373/286
f 1434/373/286 1456/460/372 1435/461/373
f 1434/373/286 1435/461/373 1413/374/287
f 1413/374/287 1435/461/373 1414/462/374
f 1413/374/287 1414/462/374 1392/375/288
f 1392/375/288 1414/462/374 1393/463/375
f 1392/375/288 1393/463/375 1371/376/289
f 1371/376/289 1393/463/375 1372/464/376
f 1371/376/289 1372/464/376 1350/377/290
f 1350/377/290 1372/464/376 1351/465/377
f 1350/377/290 1351/465/377 1329/378/291
f 1329/378/291 1351/465/377 1330/466/378
f 1329/378/291 1330/466/378 1308/379/292
f 1308/379/292 1330/466/378 1309/467/379
f 1308/379/292 1309/467/379 1287/380/293
f 1287/380/293 1309/467/379 1288/468/380
f 1287/380/293 1288/468/380 1266/381/294
f 1266/381/294 1288/468/380 1267/469/381
f 1266/381/294 1267/469/381 1245/382/295
f 1245/382/295 1267/469/381 1246/470/382
f 1245/382/295 1246/470/382 1224/383/296
f 1224/383/296 1246/470/382 1225/471/383
f 1224/383/296 1225/471/383 1203/384/297
f 1203/384/297 1225/471/383 1204/472/384
f 1203/384/297 1204/472/384 1182/385/298
f 1182/385/298 1204/472/384 1183/473/385
f 1182/385/298 1183/473/385 1161/386/299
f 1161/386/299 1183/473/385 1162/474/386
f 1161/386/299 1162/474/386 1140/387/300
f 1140/387/300 1162/474/386 1141/475/387
f 1140/387/300 1141/475/387 1119/388/301
f 1119/388/301 1141/475/387 1120/476/388
f 1119/388/301 1120/476/388 1098/389/302
f 1098/389/302 1120/476/388 1099/477/389
f 1098/389/302 1099/477/389 1077/390/303
f 1077/390/303 1099/477/389 1078/478/390
f 1077/390/303 1078/478/390 1056/391/304
f 1056/391/304 1078/478/390 1057/479/391
f 1056/391/304 1057/479/391 1035/392/305
f 1035/392/305 1057/479/391 1036/480/392
f 1035/392/305 1036/480/392 1014/393/306
f 1014/393/306 1036/480/392 1015/481/393
f 1014/393/306 1015/481/393 993/394/307
f 993/394/307 1015/481/393 994/482/394
f 993/394/307 994/482/394 972/395/308
f 972/395/308 994/482/394 973/483/395
f 972/395/308 973/483/395 951/396/309
f 951/396/309 973/483/395 952/484/396
f 951/396/309 952/484/396 930/397/310
f 930/397/310 952/484/396 931/485/397
f 930/397/310 931/485/397 909/398/311
f 909/398/311 931/485/397 910/486/398
f 909/398/311 910/486/398 888/399/312
f 888/399/312 910/486/398 889/487/399
f 888/399/312 889/487/399 867/400/313
f 867/400/313 889/487/399 868/488/400
f 867/400/313 868/488/400 846/401/314
f 846/401/314 868/488/400 847/489/401
f 846/401/314 847/489/401 825/402/315
f 825/402/315 847/489/401 826/490/402
f 825/402/315 826/490/402 804/403/316
f 804/403/316 826/490/402 805/491/403
f 804/403/316 805/491/403 783/404/317
f 783/404/317 805/491/403 784/492/404
f 783/404/317 784/492/404 762/405/318
f 762/405/318 784/492/404 763/493/405
f 762/405/318 763/493/405 741/406/319
f 741/406/319 763/493/405 742/494/406
f 741/406/319 742/494/406 720/407/320
f 720/407/320 742/494/406 721/495/407
f 720/407/320 721/495/407 699/408/321
f 699/408/321 721/495/407 700/496/408
f 699/408/321 700/496/408 678/409/322
f 678/409/322 700/496/408 679/497/409
f 678/409/322 679/497/409 657/410/323
f 657/410/323 679/497/409 658/498/410
f 657/410/323 658/498/410 636/411/324
f 636/411/324 658/498/410 637/499/411
f 636/411/324 637/499/411 615/412/325
f 615/412/325 637/499/411 616/500/412
f 615/412/325 616/500/412 594/413/326
f 594/413/326 616/500/412 595/501/413
f 594/413/326 595/501/413 573/414/327
f 573/414/327 595/501/413 574/502/414
f 573/414/327 574/502/414 552/415/328
f 552/415/328 574/502/414 553/503/415
f 552/415/328 553/503/415 531/416/329
f 531/416/329 553/503/415 532/504/416
f 531/416/329 532/504/416 510/417/330
f 510/417/330 532/504/416 511/505/417
f 510/417/330 511/505/417 489/418/331
f 489/418/331 511/505/417 490/506/418
f 489/418/331 490/506/418 468/419/332
f 468/419/332 490/506/418 469/507/419
f 468/419/332 469/507/419 447/420/333
f 447/420/333 469/507/419 448/508/420
f 447/420/333 448/508/420 426/421/334
f 426/421/334 448/508/420 427/509/421
f 426/421/334 427/509/421 405/422/335
f 405/422/335 427/509/421 406/510/422
f 405/422/335 406/510/422 384/423/336
f 384/423/336 406/510/422 385/511/423
f 384/423/336 385/511/423 363/424/337
f 363/424/337 385/511/423 364/512/424
f 363/424/337 364/512/424 342/425/338
f 342/425/338 364/512/424 343/513/425
f 342/425/338 343/513/425 321/426/339
f 321/426/339 343/513/425 322/514/426
f 321/426/339 322/514/426 300/427/340
f 300/427/340 322/514/426 301/515/427
f 300/427/340 301/515/427 279/428/341
f 279/428/341 301/515/427 280/516/428
f 279/428/341 280/516/428 258/429/342
f 258/429/342 280/516/428 259/517/429
f 258/429/342 259/517/429 237/430/343
f 237/430/343 259/517/429 238/518/430
f 237/430/343 238/518/430 216/431/344
f 216/431/344 238/518/430 217/519/431
f 216/431/344 217/519/431 195/432/345
f 195/432/345 217/519/431 196/520/432
f 195/432/345 196/520/432 174/433/346
f 174/433/346 196/520/432 175/521/433
f 174/433/346 175/521/433 153/434/347
f 153/434/347 175/521/433 154/522/434
f 153/434/347 154/522/434 132/435/348
f 132/435/348 154/522/434 133/523/435
f 132/435/348 133/523/435 111/436/349
f 111/436/349 133/523/435 112/524/436
f 111/436/349 112/524/436 90/437/263
f 90/437/263 112/524/436 91/525/350
f 91/438/350 92/526/437 1897/439/351
f 1897/439/351 92/526/437 1898/527/438
f 1897/439/351 1898/527/438 1876/440/352
f 1876/440/352 1898/527/438 1877/528/439
f 1876/440/352 1877/528/439 1855/441/353
f 1855/441/353 1877/528/439 1856/529/440
f 1855/441/353 1856/529/440 1834/442/354
f 1834/442/354 1856/529/440 1835/530/441
f 1834/442/354 1835/530/441 1813/443/355
f 1813/443/355 1835/530/441 1814/531/442
f 1813/443/355 1814/531/442 1792/444/356
f 1792/444/356 1814/531/442 1793/532/443
f 1792/444/356 1793/532/443 1771/445/357
f 1771/445/357 1793/532/443 1772/533/444
f 1771/445/357 1772/533/444 1750/446/358
f 1750/446/358 1772/533/444 1751/534/445
f 1750/446/358 1751/534/445 1729/447/359
f 1729/447/359 1751/534/445 1730/535/446
f 1729/447/359 1730/535/446 1708/448/360
f 1708/448/360 1730/535/446 1709/536/447
f 1708/448/360 1709/536/447 1687/449/361
f 1687/449/361 1709/536/447 1688/537/448
f 1687/449/361 1688/537/448 1666/450/362
f 1666/450/362 1688/537/448 1667/538/449
f 1666/450/362 1667/538/449 1645/451/363
f 1645/451/363 1667/538/449 1646/539/450
f 1645/451/363 1646/539/450 1624/452/364
f 1624/452/364 1646/539/450 1625/540/451
f 1624/452/364 1625/540/451 1603/453/365
f 1603/453/365 1625/540/451 1604/541/452
f 1603/453/365 1604/541/452 1582/454/366
f 1582/454/366 1604/541/452 1583/542/453
f 1582/454/366 1583/542/453 1561/455/367
f 1561/455/367 1583/542/453 1562/543/454
f 1561/455/367 1562/543/454 1540/456/368
f 1540/456/368 1562/543/454 1541/544/455
f 1540/456/368 1541/544/455 1519/457/369
f 1519/457/369 1541/544/455 1520/545/456
f 1519/457/369 1520/545/456 1498/458/370
f 1498/458/370 1520/545/456 1499/546/457
f 1498/458/370 1499/546/457 1477/459/371
f 1477/459/371 1499/546/457 1478/547/458
f 1477/459/371 1478/547/458 1456/460/372
f 1456/460/372 1478/547/458 1457/548/459
f 1456/460/372 1457/548/459 1435/461/373
f 1435/461/373 1457/548/459 1436/549/460
f 1435/461/373 1436/549/460 1414/462/374
f 1414/462/374 1436/549/460 1415/550/461
f 1414/462/374 1415/550/461 1393/463/375
f 1393/463/375 1415/550/461 1394/551/462
f 1393/463/375 1394/551/462 1372/464/376
f 1372/464/376 1394/551/462 1373/552/463
f 1372/464/376 1373/552/463 1351/465/377
f 1351/465/377 1373/552/463 1352/553/464
f 1351/465/377 1352/553/464 1330/466/378
f 1330/466/378 1352/553/464 1331/554/465
f 1330/466/378 1331/554/465 1309/467/379
f 1309/467/379 1331/554/465 1310/555/466
f 1309/467/379 1310/555/466 1288/468/380
f 1288/468/380 1310/555/466 1289/556/467
f 1288/468/380 1289/556/467 1267/469/381
f 1267/469/381 1289/556/467 1268/557/468
f 1267/469/381 1268/557/468 1246/470/382
f 1246/470/382 1268/557/468 1247/558/469
f 1246/470/382 1247/558/469 1225/471/383
f 1225/471/383 1247/558/469 1226/559/470
f 1225/471/383 1226/559/470 1204/472/384
f 1204/472/384 1226/559/470 1205/560/471
f 1204/472/384 1205/560/471 1183/473/385
f 1183/473/385 1205/560/471 1184/561/472
f 1183/473/385 1184/561/472 1162/474/386
f 1162/474/386 1184/561/472 1163/562/473
f 1162/474/386 1163/562/473 1141/475/387
f 1141/475/387 1163/562/473 1142/563/474
f 1141/475/387 1142/563/474 1120/476/388
f 1120/476/388 1142/563/474 1121/564/475
f 1120/476/388 1121/564/475 1099/477/389
f 1099/477/389 1121/564/475 1100/565/476
f 1099/477/389 1100/565/476 1078/478/390
f 1078/478/390 1100/565/476 1079/566/477
f 1078/478/390 1079/566/477 1057/479/391
f 1057/479/391 1079/566/477 1058/567/478
f 1057/479/391 1058/567/478 1036/480/392
f 1036/480/392 1058/567/478 1037/568/479
f 1036/480/392 1037/568/479 1015/481/393
f 1015/481/393 1037/568/479 1016/569/480
f 1015/481/393 1016/569/480 994/482/394
f 994/482/394 1016/569/480 995/570/481
f 994/482/394 995/570/481 973/483/395
f 973/483/395 995/570/481 974/571/482
f 973/483/395 974/571/482 952/484/396
f 952/484/396 974/571/482 953/572/483
f 952/484/396 953/572/483 931/485/397
f 931/485/397 953/572/483 932/573/484
f 931/485/397 932/573/484 910/486/398
f 910/486/398 932/573/484 911/574/485
f 910/486/398 911/574/485 889/487/399
f 889/487/399 911/574/485 890/575/486
f 889/487/399 890/575/486 868/488/400
f 868/488/400 890/575/486 869/576/487
f 868/488/400 869/576/487 847/489/401
f 847/489/401 869/576/487 848/577/488
f 847/489/401 848/577/488 826/490/402
f 826/490/402 848/577/488 827/578/489
f 826/490/402 827/578/489 805/491/403
f 805/491/403 827/578/489 806/579/490
f 805/491/403 806/579/490 784/492/404
f 784/492/404 806/579/490 785/580/491
f 784/492/404 785/580/491 763/493/405
f 763/493/405 785/580/491 764/581/492
f 763/493/405 764/581/492 742/494/406
f 742/494/406 764/581/492 743/582/493
f 742/494/406 743/582/493 721/495/407
f 721/495/407 743/582/493 722/583/494
f 721/495/407 722/583/494 700/496/408
f 700/496/408 722/583/494 701/584/495
f 700/496/408 701/584/495 679/497/409
f 679/497/409 701/584/495 680/585/496
f 679/497/409 680/585/496 658/498/410
f 658/498/410 680/585/496 659/586/497
f 658/498/410 659/586/497 637/499/411
f 637/499/411 659/586/497 638/587/498
f 637/499/411 638/587/498 616/500/412
f 616/500/412 638/587/498 617/588/499
f 616/500/412 617/588/499 595/501/413
f 595/501/413 617/588/499 596/589/500
f 595/501/413 596/589/500 574/502/414
f 574/502/414 596/589/500 575/590/501
f 574/502/414 575/590/501 553/503/415
f 553/503/415 575/590/501 554/591/502
f 553/503/415 554/591/502 532/504/416
f 532/504/416 554/591/502 533/592/503
f 532/504/416 533/592/503 511/505/417
f 511/505/417 533/592/503 512/593/504
f 511/505/417 512/593/504 490/506/418
f 490/506/418 512/593/504 491/594/505
f 490/506/418 491/594/505 469/507/419
f 469/507/419 491/594/505 470/595/506
f 469/507/419 470/595/506 448/508/420
f 448/508/420 470/595/506 449/596/507
f 448/508/420 449/596/507 427/509/421
f 427/509/421 449/596/507 428/597/508
f 427/509/421 428/597/508 406/510/422
f 406/510/422 428/597/508 407/598/509
f 406/510/422 407/598/509 385/511/423
f 385/511/423 407/598/509 386/599/510
f 385/511/423 386/599/510 364/512/424
f 364/512/424 386/599/510 365/600/511
f 364/512/424 365/600/511 343/513/425
f 343/513/425 365/600/511 344/601/512
f 343/513/425 344/601/512 322/514/426
f 322/514/426 344/601/512 323/602/513
f 322/514/426 323/602/513 301/515/427
f 301/515/427 323/602/513 302/603/514
f 301/515/427 302/603/514 280/516/428
f 280/516/428 302/603/514 281/604/515
f 280/516/428 281/604/515 259/517/429
f 259/517/429 281/604/515 260/605/516
f 259/517/429 260/605/516 238/518/430
f 238/518/430 260/605/516 239/606/517
f 238/518/430 239/606/517 217/519/431
f 217/519/431 239/606/517 218/607/518
f 217/519/431 218/607/518 196/520/432
f 196/520/432 218/607/518 197/608/519
f 196/520/432 197/608/519 175/521/433
f 175/521/433 197/608/519 176/609/520
f 175/521/433 176/609/520 154/522/434
f 154/522/434 176/609/520 155/610/521
f 154/522/434 155/610/521 133/523/435
f 133/523/435 155/610/521 134/611/522
f 133/523/435 134/611/522 112/524/436
f 112/524/436 134/611/522 113/612/523
f 112/524/436 113/612/523 91/525/350
f 91/525/350 113/612/523 92/613/437
f 92/526/437 93/614/524 1898/527/438
f 1898/527/438 93/614/524 1899/615/525
f 1898/527/438 1899/615/525 1877/528/439
f 1877/528/439 1899/615/525 1878/616/526
f 1877/528/439 1878/616/526 1856/529/440
f 1856/529/440 1878/616/526 1857/617/527
f 1856/529/440 1857/617/527 1835/530/441
f 1835/530/441 1857/617/527 1836/618/528
f 1835/530/441 1836/618/528 1814/531/442
f 1814/531/442 1836/618/528 1815/619/529
f 1814/531/442 1815/619/529 1793/532/443
f 1793/532/443 1815/619/529 1794/620/530
f 1793/532/443 1794/620/530 1772/533/444
f 1772/533/444 1794/620/530 1773/621/531
f 1772/533/444 1773/621/531 1751/534/445
f 1751/534/445 1773/621/531 1752/622/532
f 1751/534/445 1752/622/532 1730/535/446
f 1730/535/446 1752/622/532 1731/623/533
f 1730/535/446 1731/623/533 1709/536/447
f 1709/536/447 1731/623/533 1710/624/534
f 1709/536/447 1710/624/534 1688/537/448
f 1688/537/448 1710/624/534 1689/625/535
f 1688/537/448 1689/625/535 1667/538/449
f 1667/538/449 1689/625/535 1668/626/536
f 1667/538/449 1668/626/536 1646/539/450
f 1646/539/450 1668/626/536 1647/627/537
f 1646/539/450 1647/627/537 1625/540/451
f 1625/540/451 1647/627/537 1626/628/538
f 1625/540/451 1626/628/538 1604/541/452
f 1604/541/452 1626/628/538 1605/629/539
f 1604/541/452 1605/629/539 1583/542/453
f 1583/542/453 1605/629/539 1584/630/540
f 1583/542/453 1584/630/540 1562/543/454
f 1562/543/454 1584/630/540 1563/631/541
f 1562/543/454 1563/631/541 1541/544/455
f 1541/544/455 1563/631/541 1542/632/542
f 1541/544/455 1542/632/542 1520/545/456
f 1520/545/456 1542/632/542 1521/633/543
f 1520/545/456 1521/633/543 1499/546/457
f 1499/546/457 1521/633/543 1500/634/544
f 1499/546/457 1500/634/544 1478/547/458
f 1478/547/458 1500/634/544 1479/635/545
f 1478/547/458 1479/635/545 1457/548/459
f 1457/548/459 1479/635/545 1458/636/546
f 1457/548/459 1458/636/546 1436/549/460
f 1436/549/460 1458/636/546 1437/637/547
f 1436/549/460 1437/637/547 1415/550/461
f 1415/550/461 1437/637/547 1416/638/548
f 1415/550/461 1416/638/548 1394/551/462
f 1394/551/462 1416/638/548 1395/639/549
f 1394/551/462 1395/639/549 1373/552/463
f 1373/552/463 1395/639/549 1374/640/550
f 1373/552/463 1374/640/550 1352/553/464
f 1352/553/464 1374/640/550 1353/641/551
f 1352/553/464 1353/641/551 1331/554/465
f 1331/554/465 1353/641/551 1332/642/552
f 1331/554/465 1332/642/552 1310/555/466
f 1310/555/466 1332/642/552 1311/643/553
f 1310/555/466 1311/643/553 1289/556/467
f 1289/556/467 1311/643/553 1290/644/554
f 1289/556/467 1290/644/554 1268/557/468
f 1268/557/468 1290/644/554 1269/645/555
f 1268/557/468 1269/645/555 1247/558/469
f 1247/558/469 1269/645/555 1248/646/556
f 1247/558/469 1248/646/556 1226/559/470
f 1226/559/470 1248/646/556 1227/647/557
f 1226/559/470 1227/647/557 1205/560/471
f 1205/560/471 1227/647/557 1206/648/558
f 1205/560/471 1206/648/558 1184/561/472
f 1184/561/472 1206/648/558 1185/649/559
f 1184/561/472 1185/649/559 1163/562/473
f 1163/562/473 1185/649/559 1164/650/560
f 1163/562/473 1164/650/560 1142/563/474
f 1142/563/474 1164/650/560 1143/651/561
f 1142/563/474 1143/651/561 1121/564/475
f 1121/564/475 1143/651/561 1122/652/562
f 1121/564/475 1122/652/562 1100/565/476
f 1100/565/476 1122/652/562 1101/653/563
f 1100/565/476 1101/653/563 1079/566/477
f 1079/566/477 1101/653/563 1080/654/564
f 1079/566/477 1080/654/564 1058/567/478
f 1058/567/478 1080/654/564 1059/655/565
f 1058/567/478 1059/655/565 1037/568/479
f 1037/568/479 1059/655/565 1038/656/566
f 1037/568/479 1038/656/566 1016/569/480
f 1016/569/480 1038/656/566 1017/657/567
f 1016/569/480 1017/657/567 995/570/481
f 995/570/481 1017/657/567 996/658/568
f 995/570/481 996/658/568 974/571/482
f 974/571/482 996/658/568 975/659/569
f 974/571/482 975/659/569 953/572/483
f 953/572/483 975/659/569 954/660/570
f 953/572/483 954/660/570 932/573/484
f 932/573/484 954/660/570 933/661/571
f 932/573/484 933/661/571 911/574/485
f 911/574/485 933/661/571 912/662/572
f 911/574/485 912/662/572 890/575/486
f 890/575/486 912/662/572 891/663/573
f 890/575/486 891/663/573 869/576/487
f 869/576/487 891/663/573 870/664/574
f 869/576/487 870/664/574 848/577/488
f 848/577/488 870/664/574 849/665/575
f 848/577/488 849/665/575 827/578/489
f 827/578/489 849/665/575 828/666/576
f 827/578/489 828/666/576 806/579/490
f 806/579/490 828/666/576 807/667/577
f 806/579/490 807/667/577 785/580/491
f 785/580/491 807/667/577 786/668/578
f 785/580/491 786/668/578 764/581/492
f 764/581/492 786/668/578 765/669/579
f 764/581/492 765/669/579 743/582/493
f 743/582/493 765/669/579 744/670/580
f 743/582/493 744/670/580 722/583/494
f 722/583/494 744/670/580 723/671/581
f 722/583/494 723/671/581 701/584/495
f 701/584/495 723/671/581 702/672/582
f 701/584/495 702/672/582 680/585/496
f 680/585/496 702/672/582 681/673/583
f 680/585/496 681/673/583 659/586/497
f 659/586/497 681/673/583 660/674/584
f 659/586/497 660/674/584 638/587/498
f 638/587/498 660/674/584 639/675/585
f 638/587/498 639/675/585 617/588/499
f 617/588/499 639/675/585 618/676/586
f 617/588/499 618/676/586 596/589/500
f 596/589/500 618/676/586 597/677/587
f 596/589/500 597/677/587 575/590/501
f 575/590/501 597/677/587 576/678/588
f 575/590/501 576/678/588 554/591/502
f 554/591/502 576/678/588 555/679/589
f 554/591/502 555/679/589 533/592/503
f 533/592/503 555/679/589 534/680/590
f 533/592/503 534/680/590 512/593/504
f 512/593/504 534/680/590 513/681/591
f 512/593/504 513/681/591 491/594/505
f 491/594/505 513/681/591 492/682/592
f 491/594/505 492/682/592 470/595/506
f 470/595/506 492/682/592 471/683/593
f 470/595/506 471/683/593 449/596/507
f 449/596/507 471/683/593 450/684/594
f 449/596/507 450/684/594 428/597/508
f 428/597/508 450/684/594 429/685/595
f 428/597/508 429/685/595 407/598/509
f 407/598/509 429/685/595 408/686/596
f 407/598/509 408/686/596 386/599/510
f 386/599/510 408/686/596 387/687/597
f 386/599/510 387/687/597 365/600/511
f 365/600/511 387/687/597 366/688/598
f 365/600/511 366/688/598 344/601/512
f 344/601/512 366/688/598 345/689/599
f 344/601/512 345/689/599 323/602/513
f 323/602/513 345/689/599 324/690/600
f 323/602/513 324/690/600 302/603/514
f 302/603/514 324/690/600 303/691/601
f 302/603/514 303/691/601 281/604/515
f 281/604/515 303/691/601 282/692/602
f 281/604/515 282/692/602 260/605/516
f 260/605/516 282/692/602 261/693/603
f 260/605/516 261/693/603 239/606/517
f 239/606/517 261/693/603 240/694/604
f 239/606/517 240/694/604 218/607/518
f 218/607/518 240/694/604 219/695/605
f 218/607/518 219/695/605 197/608/519
f 197/608/519 219/695/605 198/696/606
f 197/608/519 198/696/606 176/609/520
f 176/609/520 198/696/606 177/697/607
f 176/609/520 177/697/607 155/610/521
f 155/610/521 177/697/607 156/698/608
f 155/610/521 156/698/608 134/611/522
f 134/611/522 156/698/608 135/699/609
f 134/611/522 135/699/609 113/612/523
f 113/612/523 135/699/609 114/700/610
f 113/612/523 114/700/610 92/613/437
f 92/613/437 114/700/610 93/701/524
f 93/614/524 94/702/611 1899/615/525
f 1899/615/525 94/702/611 1900/703/612
f 1899/615/525 1900/703/612 1878/616/526
f 1878/616/526 1900/703/612 1879/704/613
f 1878/616/526 1879/704/613 1857/617/527
f 1857/617/527 1879/704/613 1858/705/614
f 1857/617/527 1858/705/614 1836/618/528
f 1836/618/528 1858/705/614 1837/706/615
f 1836/618/528 1837/706/615 1815/619/529
f 1815/619/529 1837/706/615 1816/707/616
f 1815/619/529 1816/707/616 1794/620/530
f 1794/620/530 1816/707/616 1795/708/617
f 1794/620/530 1795/708/617 1773/621/531
f 1773/621/531 1795/708/617 1774/709/618
f 1773/621/531 1774/709/618 1752/622/532
f 1752/622/532 1774/709/618 1753/710/619
f 1752/622/532 1753/710/619 1731/623/533
f 1731/623/533 1753/710/619 1732/711/620
f 1731/623/533 1732/711/620 1710/624/534
f 1710/624/534 1732/711/620 1711/712/621
f 1710/624/534 1711/712/621 1689/625/535
f 1689/625/535 1711/712/621 1690/713/622
f 1689/625/535 1690/713/622 1668/626/536
f 1668/626/536 1690/713/622 1669/714/623
f 1668/626/536 1669/714/623 1647/627/537
f 1647/627/537 1669/714/623 1648/715/624
f 1647/627/537 1648/715/624 1626/628/538
f 1626/628/538 1648/715/624 1627/716/625
f 1626/628/538 1627/716/625 1605/629/539
f 1605/629/539 1627/716/625 1606/717/626
f 1605/629/539 1606/717/626 1584/630/540
f 1584/630/540 1606/717/626 1585/718/627
f 1584/630/540 1585/718/627 1563/631/541
f 1563/631/541 1585/718/627 1564/719/628
f 1563/631/541 1564/719/628 1542/632/542
f 1542/632/542 1564/719/628 1543/720/629
f 1542/632/542 1543/720/629 1521/633/543
f 1521/633/543 1543/720/629 1522/721/630
f 1521/633/543 1522/721/630 1500/634/544
f 1500/634/544 1522/721/630 1501/722/631
f 1500/634/544 1501/722/631 1479/635/545
f 1479/635/545 1501/722/631 1480/723/632
f 1479/635/545 1480/723/632 1458/636/546
f 1458/636/546 1480/723/632 1459/724/633
f 1458/636/546 1459/724/633 1437/637/547
f 1437/637/547 1459/724/633 1438/725/634
f 1437/637/547 1438/725/634 1416/638/548
f 1416/638/548 1438/725/634 1417/726/635
f 1416/638/548 1417/726/635 1395/639/549
f 1395/639/549 1417/726/635 1396/727/636
f 1395/639/549 1396/727/636 1374/640/550
f 1374/640/550 1396/727/636 1375/728/637
f 1374/640/550 1375/728/637 1353/641/551
f 1353/641/551 1375/728/637 1354/729/638
f 1353/641/551 1354/729/638 1332/642/552
f 1332/642/552 1354/729/638 1333/730/639
f 1332/642/552 1333/730/639 1311/643/553
f 1311/643/553 1333/730/639 1312/731/640
f 1311/643/553 1312/731/640 1290/644/554
f 1290/644/554 1312/731/640 1291/732/641
f 1290/644/554 1291/732/641 1269/645/555
f 1269/645/555 1291/732/641 1270/733/642
f 1269/645/555 1270/733/642 1248/646/556
f 1248/646/556 1270/733/642 1249/734/643
f 1248/646/556 1249/734/643 1227/647/557
f 1227/647/557 1249/734/643 1228/735/644
f 1227/647/557 1228/735/644 1206/648/558
f 1206/648/558 1228/735/644 1207/736/645
f 1206/648/558 1207/736/645 1185/649/559
f 1185/649/559 1207/736/645 1186/737/646
f 1185/649/559 1186/737/646 1164/650/560
f 1164/650/560 1186/737/646 1165/738/647
f 1164/650/560 1165/738/647 1143/651/561
f 1143/651/561 1165/738/647 1144/739/648
f 1143/651/561 1144/739/648 1122/652/562
f 1122/652/562 1144/739/648 1123/740/649
f 1122/652/562 1123/740/649 1101/653/563
f 1101/653/563 1123/740/649 1102/741/650
f 1101/653/563 1102/741/650 1080/654/564
f 1080/654/564 1102/741/650 1081/742/651
f 1080/654/564 1081/742/651 1059/655/565
f 1059/655/565 1081/742/651 1060/743/652
f 1059/655/565 1060/743/652 1038/656/566
f 1038/656/566 1060/743/652 1039/744/653
f 1038/656/566 1039/744/653 1017/657/567
f 1017/657/567 1039/744/653 1018/745/654
f 1017/657/567 1018/745/654 996/658/568
f 996/658/568 1018/745/654 997/746/655
f 996/658/568 997/746/655 975/659/569
f 975/659/569 997/746/655 976/747/656
f 975/659/569 976/747/656 954/660/570
f 954/660/570 976/747/656 955/748/657
f 954/660/570 955/748/657 933/661/571
f 933/661/571 955/748/657 934/749/658
f 933/661/571 934/749/658 912/662/572
f 912/662/572 934/749/658 913/750/659
f 912/662/572 913/750/659 891/663/573
f 891/663/573 913/750/659 892/751/660
f 891/663/573 892/751/660 870/664/574
f 870/664/574 892/751/660 871/752/661
f 870/664/574 871/752/661 849/665/575
f 849/665/575 871/752/661 850/753/662
f 849/665/575 850/753/662 828/666/576
f 828/666/576 850/753/662 829/754/663
f 828/666/576 829/754/663 807/667/577
f 807/667/577 829/754/663 808/755/664
f 807/667/577 808/755/664 786/668/578
f 786/668/578 808/755/664 787/756/665
f 786/668/578 787/756/665 765/669/579
f 765/669/579 787/756/665 766/757/666
f 765/669/579 766/757/666 744/670/580
f 744/670/580 766/757/666 745/758/667
f 744/670/580 745/758/667 723/671/581
f 723/671/581 745/758/667 724/759/668
f 723/671/581 724/759/668 702/672/582
f 702/672/582 724/759/668 703/760/669
f 702/672/582 703/760/669 681/673/583
f 681/673/583 703/760/669 682/761/670
f 681/673/583 682/761/670 660/674/584
f 660/674/584 682/761/670 661/762/671
f 660/674/584 661/762/671 639/675/585
f 639/675/585 661/762/671 640/763/672
f 639/675/585 640/763/672 618/676/586
f 618/676/586 640/763/672 619/764/673
f 618/676/586 619/764/673 597/677/587
f 597/677/587 619/764/673 598/765/674
f 597/677/587 598/765/674 576/678/588
f 576/678/588 598/765/674 577/766/675
f 576/678/588 577/766/675 555/679/589
f 555/679/589 577/766/675 556/767/676
f 555/679/589 556/767/676 534/680/590
f 534/680/590 556/767/676 535/768/677
f 534/680/590 535/768/677 513/681/591
f 513/681/591 535/768/677 514/769/678
f 513/681/591 514/769/678 492/682/592
f 492/682/592 514/769/678 493/770/679
f 492/682/592 493/770/679 471/683/593
f 471/683/593 493/770/679 472/771/680
f 471/683/593 472/771/680 450/684/594
f 450/684/594 472/771/680 451/772/681
f 450/684/594 451/772/681 429/685/595
f 429/685/595 451/772/681 430/773/682
f 429/685/595 430/773/682 408/686/596
f 408/686/596 430/773/682 409/774/683
f 408/686/596 409/774/683 387/687/597
f 387/687/597 409/774/683 388/775/684
f 387/687/597 388/775/684 366/688/598
f 366/688/598 388/775/684 367/776/685
f 366/688/598 367/776/685 345/689/599
f 345/689/599 367/776/685 346/777/686
f 345/689/599 346/777/686 324/690/600
f 324/690/600 346/777/686 325/778/687
f 324/690/600 325/778/687 303/691/601
f 303/691/601 325/778/687 304/779/688
f 303/691/601 304/779/688 282/692/602
f 282/692/602 304/779/688 283/780/689
f 282/692/602 283/780/689 261/693/603
f 261/693/603 283/780/689 262/781/690
f 261/693/603 262/781/690 240/694/604
f 240/694/604 262/781/690 241/782/691
f 240/694/604 241/782/691 219/695/605
f 219/695/605 241/782/691 220/783/692
f 219/695/605 220/783/692 198/696/606
f 198/696/606 220/783/692 199/784/693
f 198/696/606 199/784/693 177/697/607
f 177/697/607 199/784/693 178/785/694
f 177/697/607 178/785/694 156/698/608
f 156/698/608 178/785/694 157/786/695
f 156/698/608 157/786/695 135/699/609
f 135/699/609 157/786/695 136/787/696
f 135/699/609 136/787/696 114/700/610
f 114/700/610 136/787/696 115/788/697
f 114/700/610 115/788/697 93/701/524
f 93/701/524 115/788/697 94/789/611
f 94/702/611 95/790/698 1900/703/612
f 1900/703/612 95/790/698 1901/791/699
f 1900/703/612 1901/791/699 1879/704/613
f 1879/704/613 1901/791/699 1880/792/700
f 1879/704/613 1880/792/700 1858/705/614
f 1858/705/614 1880/792/700 1859/793/701
f 1858/705/614 1859/793/701 1837/706/615
f 1837/706/615 1859/793/701 1838/794/702
f 1837/706/615 1838/794/702 1816/707/616
f 1816/707/616 1838/794/702 1817/795/703
f 1816/707/616 1817/795/703 1795/708/617
f 1795/708/617 1817/795/703 1796/796/704
f 1795/708/617 1796/796/704 1774/709/618
f 1774/709/618 1796/796/704 1775/797/705
f 1774/709/618 1775/797/705 1753/710/619
f 1753/710/619 1775/797/705 1754/798/706
f 1753/710/619 1754/798/706 1732/711/620
f 1732/711/620 1754/798/706 1733/799/707
f 1732/711/620 1733/799/707 1711/712/621
f 1711/712/621 1733/799/707 1712/800/708
f 1711/712/621 1712/800/708 1690/713/622
f 1690/713/622 1712/800/708 1691/801/709
f 1690/713/622 1691/801/709 1669/714/623
f 1669/714/623 1691/801/709 1670/802/710
f 1669/714/623 1670/802/710 1648/715/624
f 1648/715/624 1670/802/710 1649/803/711
f 1648/715/624 1649/803/711 1627/716/625
f 1627/716/625 1649/803/711 1628/804/712
f 1627/716/625 1628/804/712 1606/717/626
f 1606/717/626 1628/804/712 1607/805/713
f 1606/717/626 1607/805/713 1585/718/627
f 1585/718/627 1607/805/713 1586/806/714
f 1585/718/627 1586/806/714 1564/719/628
f 1564/719/628 1586/806/714 1565/807/715
f 1564/719/628 1565/807/715 1543/720/629
f 1543/720/629 1565/807/715 1544/808/716
f 1543/720/629 1544/808/716 1522/721/630
f 1522/721/630 1544/808/716 1523/809/717
f 1522/721/630 1523/809/717 1501/722/631
f 1501/722/631 1523/809/717 1502/810/718
f 1501/722/631 1502/810/718 1480/723/632
f 1480/723/632 1502/810/718 1481/811/719
f 1480/723/632 1481/811/719 1459/724/633
f 1459/724/633 1481/811/719 1460/812/720
f 1459/724/633 1460/812/720 1438/725/634
f 1438/725/634 1460/812/720 1439/813/721
f 1438/725/634 1439/813/721 1417/726/635
f 1417/726/635 1439/813/721 1418/814/722
f 1417/726/635 1418/814/722 1396/727/636
f 1396/727/636 1418/814/722 1397/815/723
f 1396/727/636 1397/815/723 1375/728/637
f 1375/728/637 1397/815/723 1376/816/724
f 1375/728/637 1376/816/724 1354/729/638
f 1354/729/638 1376/816/724 1355/817/725
f 1354/729/638 1355/817/725 1333/730/639
f 1333/730/639 1355/817/725 1334/818/726
f 1333/730/639 1334/818/726 1312/731/640
f 1312/731/640 1334/818/726 1313/819/727
f 1312/731/640 1313/819/727 1291/732/641
f 1291/732/641 1313/819/727 1292/820/728
f 1291/732/641 1292/820/728 1270/733/642
f 1270/733/642 1292/820/728 1271/821/729
f 1270/733/642 1271/821/729 1249/734/643
f 1249/734/643 1271/821/729 1250/822/730
f 1249/734/643 1250/822/730 1228/735/644
f 1228/735/644 1250/822/730 1229/823/731
f 1228/735/644 1229/823/731 1207/736/645
f 1207/736/645 1229/823/731 1208/824/732
f 1207/736/645 1208/824/732 1186/737/646
f 1186/737/646 1208/824/732 1187/825/733
f 1186/737/646 1187/825/733 1165/738/647
f 1165/738/647 1187/825/733 1166/826/734
f 1165/738/647 1166/826/734 1144/739/648
f 1144/739/648 1166/826/734 1145/827/735
f 1144/739/648 1145/827/735 1123/740/649
f 1123/740/649 1145/827/735 1124/828/736
f 1123/740/649 1124/828/736 1102/741/650
f 1102/741/650 1124/828/736 1103/829/737
f 1102/741/650 1103/829/737 1081/742/651
f 1081/742/651 1103/829/737 1082/830/738
f 1081/742/651 1082/830/738 1060/743/652
f 1060/743/652 1082/830/738 1061/831/739
f 1060/743/652 1061/831/739 1039/744/653
f 1039/744/653 1061/831/739 1040/832/740
f 1039/744/653 1040/832/740 1018/745/654
f 1018/745/654 1040/832/740 1019/833/741
f 1018/745/654 1019/833/741 997/746/655
f 997/746/655 1019/833/741 998/834/742
f 997/746/655 998/834/742 976/747/656
f 976/747/656 998/834/742 977/835/743
f 976/747/656 977/835/743 955/748/657
f 955/748/657 977/835/743 956/836/744
f 955/748/657 956/836/744 934/749/658
f 934/749/658 956/836/744 935/837/745
f 934/749/658 935/837/745 913/750/659
f 913/750/659 935/837/745 914/838/746
f 913/750/659 914/838/746 892/751/660
f 892/751/660 914/838/746 893/839/747
f 892/751/660 893/839/747 871/752/661
f 871/752/661 893/839/747 872/840/748
f 871/752/661 872/840/748 850/753/662
f 850/753/662 872/840/748 851/841/749
f 850/753/662 851/841/749 829/754/663
f 829/754/663 851/841/749 830/842/750
f 829/754/663 830/842/750 808/755/664
f 808/755/664 830/842/750 809/843/751
f 808/755/664 809/843/751 787/756/665
f 787/756/665 809/843/751 788/844/752
f 787/756/665 788/844/752 766/757/666
f 766/757/666 788/844/752 767/845/753
f 766/757/666 767/845/753 745/758/667
f 745/758/667 767/845/753 746/846/754
f 745/758/667 746/846/754 724/759/668
f 724/759/668 746/846/754 725/847/755
f 724/759/668 725/847/755 703/760/669
f 703/760/669 725/847/755 704/848/756
f 703/760/669 704/848/756 682/761/670
f 682/761/670 704/848/756 683/849/757
f 682/761/670 683/849/757 661/762/671
f 661/762/671 683/849/757 662/850/758
f 661/762/671 662/850/758 640/763/672
f 640/763/672 662/850/758 641/851/759
f 640/763/672 641/851/759 619/764/673
f 619/764/673 641/851/759 620/852/760
f 619/764/673 620/852/760 598/765/674
f 598/765/674 620/852/760 599/853/761
f 598/765/674 599/853/761 577/766/675
f 577/766/675 599/853/761 578/854/762
f 577/766/675 578/854/762 556/767/676
f 556/767/676 578/854/762 557/855/763
f 556/767/676 557/855/763 535/768/677
f 535/768/677 557/855/763 536/856/764
f 535/768/677 536/856/764 514/769/678
f 514/769/678 536/856/764 515/857/765
f 514/769/678 515/857/765 493/770/679
f 493/770/679 515/857/765 494/858/766
f 493/770/679 494/858/766 472/771/680
f 472/771/680 494/858/766 473/859/767
f 472/771/680 473/859/767 451/772/681
f 451/772/681 473/859/767 452/860/768
f 451/772/681 452/860/768 430/773/682
f 430/773/682 452/860/768 431/861/769
f 430/773/682 431/861/769 409/774/683
f 409/774/683 431/861/769 410/862/770
f 409/774/683 410/862/770 388/775/684
f 388/775/684 410/862/770 389/863/771
f 388/775/684 389/863/771 367/776/685
f 367/776/685 389/863/771 368/864/772
f 367/776/685 368/864/772 346/777/686
f 346/777/686 368/864/772 347/865/773
f 346/777/686 347/865/773 325/778/687
f 325/778/687 347/865/773 326/866/774
f 325/778/687 326/866/774 304/779/688
f 304/779/688 326/866/774 305/867/775
f 304/779/688 305/867/775 283/780/689
f 283/780/689 305/867/775 284/868/776
f 283/780/689 284/868/776 262/781/690
f 262/781/690 284/868/776 263/869/777
f 262/781/690 263/869/777 241/782/691
f 241/782/691 263/869/777 242/870/778
f 241/782/691 242/870/778 220/783/692
f 220/783/692 242/870/778 221/871/779
f 220/783/692 221/871/779 199/784/693
f 199/784/693 221/871/779 200/872/780
f 199/784/693 200/872/780 178/785/694
f 178/785/694 200/872/780 179/873/781
f 178/785/694 179/873/781 157/786/695
f 157/786/695 179/873/781 158/874/782
f 157/786/695 158/874/782 136/787/696
f 136/787/696 158/874/782 137/875/783
f 136/787/696 137/875/783 115/788/697
f 115/788/697 137/875/783 116/876/784
f 115/788/697 116/876/784 94/789/611
f 94/789/611 116/876/784 95/877/698
f 95/790/698 96/878/785 1901/791/699
f 1901/791/699 96/878/785 1902/879/786
f 1901/791/699 1902/879/786 1880/792/700
f 1880/792/700 1902/879/786 1881/880/787
f 1880/792/700 1881/880/787 1859/793/701
f 1859/793/701 1881/880/787 1860/881/788
f 1859/793/701 1860/881/788 1838/794/702
f 1838/794/702 1860/881/788 1839/882/789
f 1838/794/702 1839/882/789 1817/795/703
f 1817/795/703 1839/882/789 1818/883/790
f 1817/795/703 1818/883/790 1796/796/704
f 1796/796/704 1818/883/790 1797/884/791
f 1796/796/704 1797/884/791 1775/797/705
f 1775/797/705 1797/884/791 1776/885/792
f 1775/797/705 1776/885/792 1754/798/706
f 1754/798/706 1776/885/792 1755/886/793
f 1754/798/706 1755/886/793 1733/799/707
f 1733/799/707 1755/886/793 1734/887/794
f 1733/799/707 1734/887/794 1712/800/708
f 1712/800/708 1734/887/794 1713/888/795
f 1712/800/708 1713/888/795 1691/801/709
f 1691/801/709 1713/888/795 1692/889/796
f 1691/801/709 1692/889/796 1670/802/710
f 1670/802/710 1692/889/796 1671/890/797
f 1670/802/710 1671/890/797 1649/803/711
f 1649/803/711 1671/890/797 1650/891/798
f 1649/803/711 1650/891/798 1628/804/712
f 1628/804/712 1650/891/798 1629/892/799
f 1628/804/712 1629/892/799 1607/805/713
f 1607/805/713 1629/892/799 1608/893/800
f 1607/805/713 1608/893/800 1586/806/714
f 1586/806/714 1608/893/800 1587/894/801
f 1586/806/714 1587/894/801 1565/807/715
f 1565/807/715 1587/894/801 1566/895/802
f 1565/807/715 1566/895/802 1544/808/716
f 1544/808/716 1566/895/802 1545/896/803
f 1544/808/716 1545/896/803 1523/809/717
f 1523/809/717 1545/896/803 1524/897/804
f 1523/809/717 1524/897/804 1502/810/718
f 1502/810/718 1524/897/804 1503/898/805
f 1502/810/718 1503/898/805 1481/811/719
f 1481/811/719 1503/898/805 1482/899/806
f 1481/811/719 1482/899/806 1460/812/720
f 1460/812/720 1482/899/806 1461/900/807
f 1460/812/720 1461/900/807 1439/813/721
f 1439/813/721 1461/900/807 1440/901/808
f 1439/813/721 1440/901/808 1418/814/722
f 1418/814/722 1440/901/808 1419/902/809
f 1418/814/722 1419/902/809 1397/815/723
f 1397/815/723 1419/902/809 1398/903/810
f 1397/815/723 1398/903/810 1376/816/724
f 1376/816/724 1398/903/810 1377/904/811
f 1376/816/724 1377/904/811 1355/817/725
f 1355/817/725 1377/904/811 1356/905/812
f 1355/817/725 1356/905/812 1334/818/726
f 1334/818/726 1356/905/812 1335/906/813
f 1334/818/726 1335/906/813 1313/819/727
f 1313/819/727 1335/906/813 1314/907/814
f 1313/819/727 1314/907/814 1292/820/728
f 1292/820/728 1314/907/814 1293/908/815
f 1292/820/728 1293/908/815 1271/821/729
f 1271/821/729 1293/908/815 1272/909/816
f 1271/821/729 1272/909/816 1250/822/730
f 1250/822/730 1272/909/816 1251/910/817
f 1250/822/730 1251/910/817 1229/823/731
f 1229/823/731 1251/910/817 1230/911/818
f 1229/823/731 1230/911/818 1208/824/732
f 1208/824/732 1230/911/818 1209/912/819
f 1208/824/732 1209/912/819 1187/825/733
f 1187/825/733 1209/912/819 1188/913/820
f 1187/825/733 1188/913/820 1166/826/734
f 1166/826/734 1188/913/820 1167/914/821
f 1166/826/734 1167/914/821 1145/827/735
f 1145/827/735 1167/914/821 1146/915/822
f 1145/827/735 1146/915/822 1124/828/736
f 1124/828/736 1146/915/822 1125/916/823
f 1124/828/736 1125/916/823 1103/829/737
f 1103/829/737 1125/916/823 1104/917/824
f 1103/829/737 1104/917/824 1082/830/738
f 1082/830/738 1104/917/824 1083/918/825
f 1082/830/738 1083/918/825 1061/831/739
f 1061/831/739 1083/918/825 1062/919/826
f 1061/831/739 1062/919/826 1040/832/740
f 1040/832/740 1062/919/826 1041/920/827
f 1040/832/740 1041/920/827 1019/833/741
f 1019/833/741 1041/920/827 1020/921/828
f 1019/833/741 1020/921/828 998/834/742
f 998/834/742 1020/921/828 999/922/829
f 998/834/742 999/922/829 977/835/743
f 977/835/743 999/922/829 978/923/830
f 977/835/743 978/923/830 956/836/744
f 956/836/744 978/923/830 957/924/831
f 956/836/744 957/924/831 935/837/745
f 935/837/745 957/924/831 936/925/832
f 935/837/745 936/925/832 914/838/746
f 914/838/746 936/925/832 915/926/833
f 914/838/746 915/926/833 893/839/747
f 893/839/747 915/926/833 894/927/834
f 893/839/747 894/927/834 872/840/748
f 872/840/748 894/927/834 873/928/835
f 872/840/748 873/928/835 851/841/749
f 851/841/749 873/928/835 852/929/836
f 851/841/749 852/929/836 830/842/750
f 830/842/750 852/929/836 831/930/837
f 830/842/750 831/930/837 809/843/751
f 809/843/751 831/930/837 810/931/838
f 809/843/751 810/931/838 788/844/752
f 788/844/752 810/931/838 789/932/839
f 788/844/752 789/932/839 767/845/753
f 767/845/753 789/932/839 768/933/840
f 767/845/753 768/933/840 746/846/754
f 746/846/754 768/933/840 747/934/841
f 746/846/754 747/934/841 725/847/755
f 725/847/755 747/934/841 726/935/842
f 725/847/755 726/935/842 704/848/756
f 704/848/756 726/935/842 705/936/843
f 704/848/756 705/936/843 683/849/757
f 683/849/757 705/936/843 684/937/844
f 683/849/757 684/937/844 662/850/758
f 662/850/758 684/937/844 663/938/845
f 662/850/758 663/938/845 641/851/759
f 641/851/759 663/938/845 642/939/846
f 641/851/759 642/939/846 620/852/760
f 620/852/760 642/939/846 621/940/847
f 620/852/760 621/940/847 599/853/761
f 599/853/761 621/940/847 600/941/848
f 599/853/761 600/941/848 578/854/762
f 578/854/762 600/941/848 579/942/849
f 578/854/762 579/942/849 557/855/763
f 557/855/763 579/942/849 558/943/850
f 557/855/763 558/943/850 536/856/764
f 536/856/764 558/943/850 537/944/851
f 536/856/764 537/944/851 515/857/765
f 515/857/765 537/944/851 516/945/852
f 515/857/765 516/945/852 494/858/766
f 494/858/766 516/945/852 495/946/853
f 494/858/766 495/946/853 473/859/767
f 473/859/767 495/946/853 474/947/854
f 473/859/767 474/947/854 452/860/768
f 452/860/768 474/947/854 453/948/855
f 452/860/768 453/948/855 431/861/769
f 431/861/769 453/948/855 432/949/856
f 431/861/769 432/949/856 410/862/770
f 410/862/770 432/949/856 411/950/857
f 410/862/770 411/950/857 389/863/771
f 389/863/771 411/950/857 390/951/858
f 389/863/771 390/951/858 368/864/772
f 368/864/772 390/951/858 369/952/859
f 368/864/772 369/952/859 347/865/773
f 347/865/773 369/952/859 348/953/860
f 347/865/773 348/953/860 326/866/774
f 326/866/774 348/953/860 327/954/861
f 326/866/774 327/954/861 305/867/775
f 305/867/775 327/954/861 306/955/862
f 305/867/775 306/955/862 284/868/776
f 284/868/776 306/955/862 285/956/863
f 284/868/776 285/956/863 263/869/777
f 263/869/777 285/956/863 264/957/864
f 263/869/777 264/957/864 242/870/778
f 242/870/778 264/957/864 243/958/865
f 242/870/778 243/958/865 221/871/779
f 221/871/779 243/958/865 222/959/866
f 221/871/779 222/959/866 200/872/780
f 200/872/780 222/959/866 201/960/867
f 200/872/780 201/960/867 179/873/781
f 179/873/781 201/960/867 180/961/868
f 179/873/781 180/961/868 158/874/782
f 158/874/782 180/961/868 159/962/869
f 158/874/782 159/962/869 137/875/783
f 137/875/783 159/962/869 138/963/870
f 137/875/783 138/963/870 116/876/784
f 116/876/784 138/963/870 117/964/871
f 116/876/784 117/964/871 95/877/698
f 95/877/698 117/964/871 96/965/785
f 96/878/785 97/966/872 1902/879/786
f 1902/879/786 97/966/872 1903/967/873
f 1902/879/786 1903/967/873 1881/880/787
f 1881/880/787 1903/967/873 1882/968/874
f 1881/880/787 1882/968/874 1860/881/788
f 1860/881/788 1882/968/874 1861/969/875
f 1860/881/788 1861/969/875 1839/882/789
f 1839/882/789 1861/969/875 1840/970/876
f 1839/882/789 1840/970/876 1818/883/790
f 1818/883/790 1840/970/876 1819/971/877
f 1818/883/790 1819/971/877 1797/884/791
f 1797/884/791 1819/971/877 1798/972/878
f 1797/884/791 1798/972/878 1776/885/792
f 1776/885/792 1798/972/878 1777/973/879
f 1776/885/792 1777/973/879 1755/886/793
f 1755/886/793 1777/973/879 1756/974/880
f 1755/886/793 1756/974/880 1734/887/794
f 1734/887/794 1756/974/880 1735/975/881
f 1734/887/794 1735/975/881 1713/888/795
f 1713/888/795 1735/975/881 1714/976/882
f 1713/888/795 1714/976/882 1692/889/796
f 1692/889/796 1714/976/882 1693/977/883
f 1692/889/796 1693/977/883 1671/890/797
f 1671/890/797 1693/977/883 1672/978/884
f 1671/890/797 1672/978/884 1650/891/798
f 1650/891/798 1672/978/884 1651/979/885
f 1650/891/798 1651/979/885 1629/892/799
f 1629/892/799 1651/979/885 1630/980/886
f 1629/892/799 1630/980/886 1608/893/800
f 1608/893/800 1630/980/886 1609/981/887
f 1608/893/800 1609/981/887 1587/894/801
f 1587/894/801 1609/981/887 1588/982/888
f 1587/894/801 1588/982/888 1566/895/802
f 1566/895/802 1588/982/888 1567/983/889
f 1566/895/802 1567/983/889 1545/896/803
f 1545/896/803 1567/983/889 1546/984/890
f 1545/896/803 1546/984/890 1524/897/804
f 1524/897/804 1546/984/890 1525/985/891
f 1524/897/804 1525/985/891 1503/898/805
f 1503/898/805 1525/985/891 1504/986/892
f 1503/898/805 1504/986/892 1482/899/806
f 1482/899/806 1504/986/892 1483/987/893
f 1482/899/806 1483/987/893 1461/900/807
f 1461/900/807 1483/987/893 1462/988/894
f 1461/900/807 1462/988/894 1440/901/808
f 1440/901/808 1462/988/894 1441/989/895
f 1440/901/808 1441/989/895 1419/902/809
f 1419/902/809 1441/989/895 1420/990/896
f 1419/902/809 1420/990/896 1398/903/810
f 1398/903/810 1420/990/896 1399/991/897
f 1398/903/810 1399/991/897 1377/904/811
f 1377/904/811 1399/991/897 1378/992/898
f 1377/904/811 1378/992/898 1356/905/812
f 1356/905/812 1378/992/898 1357/993/899
f 1356/905/812 1357/993/899 1335/906/813
f 1335/906/813 1357/993/899 1336/994/900
f 1335/906/813 1336/994/900 1314/907/814
f 1314/907/814 1336/994/900 1315/995/901
f 1314/907/814 1315/995/901 1293/908/815
f 1293/908/815 1315/995/901 1294/996/902
f 1293/908/815 1294/996/902 1272/909/816
f 1272/909/816 1294/996/902 1273/997/903
f 1272/909/816 1273/997/903 1251/910/817
f 1251/910/817 1273/997/903 1252/998/904
f 1251/910/817 1252/998/904 1230/911/818
f 1230/911/818 1252/998/904 1231/999/905
f 1230/911/818 1231/999/905 1209/912/819
f 1209/912/819 1231/999/905 1210/1000/906
f 1209/912/819 1210/1000/906 1188/913/820
f 1188/913/820 1210/1000/906 1189/1001/907
f 1188/913/820 1189/1001/907 1167/914/821
f 1167/914/821 1189/1001/907 1168/1002/908
f 1167/914/821 1168/1002/908 1146/915/822
f 1146/915/822 1168/1002/908 1147/1003/909
f 1146/915/822 1147/1003/909 1125/916/823
f 1125/916/823 1147/1003/909 1126/1004/910
f 1125/916/823 1126/1004/910 1104/917/824
f 1104/917/824 1126/1004/910 1105/1005/911
f 1104/917/824 1105/1005/911 1083/918/825
f 1083/918/825 1105/1005/911 1084/1006/912
f 1083/918/825 1084/1006/912 1062/919/826
f 1062/919/826 1084/1006/912 1063/1007/913
f 1062/919/826 1063/1007/913 1041/920/827
f 1041/920/827 1063/1007/913 1042/1008/914
f 1041/920/827 1042/1008/914 1020/921/828
f 1020/921/828 1042/1008/914 1021/1009/915
f 1020/921/828 1021/1009/915 999/922/829
f 999/922/829 1021/1009/915 1000/1010/916
f 999/922/829 1000/1010/916 978/923/830
f 978/923/830 1000/1010/916 979/1011/917
f 978/923/830 979/1011/917 957/924/831
f 957/924/831 979/1011/917 958/1012/918
f 957/924/831 958/1012/918 936/925/832
f 936/925/832 958/1012/918 937/1013/919
f 936/925/832 937/1013/919 915/926/833
f 915/926/833 937/1013/919 916/1014/920
f 915/926/833 916/1014/920 894/927/834
f 894/927/834 916/1014/920 895/1015/921
f 894/927/834 895/1015/921 873/928/835
f 873/928/835 895/1015/921 874/1016/922
f 873/928/835 874/1016/922 852/929/836
f 852/929/836 874/1016/922 853/1017/923
f 852/929/836 853/1017/923 831/930/837
f 831/930/837 853/1017/923 832/1018/924
f 831/930/837 832/1018/924 810/931/838
f 810/931/838 832/1018/924 811/1019/925
f 810/931/838 811/1019/925 789/932/839
f 789/932/839 811/1019/925 790/1020/926
f 789/932/839 790/1020/926 768/933/840
f 768/933/840 790/1020/926 769/1021/927
f 768/933/840 769/1021/927 747/934/841
f 747/934/841 769/1021/927 748/1022/928
f 747/934/841 748/1022/928 726/935/842
f 726/935/842 748/1022/928 727/1023/929
f 726/935/842 727/1023/929 705/936/843
f 705/936/843 727/1023/929 706/1024/930
f 705/936/843 706/1024/930 684/937/844
f 684/937/844 706/1024/930 685/1025/931
f 684/937/844 685/1025/931 663/938/845
f 663/938/845 685/1025/931 664/1026/932
f 663/938/845 664/1026/932 642/939/846
f 642/939/846 664/1026/932 643/1027/933
f 642/939/846 643/1027/933 621/940/847
f 621/940/847 643/1027/933 622/1028/934
f 621/940/847 622/1028/934 600/941/848
f 600/941/848 622/1028/934 601/1029/935
f 600/941/848 601/1029/935 579/942/849
f 579/942/849 601/1029/935 580/1030/936
f 579/942/849 580/1030/936 558/943/850
f 558/943/850 580/1030/936 559/1031/937
f 558/943/850 559/1031/937 537/944/851
f 537/944/851 559/1031/937 538/1032/938
f 537/944/851 538/1032/938 516/945/852
f 516/945/852 538/1032/938 517/1033/939
f 516/945/852 517/1033/939 495/946/853
f 495/946/853 517/1033/939 496/1034/940
f 495/946/853 496/1034/940 474/947/854
f 474/947/854 496/1034/940 475/1035/941
f 474/947/854 475/1035/941 453/948/855
f 453/948/855 475/1035/941 454/1036/942
f 453/948/855 454/1036/942 432/949/856
f 432/949/856 454/1036/942 433/1037/943
f 432/949/856 433/1037/943 411/950/857
f 411/950/857 433/1037/943 412/1038/944
f 411/950/857 412/1038/944 390/951/858
f 390/951/858 412/1038/944 391/1039/945
f 390/951/858 391/1039/945 369/952/859
f 369/952/859 391/1039/945 370/1040/946
f 369/952/859 370/1040/946 348/953/860
f 348/953/860 370/1040/946 349/1041/947
f 348/953/860 349/1041/947 327/954/861
f 327/954/861 349/1041/947 328/1042/948
f 327/954/861 328/1042/948 306/955/862
f 306/955/862 328/1042/948 307/1043/949
f 306/955/862 307/1043/949 285/956/863
f 285/956/863 307/1043/949 286/1044/950
f 285/956/863 286/1044/950 264/957/864
f 264/957/864 286/1044/950 265/1045/951
f 264/957/864 265/1045/951 243/958/865
f 243/958/865 265/1045/951 244/1046/952
f 243/958/865 244/1046/952 222/959/866
f 222/959/866 244/1046/952 223/1047/953
f 222/959/866 223/1047/953 201/960/867
f 201/960/867 223/1047/953 202/1048/954
f 201/960/867 202/1048/954 180/961/868
f 180/961/868 202/1048/954 181/1049/955
f 180/961/868 181/1049/955 159/962/869
f 159/962/869 181/1049/955 160/1050/956
f 159/962/869 160/1050/956 138/963/870
f 138/963/870 160/1050/956 139/1051/957
f 138/963/870 139/1051/957 117/964/871
f 117/964/871 139/1051/957 118/1052/958
f 117/964/871 118/1052/958 96/965/785
f 96/965/785 118/1052/958 97/1053/872
f 97/966/872 98/1054/959 1903/967/873
f 1903/967/873 98/1054/959 1904/1055/960
f 1903/967/873 1904/1055/960 1882/968/874
f 1882/968/874 1904/1055/960 1883/1056/961
f 1882/968/874 1883/1056/961 1861/969/875
f 1861/969/875 1883/1056/961 1862/1057/962
f 1861/969/875 1862/1057/962 1840/970/876
f 1840/970/876 1862/1057/962 1841/1058/963
f 1840/970/876 1841/1058/963 1819/971/877
f 1819/971/877 1841/1058/963 1820/1059/964
f 1819/971/877 1820/1059/964 1798/972/878
f 1798/972/878 1820/1059/964 1799/1060/965
f 1798/972/878 1799/1060/965 1777/973/879
f 1777/973/879 1799/1060/965 1778/1061/966
f 1777/973/879 1778/1061/966 1756/974/880
f 1756/974/880 1778/1061/966 1757/1062/967
f 1756/974/880 1757/1062/967 1735/975/881
f 1735/975/881 1757/1062/967 1736/1063/968
f 1735/975/881 1736/1063/968 1714/976/882
f 1714/976/882 1736/1063/968 1715/1064/969
f 1714/976/882 1715/1064/969 1693/977/883
f 1693/977/883 1715/1064/969 1694/1065/970
f 1693/977/883 1694/1065/970 1672/978/884
f 1672/978/884 1694/1065/970 1673/1066/971
f 1672/978/884 1673/1066/971 1651/979/885
f 1651/979/885 1673/1066/971 1652/1067/972
f 1651/979/885 1652/1067/972 1630/980/886
f 1630/980/886 1652/1067/972 1631/1068/973
f 1630/980/886 1631/1068/973 1609/981/887
f 1609/981/887 1631/1068/973 1610/1069/974
f 1609/981/887 1610/1069/974 1588/982/888
f 1588/982/888 1610/1069/974 1589/1070/975
f 1588/982/888 1589/1070/975 1567/983/889
f 1567/983/889 1589/1070/975 1568/1071/976
f 1567/983/889 1568/1071/976 1546/984/890
f 1546/984/890 1568/1071/976 1547/1072/977
f 1546/984/890 1547/1072/977 1525/985/891
f 1525/985/891 1547/1072/977 1526/1073/978
f 1525/985/891 1526/1073/978 1504/986/892
f 1504/986/892 1526/1073/978 1505/1074/979
f 1504/986/892 1505/1074/979 1483/987/893
f 1483/987/893 1505/1074/979 1484/1075/980
f 1483/987/893 1484/1075/980 1462/988/894
f 1462/988/894 1484/1075/980 1463/1076/981
f 1462/988/894 1463/1076/981 1441/989/895
f 1441/989/895 1463/1076/981 1442/1077/982
f 1441/989/895 1442/1077/982 1420/990/896
f 1420/990/896 1442/1077/982 1421/1078/983
f 1420/990/896 1421/1078/983 1399/991/897
f 1399/991/897 1421/1078/983 1400/1079/984
f 1399/991/897 1400/1079/984 1378/992/898
f 1378/992/898 1400/1079/984 1379/1080/985
f 1378/992/898 1379/1080/985 1357/993/899
f 1357/993/899 1379/1080/985 1358/1081/986
f 1357/993/899 1358/1081/986 1336/994/900
f 1336/994/900 1358/1081/986 1337/1082/987
f 1336/994/900 1337/1082/987 1315/995/901
f 1315/995/901 1337/1082/987 1316/1083/988
f 1315/995/901 1316/1083/988 1294/996/902
f 1294/996/902 1316/1083/988 1295/1084/989
f 1294/996/902 1295/1084/989 1273/997/903
f 1273/997/903 1295/1084/989 1274/1085/990
f 1273/997/903 1274/1085/990 1252/998/904
f 1252/998/904 1274/1085/990 1253/1086/991
f 1252/998/904 1253/1086/991 1231/999/905
f 1231/999/905 1253/1086/991 1232/1087/992
f 1231/999/905 1232/1087/992 1210/1000/906
f 1210/1000/906 1232/1087/992 1211/1088/993
f 1210/1000/906 1211/1088/993 1189/1001/907
f 1189/1001/907 1211/1088/993 1190/1089/994
f 1189/1001/907 1190/1089/994 1168/1002/908
f 1168/1002/908 1190/1089/994 1169/1090/995
f 1168/1002/908 1169/1090/995 1147/1003/909
f 1147/1003/909 1169/1090/995 1148/1091/996
f 1147/1003/909 1148/1091/996 1126/1004/910
f 1126/1004/910 1148/1091/996 1127/1092/997
f 1126/1004/910 1127/1092/997 1105/1005/911
f 1105/1005/911 1127/1092/997 1106/1093/998
f 1105/1005/911 1106/1093/998 1084/1006/912
f 1084/1006/912 1106/1093/998 1085/1094/999
f 1084/1006/912 1085/1094/999 1063/1007/913
f 1063/1007/913 1085/1094/999 1064/1095/1000
f 1063/1007/913 1064/1095/1000 1042/1008/914
f 1042/1008/914 1064/1095/1000 1043/1096/1001
f 1042/1008/914 1043/1096/1001 1021/1009/915
f 1021/1009/915 1043/1096/1001 1022/1097/1002
f 1021/1009/915 1022/1097/1002 1000/1010/916
f 1000/1010/916 1022/1097/1002 1001/1098/1003
f 1000/1010/916 1001/1098/1003 979/1011/917
f 979/1011/917 1001/1098/1003 980/1099/1004
f 979/1011/917 980/1099/1004 958/1012/918
f 958/1012/918 980/1099/1004 959/1100/1005
f 958/1012/918 959/1100/1005 937/1013/919
f 937/1013/919 959/1100/1005 938/1101/1006
f 937/1013/919 938/1101/1006 916/1014/920
f 916/1014/920 938/1101/1006 917/1102/1007
f 916/1014/920 917/1102/1007 895/1015/921
f 895/1015/921 917/1102/1007 896/1103/1008
f 895/1015/921 896/1103/1008 874/1016/922
f 874/1016/922 896/1103/1008 875/1104/1009
f 874/1016/922 875/1104/1009 853/1017/923
f 853/1017/923 875/1104/1009 854/1105/1010
f 853/1017/923 854/1105/1010 832/1018/924
f 832/1018/924 854/1105/1010 833/1106/1011
f 832/1018/924 833/1106/1011 811/1019/925
f 811/1019/925 833/1106/1011 812/1107/1012
f 811/1019/925 812/1107/1012 790/1020/926
f 790/1020/926 812/1107/1012 791/1108/1013
f 790/1020/926 791/1108/1013 769/1021/927
f 769/1021/927 791/1108/1013 770/1109/1014
f 769/1021/927 770/1109/1014 748/1022/928
f 748/1022/928 770/1109/1014 749/1110/1015
f 748/1022/928 749/1110/1015 727/1023/929
f 727/1023/929 749/1110/1015 728/1111/1016
f 727/1023/929 728/1111/1016 706/1024/930
f 706/1024/930 728/1111/1016 707/1112/1017
f 706/1024/930 707/1112/1017 685/1025/931
f 685/1025/931 707/1112/1017 686/1113/1018
f 685/1025/931 686/1113/1018 664/1026/932
f 664/1026/932 686/1113/1018 665/1114/1019
f 664/1026/932 665/1114/1019 643/1027/933
f 643/1027/933 665/1114/1019 644/1115/1020
f 643/1027/933 644/1115/1020 622/1028/934
f 622/1028/934 644/1115/1020 623/1116/1021
f 622/1028/934 623/1116/1021 601/1029/935
f 601/1029/935 623/1116/1021 602/1117/1022
f 601/1029/935 602/1117/1022 580/1030/936
f 580/1030/936 602/1117/1022 581/1118/1023
f 580/1030/936 581/1118/1023 559/1031/937
f 559/1031/937 581/1118/1023 560/1119/1024
f 559/1031/937 560/1119/1024 538/1032/938
f 538/1032/938 560/1119/1024 539/1120/1025
f 538/1032/938 539/1120/1025 517/1033/939
f 517/1033/939 539/1120/1025 518/1121/1026
f 517/1033/939 518/1121/1026 496/1034/940
f 496/1034/940 518/1121/1026 497/1122/1027
f 496/1034/940 497/1122/1027 475/1035/941
f 475/1035/941 497/1122/1027 476/1123/1028
f 475/1035/941 476/1123/1028 454/1036/942
f 454/1036/942 476/1123/1028 455/1124/1029
f 454/1036/942 455/1124/1029 433/1037/943
f 433/1037/943 455/1124/1029 434/1125/1030
f 433/1037/943 434/1125/1030 412/1038/944
f 412/1038/944 434/1125/1030 413/1126/1031
f 412/1038/944 413/1126/1031 391/1039/945
f 391/1039/945 413/1126/1031 392/1127/1032
f 391/1039/945 392/1127/1032 370/1040/946
f 370/1040/946 392/1127/1032 371/1128/1033
f 370/1040/946 371/1128/1033 349/1041/947
f 349/1041/947 371/1128/1033 350/1129/1034
f 349/1041/947 350/1129/1034 328/1042/948
f 328/1042/948 350/1129/1034 329/1130/1035
f 328/1042/948 329/1130/1035 307/1043/949
f 307/1043/949 329/1130/1035 308/1131/1036
f 307/1043/949 308/1131/1036 286/1044/950
f 286/1044/950 308/1131/1036 287/1132/1037
f 286/1044/950 287/1132/1037 265/1045/951
f 265/1045/951 287/1132/1037 266/1133/1038
f 265/1045/951 266/1133/1038 244/1046/952
f 244/1046/952 266/1133/1038 245/1134/1039
f 244/1046/952 245/1134/1039 223/1047/953
f 223/1047/953 245/1134/1039 224/1135/1040
f 223/1047/953 224/1135/1040 202/1048/954
f 202/1048/954 224/1135/1040 203/1136/1041
f 202/1048/954 203/1136/1041 181/1049/955
f 181/1049/955 203/1136/1041 182/1137/1042
f 181/1049/955 182/1137/1042 160/1050/956
f 160/1050/956 182/1137/1042 161/1138/1043
f 160/1050/956 161/1138/1043 139/1051/957
f 139/1051/957 161/1138/1043 140/1139/1044
f 139/1051/957 140/1139/1044 118/1052/958
f 118/1052/958 140/1139/1044 119/1140/1045
f 118/1052/958 119/1140/1045 97/1053/872
f 97/1053/872 119/1140/1045 98/1141/959
f 98/1054/959 99/1142/1046 1904/1055/960
f 1904/1055/960 99/1142/1046 1905/1143/1047
f 1904/1055/960 1905/1143/1047 1883/1056/961
f 1883/1056/961 1905/1143/1047 1884/1144/1048
f 1883/1056/961 1884/1144/1048 1862/1057/962
f 1862/1057/962 1884/1144/1048 1863/1145/1049
f 1862/1057/962 1863/1145/1049 1841/1058/963
f 1841/1058/963 1863/1145/1049 1842/1146/1050
f 1841/1058/963 1842/1146/1050 1820/1059/964
f 1820/1059/964 1842/1146/1050 1821/1147/1051
f 1820/1059/964 1821/1147/1051 1799/1060/965
f 1799/1060/965 1821/1147/1051 1800/1148/1052
f 1799/1060/965 1800/1148/1052 1778/1061/966
f 1778/1061/966 1800/1148/1052 1779/1149/1053
f 1778/1061/966 1779/1149/1053 1757/1062/967
f 1757/1062/967 1779/1149/1053 1758/1150/1054
f 1757/1062/967 1758/1150/1054 1736/1063/968
f 1736/1063/968 1758/1150/1054 1737/1151/1055
f 1736/1063/968 1737/1151/1055 1715/1064/969
f 1715/1064/969 1737/1151/1055 1716/1152/1056
f 1715/1064/969 1716/1152/1056 1694/1065/970
f 1694/1065/970 1716/1152/1056 1695/1153/1057
f 1694/1065/970 1695/1153/1057 1673/1066/971
f 1673/1066/971 1695/1153/1057 1674/1154/1058
f 1673/1066/971 1674/1154/1058 1652/1067/972
f 1652/1067/972 1674/1154/1058 1653/1155/1059
f 1652/1067/972 1653/1155/1059 1631/1068/973
f 1631/1068/973 1653/1155/1059 1632/1156/1060
f 1631/1068/973 1632/1156/1060 1610/1069/974
f 1610/1069/974 1632/1156/1060 1611/1157/1061
f 1610/1069/974 1611/1157/1061 1589/1070/975
f 1589/1070/975 1611/1157/1061 1590/1158/1062
f 1589/1070/975 1590/1158/1062 1568/1071/976
f 1568/1071/976 1590/1158/1062 1569/1159/1063
f 1568/1071/976 1569/1159/1063 1547/1072/977
f 1547/1072/977 1569/1159/1063 1548/1160/1064
f 1547/1072/977 1548/1160/1064 1526/1073/978
f 1526/1073/978 1548/1160/1064 1527/1161/1065
f 1526/1073/978 1527/1161/1065 1505/1074/979
f 1505/1074/979 1527/1161/1065 1506/1162/1066
f 1505/1074/979 1506/1162/1066 1484/1075/980
f 1484/1075/980 1506/1162/1066 1485/1163/1067
f 1484/1075/980 1485/1163/1067 1463/1076/981
f 1463/1076/981 1485/1163/1067 1464/1164/1068
f 1463/1076/981 1464/1164/1068 1442/1077/982
f 1442/1077/982 1464/1164/1068 1443/1165/1069
f 1442/1077/982 1443/1165/1069 1421/1078/983
f 1421/1078/983 1443/1165/1069 1422/1166/1070
f 1421/1078/983 1422/1166/1070 1400/1079/984
f 1400/1079/984 1422/1166/1070 1401/1167/1071
f 1400/1079/984 1401/1167/1071 1379/1080/985
f 1379/1080/985 1401/1167/1071 1380/1168/1072
f 1379/1080/985 1380/1168/1072 1358/1081/986
f 1358/1081/986 1380/1168/1072 1359/1169/1073
f 1358/1081/986 1359/1169/1073 1337/1082/987
f 1337/1082/987 1359/1169/1073 1338/1170/1074
f 1337/1082/987 1338/1170/1074 1316/1083/988
f 1316/1083/988 1338/1170/1074 1317/1171/1075
f 1316/1083/988 1317/1171/1075 1295/1084/989
f 1295/1084/989 1317/1171/1075 1296/1172/1076
f 1295/1084/989 1296/1172/1076 1274/1085/990
f 1274/1085/990 1296/1172/1076 1275/1173/1077
f 1274/1085/990 1275/1173/1077 1253/1086/991
f 1253/1086/991 1275/1173/1077 1254/1174/1078
f 1253/1086/991 1254/1174/1078 1232/1087/992
f 1232/1087/992 1254/1174/1078 1233/1175/1079
f 1232/1087/992 1233/1175/1079 1211/1088/993
f 1211/1088/993 1233/1175/1079 1212/1176/1080
f 1211/1088/993 1212/1176/1080 1190/1089/994
f 1190/1089/994 1212/1176/1080 1191/1177/1081
f 1190/1089/994 1191/1177/1081 1169/1090/995
f 1169/1090/995 1191/1177/1081 1170/1178/1082
f 1169/1090/995 1170/1178/1082 1148/1091/996
f 1148/1091/996 1170/1178/1082 1149/1179/1083
f 1148/1091/996 1149/1179/1083 1127/1092/997
f 1127/1092/997 1149/1179/1083 1128/1180/1084
f 1127/1092/997 1128/1180/1084 1106/1093/998
f 1106/1093/998 1128/1180/1084 1107/1181/1085
f 1106/1093/998 1107/1181/1085 1085/1094/999
f 1085/1094/999 1107/1181/1085 1086/1182/1086
f 1085/1094/999 1086/1182/1086 1064/1095/1000
f 1064/1095/1000 1086/1182/1086 1065/1183/1087
f 1064/1095/1000 1065/1183/1087 1043/1096/1001
f 1043/1096/1001 1065/1183/1087 1044/1184/1088
f 1043/1096/1001 1044/1184/1088 1022/1097/1002
f 1022/1097/1002 1044/1184/1088 1023/1185/1089
f 1022/1097/1002 1023/1185/1089 1001/1098/1003
f 1001/1098/1003 1023/1185/1089 1002/1186/1090
f 1001/1098/1003 1002/1186/1090 980/1099/1004
f 980/1099/1004 1002/1186/1090 981/1187/1091
f 980/1099/1004 981/1187/1091 959/1100/1005
f 959/1100/1005 981/1187/1091 960/1188/1092
f 959/1100/1005 960/1188/1092 938/1101/1006
f 938/1101/1006 960/1188/1092 939/1189/1093
f 938/1101/1006 939/1189/1093 917/1102/1007
f 917/1102/1007 939/1189/1093 918/1190/1094
f 917/1102/1007 918/1190/1094 896/1103/1008
f 896/1103/1008 918/1190/1094 897/1191/1095
f 896/1103/1008 897/1191/1095 875/1104/1009
f 875/1104/1009 897/1191/1095 876/1192/1096
f 875/1104/1009 876/1192/1096 854/1105/1010
f 854/1105/1010 876/1192/1096 855/1193/1097
f 854/1105/1010 855/1193/1097 833/1106/1011
f 833/1106/1011 855/1193/1097 834/1194/1098
f 833/1106/1011 834/1194/1098 812/1107/1012
f 812/1107/1012 834/1194/1098 813/1195/1099
f 812/1107/1012 813/1195/1099 791/1108/1013
f 791/1108/1013 813/1195/1099 792/1196/1100
f 791/1108/1013 792/1196/1100 770/1109/1014
f 770/1109/1014 792/1196/1100 771/1197/1101
f 770/1109/1014 771/1197/1101 749/1110/1015
f 749/1110/1015 771/1197/1101 750/1198/1102
f 749/1110/1015 750/1198/1102 728/1111/1016
f 728/1111/1016 750/1198/1102 729/1199/1103
f 728/1111/1016 729/1199/1103 707/1112/1017
f 707/1112/1017 729/1199/1103 708/1200/1104
f 707/1112/1017 708/1200/1104 686/1113/1018
f 686/1113/1018 708/1200/1104 687/1201/1105
f 686/1113/1018 687/1201/1105 665/1114/1019
f 665/1114/1019 687/1201/1105 666/1202/1106
f 665/1114/1019 666/1202/1106 644/1115/1020
f 644/1115/1020 666/1202/1106 645/1203/1107
f 644/1115/1020 645/1203/1107 623/1116/1021
f 623/1116/1021 645/1203/1107 624/1204/1108
f 623/1116/1021 624/1204/1108 602/1117/1022
f 602/1117/1022 624/1204/1108 603/1205/1109
f 602/1117/1022 603/1205/1109 581/1118/1023
f 581/1118/1023 603/1205/1109 582/1206/1110
f 581/1118/1023 582/1206/1110 560/1119/1024
f 560/1119/1024 582/1206/1110 561/1207/1111
f 560/1119/1024 561/1207/1111 539/1120/1025
f 539/1120/1025 561/1207/1111 540/1208/1112
f 539/1120/1025 540/1208/1112 518/1121/1026
f 518/1121/1026 540/1208/1112 519/1209/1113
f 518/1121/1026 519/1209/1113 497/1122/1027
f 497/1122/1027 519/1209/1113 498/1210/1114
f 497/1122/1027 498/1210/1114 476/1123/1028
f 476/1123/1028 498/1210/1114 477/1211/1115
f 476/1123/1028 477/1211/1115 455/1124/1029
f 455/1124/1029 477/1211/1115 456/1212/1116
f 455/1124/1029 456/1212/1116 434/1125/1030
f 434/1125/1030 456/1212/1116 435/1213/1117
f 434/1125/1030 435/1213/1117 413/1126/1031
f 413/1126/1031 435/1213/1117 414/1214/1118
f 413/1126/1031 414/1214/1118 392/1127/1032
f 392/1127/1032 414/1214/1118 393/1215/1119
f 392/1127/1032 393/1215/1119 371/1128/1033
f 371/1128/1033 393/1215/1119 372/1216/1120
f 371/1128/1033 372/1216/1120 350/1129/1034
f 350/1129/1034 372/1216/1120 351/1217/1121
f 350/1129/1034 351/1217/1121 329/1130/1035
f 329/1130/1035 351/1217/1121 330/1218/1122
f 329/1130/1035 330/1218/1122 308/1131/1036
f 308/1131/1036 330/1218/1122 309/1219/1123
f 308/1131/1036 309/1219/1123 287/1132/1037
f 287/1132/1037 309/1219/1123 288/1220/1124
f 287/1132/1037 288/1220/1124 266/1133/1038
f 266/1133/1038 288/1220/1124 267/1221/1125
f 266/1133/1038 267/1221/1125 245/1134/1039
f 245/1134/1039 267/1221/1125 246/1222/1126
f 245/1134/1039 246/1222/1126 224/1135/1040
f 224/1135/1040 246/1222/1126 225/1223/1127
f 224/1135/1040 225/1223/1127 203/1136/1041
f 203/1136/1041 225/1223/1127 204/1224/1128
f 203/1136/1041 204/1224/1128 182/1137/1042
f 182/1137/1042 204/1224/1128 183/1225/1129
f 182/1137/1042 183/1225/1129 161/1138/1043
f 161/1138/1043 183/1225/1129 162/1226/1130
f 161/1138/1043 162/1226/1130 140/1139/1044
f 140/1139/1044 162/1226/1130 141/1227/1131
f 140/1139/1044 141/1227/1131 119/1140/1045
f 119/1140/1045 141/1227/1131 120/1228/1132
f 119/1140/1045 120/1228/1132 98/1141/959
f 98/1141/959 120/1228/1132 99/1229/1046
f 99/1142/1046 100/1230/1133 1905/1143/1047
f 1905/1143/1047 100/1230/1133 1906/1231/1134
f 1905/1143/1047 1906/1231/1134 1884/1144/1048
f 1884/1144/1048 1906/1231/1134 1885/1232/1135
f 1884/1144/1048 1885/1232/1135 1863/1145/1049
f 1863/1145/1049 1885/1232/1135 1864/1233/1136
f 1863/1145/1049 1864/1233/1136 1842/1146/1050
f 1842/1146/1050 1864/1233/1136 1843/1234/1137
f 1842/1146/1050 1843/1234/1137 1821/1147/1051
f 1821/1147/1051 1843/1234/1137 1822/1235/1138
f 1821/1147/1051 1822/1235/1138 1800/1148/1052
f 1800/1148/1052 1822/1235/1138 1801/1236/1139
f 1800/1148/1052 1801/1236/1139 1779/1149/1053
f 1779/1149/1053 1801/1236/1139 1780/1237/1140
f 1779/1149/1053 1780/1237/1140 1758/1150/1054
f 1758/1150/1054 1780/1237/1140 1759/1238/1141
f 1758/1150/1054 1759/1238/1141 1737/1151/1055
f 1737/1151/1055 1759/1238/1141 1738/1239/1142
f 1737/1151/1055 1738/1239/1142 1716/1152/1056
f 1716/1152/1056 1738/1239/1142 1717/1240/1143
f 1716/1152/1056 1717/1240/1143 1695/1153/1057
f 1695/1153/1057 1717/1240/1143 1696/1241/1144
f 1695/1153/1057 1696/1241/1144 1674/1154/1058
f 1674/1154/1058 1696/1241/1144 1675/1242/1145
f 1674/1154/1058 1675/1242/1145 1653/1155/1059
f 1653/1155/1059 1675/1242/1145 1654/1243/1146
f 1653/1155/1059 1654/1243/1146 1632/1156/1060
f 1632/1156/1060 1654/1243/1146 1633/1244/1147
f 1632/1156/1060 1633/1244/1147 1611/1157/1061
f 1611/1157/1061 1633/1244/1147 1612/1245/1148
f 1611/1157/1061 1612/1245/1148 1590/1158/1062
f 1590/1158/1062 1612/1245/1148 1591/1246/1149
f 1590/1158/1062 1591/1246/1149 1569/1159/1063
f 1569/1159/1063 1591/1246/1149 1570/1247/1150
f 1569/1159/1063 1570/1247/1150 1548/1160/1064
f 1548/1160/1064 1570/1247/1150 1549/1248/1151
f 1548/1160/1064 1549/1248/1151 1527/1161/1065
f 1527/1161/1065 1549/1248/1151 1528/1249/1152
f 1527/1161/1065 1528/1249/1152 1506/1162/1066
f 1506/1162/1066 1528/1249/1152 1507/1250/1153
f 1506/1162/1066 1507/1250/1153 1485/1163/1067
f 1485/1163/1067 1507/1250/1153 1486/1251/1154
f 1485/1163/1067 1486/1251/1154 1464/1164/1068
f 1464/1164/1068 1486/1251/1154 1465/1252/1155
f 1464/1164/1068 1465/1252/1155 1443/1165/1069
f 1443/1165/1069 1465/1252/1155 1444/1253/1156
f 1443/1165/1069 1444/1253/1156 1422/1166/1070
f 1422/1166/1070 1444/1253/1156 1423/1254/1157
f 1422/1166/1070 1423/1254/1157 1401/1167/1071
f 1401/1167/1071 1423/1254/1157 1402/1255/1158
f 1401/1167/1071 1402/1255/1158 1380/1168/1072
f 1380/1168/1072 1402/1255/1158 1381/1256/1159
f 1380/1168/1072 1381/1256/1159 1359/1169/1073
f 1359/1169/1073 1381/1256/1159 1360/1257/1160
f 1359/1169/1073 1360/1257/1160 1338/1170/1074
f 1338/1170/1074 1360/1257/1160 1339/1258/1161
f 1338/1170/1074 1339/1258/1161 1317/1171/1075
f 1317/1171/1075 1339/1258/1161 1318/1259/1162
f 1317/1171/1075 1318/1259/1162 1296/1172/1076
f 1296/1172/1076 1318/1259/1162 1297/1260/1163
f 1296/1172/1076 1297/1260/1163 1275/1173/1077
f 1275/1173/1077 1297/1260/1163 1276/1261/1164
f 1275/1173/1077 1276/1261/1164 1254/1174/1078
f 1254/1174/1078 1276/1261/1164 1255/1262/1165
f 1254/1174/1078 1255/1262/1165 1233/1175/1079
f 1233/1175/1079 1255/1262/1165 1234/1263/1166
f 1233/1175/1079 1234/1263/1166 1212/1176/1080
f 1212/1176/1080 1234/1263/1166 1213/1264/1167
f 1212/1176/1080 1213/1264/1167 1191/1177/1081
f 1191/1177/1081 1213/1264/1167 1192/1265/1168
f 1191/1177/1081 1192/1265/1168 1170/1178/1082
f 1170/1178/1082 1192/1265/1168 1171/1266/1169
f 1170/1178/1082 1171/1266/1169 1149/1179/1083
f 1149/1179/1083 1171/1266/1169 1150/1267/1170
f 1149/1179/1083 1150/1267/1170 1128/1180/1084
f 1128/1180/1084 1150/1267/1170 1129/1268/1171
f 1128/1180/1084 1129/1268/1171 1107/1181/1085
f 1107/1181/1085 1129/1268/1171 1108/1269/1172
f 1107/1181/1085 1108/1269/1172 1086/1182/1086
f 1086/1182/1086 1108/1269/1172 1087/1270/1173
f 1086/1182/1086 1087/1270/1173 1065/1183/1087
f 1065/1183/1087 1087/1270/1173 1066/1271/1174
f 1065/1183/1087 1066/1271/1174 1044/1184/1088
f 1044/1184/1088 1066/1271/1174 1045/1272/1175
f 1044/1184/1088 1045/1272/1175 1023/1185/1089
f 1023/1185/1089 1045/1272/1175 1024/1273/1176
f 1023/1185/1089 1024/1273/1176 1002/1186/1090
f 1002/1186/1090 1024/1273/1176 1003/1274/1177
f 1002/1186/1090 1003/1274/1177 981/1187/1091
f 981/1187/1091 1003/1274/1177 982/1275/1178
f 981/1187/1091 982/1275/1178 960/1188/1092
f 960/1188/1092 982/1275/1178 961/1276/1179
f 960/1188/1092 961/1276/1179 939/1189/1093
f 939/1189/1093 961/1276/1179 940/1277/1180
f 939/1189/1093 940/1277/1180 918/1190/1094
f 918/1190/1094 940/1277/1180 919/1278/1181
f 918/1190/1094 919/1278/1181 897/1191/1095
f 897/1191/1095 919/1278/1181 898/1279/1182
f 897/1191/1095 898/1279/1182 876/1192/1096
f 876/1192/1096 898/1279/1182 877/1280/1183
f 876/1192/1096 877/1280/1183 855/1193/1097
f 855/1193/1097 877/1280/1183 856/1281/1184
f 855/1193/1097 856/1281/1184 834/1194/1098
f 834/1194/1098 856/1281/1184 835/1282/1185
f 834/1194/1098 835/1282/1185 813/1195/1099
f 813/1195/1099 835/1282/1185 814/1283/1186
f 813/1195/1099 814/1283/1186 792/1196/1100
f 792/1196/1100 814/1283/1186 793/1284/1187
f 792/1196/1100 793/1284/1187 771/1197/1101
f 771/1197/1101 793/1284/1187 772/1285/1188
f 771/1197/1101 772/1285/1188 750/1198/1102
f 750/1198/1102 772/1285/1188 751/1286/1189
f 750/1198/1102 751/1286/1189 729/1199/1103
f 729/1199/1103 751/1286/1189 730/1287/1190
f 729/1199/1103 730/1287/1190 708/1200/1104
f 708/1200/1104 730/1287/1190 709/1288/1191
f 708/1200/1104 709/1288/1191 687/1201/1105
f 687/1201/1105 709/1288/1191 688/1289/1192
f 687/1201/1105 688/1289/1192 666/1202/1106
f 666/1202/1106 688/1289/1192 667/1290/1193
f 666/1202/1106 667/1290/1193 645/1203/1107
f 645/1203/1107 667/1290/1193 646/1291/1194
f 645/1203/1107 646/1291/1194 624/1204/1108
f 624/1204/1108 646/1291/1194 625/1292/1195
f 624/1204/1108 625/1292/1195 603/1205/1109
f 603/1205/1109 625/1292/1195 604/1293/1196
f 603/1205/1109 604/1293/1196 582/1206/1110
f 582/1206/1110 604/1293/1196 583/1294/1197
f 582/1206/1110 583/1294/1197 561/1207/1111
f 561/1207/1111 583/1294/1197 562/1295/1198
f 561/1207/1111 562/1295/1198 540/1208/1112
f 540/1208/1112 562/1295/1198 541/1296/1199
f 540/1208/1112 541/1296/1199 519/1209/1113
f 519/1209/1113 541/1296/1199 520/1297/1200
f 519/1209/1113 520/1297/1200 498/1210/1114
f 498/1210/1114 520/1297/1200 499/1298/1201
f 498/1210/1114 499/1298/1201 477/1211/1115
f 477/1211/1115 499/1298/1201 478/1299/1202
f 477/1211/1115 478/1299/1202 456/1212/1116
f 456/1212/1116 478/1299/1202 457/1300/1203
f 456/1212/1116 457/1300/1203 435/1213/1117
f 435/1213/1117 457/1300/1203 436/1301/1204
f 435/1213/1117 436/1301/1204 414/1214/1118
f 414/1214/1118 436/1301/1204 415/1302/1205
f 414/1214/1118 415/1302/1205 393/1215/1119
f 393/1215/1119 415/1302/1205 394/1303/1206
f 393/1215/1119 394/1303/1206 372/1216/1120
f 372/1216/1120 394/1303/1206 373/1304/1207
f 372/1216/1120 373/1304/1207 351/1217/1121
f 351/1217/1121 373/1304/1207 352/1305/1208
f 351/1217/1121 352/1305/1208 330/1218/1122
f 330/1218/1122 352/1305/1208 331/1306/1209
f 330/1218/1122 331/1306/1209 309/1219/1123
f 309/1219/1123 331/1306/1209 310/1307/1210
f 309/1219/1123 310/1307/1210 288/1220/1124
f 288/1220/1124 310/1307/1210 289/1308/1211
f 288/1220/1124 289/1308/1211 267/1221/1125
f 267/1221/1125 289/1308/1211 268/1309/1212
f 267/1221/1125 268/1309/1212 246/1222/1126
f 246/1222/1126 268/1309/1212 247/1310/1213
f 246/1222/1126 247/1310/1213 225/1223/1127
f 225/1223/1127 247/1310/1213 226/1311/1214
f 225/1223/1127 226/1311/1214 204/1224/1128
f 204/1224/1128 226/1311/1214 205/1312/1215
f 204/1224/1128 205/1312/1215 183/1225/1129
f 183/1225/1129 205/1312/1215 184/1313/1216
f 183/1225/1129 184/1313/1216 162/1226/1130
f 162/1226/1130 184/1313/1216 163/1314/1217
f 162/1226/1130 163/1314/1217 141/1227/1131
f 141/1227/1131 163/1314/1217 142/1315/1218
f 141/1227/1131 142/1315/1218 120/1228/1132
f 120/1228/1132 142/1315/1218 121/1316/1219
f 120/1228/1132 121/1316/1219 99/1229/1046
f 99/1229/1046 121/1316/1219 100/1317/1133
f 100/1230/1133 101/1318/1220 1906/1231/1134
f 1906/1231/1134 101/1318/1220 1907/1319/1221
f 1906/1231/1134 1907/1319/1221 1885/1232/1135
f 1885/1232/1135 1907/1319/1221 1886/1320/1222
f 1885/1232/1135 1886/1320/1222 1864/1233/1136
f 1864/1233/1136 1886/1320/1222 1865/1321/1223
f 1864/1233/1136 1865/1321/1223 1843/1234/1137
f 1843/1234/1137 1865/1321/1223 1844/1322/1224
f 1843/1234/1137 1844/1322/1224 1822/1235/1138
f 1822/1235/1138 1844/1322/1224 1823/1323/1225
f 1822/1235/1138 1823/1323/1225 1801/1236/1139
f 1801/1236/1139 1823/1323/1225 1802/1324/1226
f 1801/1236/1139 1802/1324/1226 1780/1237/1140
f 1780/1237/1140 1802/1324/1226 1781/1325/1227
f 1780/1237/1140 1781/1325/1227 1759/1238/1141
f 1759/1238/1141 1781/1325/1227 1760/1326/1228
f 1759/1238/1141 1760/1326/1228 1738/1239/1142
f 1738/1239/1142 1760/1326/1228 1739/1327/1229
f 1738/1239/1142 1739/1327/1229 1717/1240/1143
f 1717/1240/1143 1739/1327/1229 1718/1328/1230
f 1717/1240/1143 1718/1328/1230 1696/1241/1144
f 1696/1241/1144 1718/1328/1230 1697/1329/1231
f 1696/1241/1144 1697/1329/1231 1675/1242/1145
f 1675/1242/1145 1697/1329/1231 1676/1330/1232
f 1675/1242/1145 1676/1330/1232 1654/1243/1146
f 1654/1243/1146 1676/1330/1232 1655/1331/1233
f 1654/1243/1146 1655/1331/1233 1633/1244/1147
f 1633/1244/1147 1655/1331/1233 1634/1332/1234
f 1633/1244/1147 1634/1332/1234 1612/1245/1148
f 1612/1245/1148 1634/1332/1234 1613/1333/1235
f 1612/1245/1148 1613/1333/1235 1591/1246/1149
f 1591/1246/1149 1613/1333/1235 1592/1334/1236
f 1591/1246/1149 1592/1334/1236 1570/1247/1150
f 1570/1247/1150 1592/1334/1236 1571/1335/1237
f 1570/1247/1150 1571/1335/1237 1549/1248/1151
f 1549/1248/1151 1571/1335/1237 1550/1336/1238
f 1549/1248/1151 1550/1336/1238 1528/1249/1152
f 1528/1249/1152 1550/1336/1238 1529/1337/1239
f 1528/1249/1152 1529/1337/1239 1507/1250/1153
f 1507/1250/1153 1529/1337/1239 1508/1338/1240
f 1507/1250/1153 1508/1338/1240 1486/1251/1154
f 1486/1251/1154 1508/1338/1240 1487/1339/1241
f 1486/1251/1154 1487/1339/1241 1465/1252/1155
f 1465/1252/1155 1487/1339/1241 1466/1340/1242
f 1465/1252/1155 1466/1340/1242 1444/1253/1156
f 1444/1253/1156 1466/1340/1242 1445/1341/1243
f 1444/1253/1156 1445/1341/1243 1423/1254/1157
f 1423/1254/1157 1445/1341/1243 1424/1342/1244
f 1423/1254/1157 1424/1342/1244 1402/1255/1158
f 1402/1255/1158 1424/1342/1244 1403/1343/1245
f 1402/1255/1158 1403/1343/1245 1381/1256/1159
f 1381/1256/1159 1403/1343/1245 1382/1344/1246
f 1381/1256/1159 1382/1344/1246 1360/1257/1160
f 1360/1257/1160 1382/1344/1246 1361/1345/1247
f 1360/1257/1160 1361/1345/1247 1339/1258/1161
f 1339/1258/1161 1361/1345/1247 1340/1346/1248
f 1339/1258/1161 1340/1346/1248 1318/1259/1162
f 1318/1259/1162 1340/1346/1248 1319/1347/1249
f 1318/1259/1162 1319/1347/1249 1297/1260/1163
f 1297/1260/1163 1319/1347/1249 1298/1348/1250
f 1297/1260/1163 1298/1348/1250 1276/1261/1164
f 1276/1261/1164 1298/1348/1250 1277/1349/1251
f 1276/1261/1164 1277/1349/1251 1255/1262/1165
f 1255/1262/1165 1277/1349/1251 1256/1350/1252
f 1255/1262/1165 1256/1350/1252 1234/1263/1166
f 1234/1263/1166 1256/1350/1252 1235/1351/1253
f 1234/1263/1166 1235/1351/1253 1213/1264/1167
f 1213/1264/1167 1235/1351/1253 1214/1352/1254
f 1213/1264/1167 1214/1352/1254 1192/1265/1168
f 1192/1265/1168 1214/1352/1254 1193/1353/1255
f 1192/1265/1168 1193/1353/1255 1171/1266/1169
f 1171/1266/1169 1193/1353/1255 1172/1354/1256
f 1171/1266/1169 1172/1354/1256 1150/1267/1170
f 1150/1267/1170 1172/1354/1256 1151/1355/1257
f 1150/1267/1170 1151/1355/1257 1129/1268/1171
f 1129/1268/1171 1151/1355/1257 1130/1356/1258
f 1129/1268/1171 1130/1356/1258 1108/1269/1172
f 1108/1269/1172 1130/1356/1258 1109/1357/1259
f 1108/1269/1172 1109/1357/1259 1087/1270/1173
f 1087/1270/1173 1109/1357/1259 1088/1358/1260
f 1087/1270/1173 1088/1358/1260 1066/1271/1174
f 1066/1271/1174 1088/1358/1260 1067/1359/1261
f 1066/1271/1174 1067/1359/1261 1045/1272/1175
f 1045/1272/1175 1067/1359/1261 1046/1360/1262
f 1045/1272/1175 1046/1360/1262 1024/1273/1176
f 1024/1273/1176 1046/1360/1262 1025/1361/1263
f 1024/1273/1176 1025/1361/1263 1003/1274/1177
f 1003/1274/1177 1025/1361/1263 1004/1362/1264
f 1003/1274/1177 1004/1362/1264 982/1275/1178
f 982/1275/1178 1004/1362/1264 983/1363/1265
f 982/1275/1178 983/1363/1265 961/1276/1179
f 961/1276/1179 983/1363/1265 962/1364/1266
f 961/1276/1179 962/1364/1266 940/1277/1180
f 940/1277/1180 962/1364/1266 941/1365/1267
f 940/1277/1180 941/1365/1267 919/1278/1181
f 919/1278/1181 941/1365/1267 920/1366/1268
f 919/1278/1181 920/1366/1268 898/1279/1182
f 898/1279/1182 920/1366/1268 899/1367/1269
f 898/1279/1182 899/1367/1269 877/1280/1183
f 877/1280/1183 899/1367/1269 878/1368/1270
f 877/1280/1183 878/1368/1270 856/1281/1184
f 856/1281/1184 878/1368/1270 857/1369/1271
f 856/1281/1184 857/1369/1271 835/1282/1185
f 835/1282/1185 857/1369/1271 836/1370/1272
f 835/1282/1185 836/1370/1272 814/1283/1186
f 814/1283/1186 836/1370/1272 815/1371/1273
f 814/1283/1186 815/1371/1273 793/1284/1187
f 793/1284/1187 815/1371/1273 794/1372/1274
f 793/1284/1187 794/1372/1274 772/1285/1188
f 772/1285/1188 794/1372/1274 773/1373/1275
f 772/1285/1188 773/1373/1275 751/1286/1189
f 751/1286/1189 773/1373/1275 752/1374/1276
f 751/1286/1189 752/1374/1276 730/1287/1190
f 730/1287/1190 752/1374/1276 731/1375/1277
f 730/1287/1190 731/1375/1277 709/1288/1191
f 709/1288/1191 731/1375/1277 710/1376/1278
f 709/1288/1191 710/1376/1278 688/1289/1192
f 688/1289/1192 710/1376/1278 689/1377/1279
f 688/1289/1192 689/1377/1279 667/1290/1193
f 667/1290/1193 689/1377/1279 668/1378/1280
f 667/1290/1193 668/1378/1280 646/1291/1194
f 646/1291/1194 668/1378/1280 647/1379/1281
f 646/1291/1194 647/1379/1281 625/1292/1195
f 625/1292/1195 647/1379/1281 626/1380/1282
f 625/1292/1195 626/1380/1282 604/1293/1196
f 604/1293/1196 626/1380/1282 605/1381/1283
f 604/1293/1196 605/1381/1283 583/1294/1197
f 583/1294/1197 605/1381/1283 584/1382/1284
f 583/1294/1197 584/1382/1284 562/1295/1198
f 562/1295/1198 584/1382/1284 563/1383/1285
f 562/1295/1198 563/1383/1285 541/1296/1199
f 541/1296/1199 563/1383/1285 542/1384/1286
f 541/1296/1199 542/1384/1286 520/1297/1200
f 520/1297/1200 542/1384/1286 521/1385/1287
f 520/1297/1200 521/1385/1287 499/1298/1201
f 499/1298/1201 521/1385/1287 500/1386/1288
f 499/1298/1201 500/1386/1288 478/1299/1202
f 478/1299/1202 500/1386/1288 479/1387/1289
f 478/1299/1202 479/1387/1289 457/1300/1203
f 457/1300/1203 479/1387/1289 458/1388/1290
f 457/1300/1203 458/1388/1290 436/1301/1204
f 436/1301/1204 458/1388/1290 437/1389/1291
f 436/1301/1204 437/1389/1291 415/1302/1205
f 415/1302/1205 437/1389/1291 416/1390/1292
f 415/1302/1205 416/1390/1292 394/1303/1206
f 394/1303/1206 416/1390/1292 395/1391/1293
f 394/1303/1206 395/1391/1293 373/1304/1207
f 373/1304/1207 395/1391/1293 374/1392/1294
f 373/1304/1207 374/1392/1294 352/1305/1208
f 352/1305/1208 374/1392/1294 353/1393/1295
f 352/1305/1208 353/1393/1295 331/1306/1209
f 331/1306/1209 353/1393/1295 332/1394/1296
f 331/1306/1209 332/1394/1296 310/1307/1210
f 310/1307/1210 332/1394/1296 311/1395/1297
f 310/1307/1210 311/1395/1297 289/1308/1211
f 289/1308/1211 311/1395/1297 290/1396/1298
f 289/1308/1211 290/1396/1298 268/1309/1212
f 268/1309/1212 290/1396/1298 269/1397/1299
f 268/1309/1212 269/1397/1299 247/1310/1213
f 247/1310/1213 269/1397/1299 248/1398/1300
f 247/1310/1213 248/1398/1300 226/1311/1214
f 226/1311/1214 248/1398/1300 227/1399/1301
f 226/1311/1214 227/1399/1301 205/1312/1215
f 205/1312/1215 227/1399/1301 206/1400/1302
f 205/1312/1215 206/1400/1302 184/1313/1216
f 184/1313/1216 206/1400/1302 185/1401/1303
f 184/1313/1216 185/1401/1303 163/1314/1217
f 163/1314/1217 185/1401/1303 164/1402/1304
f 163/1314/1217 164/1402/1304 142/1315/1218
f 142/1315/1218 164/1402/1304 143/1403/1305
f 142/1315/1218 143/1403/1305 121/1316/1219
f 121/1316/1219 143/1403/1305 122/1404/1306
f 121/1316/1219 122/1404/1306 100/1317/1133
f 100/1317/1133 122/1404/1306 101/1405/1220
f 101/1318/1220 102/1406/1307 1907/1319/1221
f 1907/1319/1221 102/1406/1307 1908/1407/1308
f 1907/1319/1221 1908/1407/1308 1886/1320/1222
f 1886/1320/1222 1908/1407/1308 1887/1408/1309
f 1886/1320/1222 1887/1408/1309 1865/1321/1223
f 1865/1321/1223 1887/1408/1309 1866/1409/1310
f 1865/1321/1223 1866/1409/1310 1844/1322/1224
f 1844/1322/1224 1866/1409/1310 1845/1410/1311
f 1844/1322/1224 1845/1410/1311 1823/1323/1225
f 1823/1323/1225 1845/1410/1311 1824/1411/1312
f 1823/1323/1225 1824/1411/1312 1802/1324/1226
f 1802/1324/1226 1824/1411/1312 1803/1412/1313
f 1802/1324/1226 1803/1412/1313 1781/1325/1227
f 1781/1325/1227 1803/1412/1313 1782/1413/1314
f 1781/1325/1227 1782/1413/1314 1760/1326/1228
f 1760/1326/1228 1782/1413/1314 1761/1414/1315
f 1760/1326/1228 1761/1414/1315 1739/1327/1229
f 1739/1327/1229 1761/1414/1315 1740/1415/1316
f 1739/1327/1229 1740/1415/1316 1718/1328/1230
f 1718/1328/1230 1740/1415/1316 1719/1416/1317
f 1718/1328/1230 1719/1416/1317 1697/1329/1231
f 1697/1329/1231 1719/1416/1317 1698/1417/1318
f 1697/1329/1231 1698/1417/1318 1676/1330/1232
f 1676/1330/1232 1698/1417/1318 1677/1418/1319
f 1676/1330/1232 1677/1418/1319 1655/1331/1233
f 1655/1331/1233 1677/1418/1319 1656/1419/1320
f 1655/1331/1233 1656/1419/1320 1634/1332/1234
f 1634/1332/1234 1656/1419/1320 1635/1420/1321
f 1634/1332/1234 1635/1420/1321 1613/1333/1235
f 1613/1333/1235 1635/1420/1321 1614/1421/1322
f 1613/1333/1235 1614/1421/1322 1592/1334/1236
f 1592/1334/1236 1614/1421/1322 1593/1422/1323
f 1592/1334/1236 1593/1422/1323 1571/1335/1237
f 1571/1335/1237 1593/1422/1323 1572/1423/1324
f 1571/1335/1237 1572/1423/1324 1550/1336/1238
f 1550/1336/1238 1572/1423/1324 1551/1424/1325
f 1550/1336/1238 1551/1424/1325 1529/1337/1239
f 1529/1337/1239 1551/1424/1325 1530/1425/1326
f 1529/1337/1239 1530/1425/1326 1508/1338/1240
f 1508/1338/1240 1530/1425/1326 1509/1426/1327
f 1508/1338/1240 1509/1426/1327 1487/1339/1241
f 1487/1339/1241 1509/1426/1327 1488/1427/1328
f 1487/1339/1241 1488/1427/1328 1466/1340/1242
f 1466/1340/1242 1488/1427/1328 1467/1428/1329
f 1466/1340/1242 1467/1428/1329 1445/1341/1243
f 1445/1341/1243 1467/1428/1329 1446/1429/1330
f 1445/1341/1243 1446/1429/1330 1424/1342/1244
f 1424/1342/1244 1446/1429/1330 1425/1430/1331
f 1424/1342/1244 1425/1430/1331 1403/1343/1245
f 1403/1343/1245 1425/1430/1331 1404/1431/1332
f 1403/1343/1245 1404/1431/1332 1382/1344/1246
f 1382/1344/1246 1404/1431/1332 1383/1432/1333
f 1382/1344/1246 1383/1432/1333 1361/1345/1247
f 1361/1345/1247 1383/1432/1333 1362/1433/1334
f 1361/1345/1247 1362/1433/1334 1340/1346/1248
f 1340/1346/1248 1362/1433/1334 1341/1434/1335
f 1340/1346/1248 1341/1434/1335 1319/1347/1249
f 1319/1347/1249 1341/1434/1335 1320/1435/1336
f 1319/1347/1249 1320/1435/1336 1298/1348/1250
f 1298/1348/1250 1320/1435/1336 1299/1436/1337
f 1298/1348/1250 1299/1436/1337 1277/1349/1251
f 1277/1349/1251 1299/1436/1337 1278/1437/1338
f 1277/1349/1251 1278/1437/1338 1256/1350/1252
f 1256/1350/1252 1278/1437/1338 1257/1438/1339
f 1256/1350/1252 1257/1438/1339 1235/1351/1253
f 1235/1351/1253 1257/1438/1339 1236/1439/1340
f 1235/1351/1253 1236/1439/1340 1214/1352/1254
f 1214/1352/1254 1236/1439/1340 1215/1440/1341
f 1214/1352/1254 1215/1440/1341 1193/1353/1255
f 1193/1353/1255 1215/1440/1341 1194/1441/1342
f 1193/1353/1255 1194/1441/1342 1172/1354/1256
f 1172/1354/1256 1194/1441/1342 1173/1442/1343
f 1172/1354/1256 1173/1442/1343 1151/1355/1257
f 1151/1355/1257 1173/1442/1343 1152/1443/1344
f 1151/1355/1257 1152/1443/1344 1130/1356/1258
f 1130/1356/1258 1152/1443/1344 1131/1444/1345
f 1130/1356/1258 1131/1444/1345 1109/1357/1259
f 1109/1357/1259 1131/1444/1345 1110/1445/1346
f 1109/1357/1259 1110/1445/1346 1088/1358/1260
f 1088/1358/1260 1110/1445/1346 1089/1446/1347
f 1088/1358/1260 1089/1446/1347 1067/1359/1261
f 1067/1359/1261 1089/1446/1347 1068/1447/1348
f 1067/1359/1261 1068/1447/1348 1046/1360/1262
f 1046/1360/1262 1068/1447/1348 1047/1448/1349
f 1046/1360/1262 1047/1448/1349 1025/1361/1263
f 1025/1361/1263 1047/1448/1349 1026/1449/1350
f 1025/1361/1263 1026/1449/1350 1004/1362/1264
f 1004/1362/1264 1026/1449/1350 1005/1450/1351
f 1004/1362/1264 1005/1450/1351 983/1363/1265
f 983/1363/1265 1005/1450/1351 984/1451/1352
f 983/1363/1265 984/1451/1352 962/1364/1266
f 962/1364/1266 984/1451/1352 963/1452/1353
f 962/1364/1266 963/1452/1353 941/1365/1267
f 941/1365/1267 963/1452/1353 942/1453/1354
f 941/1365/1267 942/1453/1354 920/1366/1268
f 920/1366/1268 942/1453/1354 921/1454/1355
f 920/1366/1268 921/1454/1355 899/1367/1269
f 899/1367/1269 921/1454/1355 900/1455/1356
f 899/1367/1269 900/1455/1356 878/1368/1270
f 878/1368/1270 900/1455/1356 879/1456/1357
f 878/1368/1270 879/1456/1357 857/1369/1271
f 857/1369/1271 879/1456/1357 858/1457/1358
f 857/1369/1271 858/1457/1358 836/1370/1272
f 836/1370/1272 858/1457/1358 837/1458/1359
f 836/1370/1272 837/1458/1359 815/1371/1273
f 815/1371/1273 837/1458/1359 816/1459/1360
f 815/1371/1273 816/1459/1360 794/1372/1274
f 794/1372/1274 816/1459/1360 795/1460/1361
f 794/1372/1274 795/1460/1361 773/1373/1275
f 773/1373/1275 795/1460/1361 774/1461/1362
f 773/1373/1275 774/1461/1362 752/1374/1276
f 752/1374/1276 774/1461/1362 753/1462/1363
f 752/1374/1276 753/1462/1363 731/1375/1277
f 731/1375/1277 753/1462/1363 732/1463/1364
f 731/1375/1277 732/1463/1364 710/1376/1278
f 710/1376/1278 732/1463/1364 711/1464/1365
f 710/1376/1278 711/1464/1365 689/1377/1279
f 689/1377/1279 711/1464/1365 690/1465/1366
f 689/1377/1279 690/1465/1366 668/1378/1280
f 668/1378/1280 690/1465/1366 669/1466/1367
f 668/1378/1280 669/1466/1367 647/1379/1281
f 647/1379/1281 669/1466/1367 648/1467/1368
f 647/1379/1281 648/1467/1368 626/1380/1282
f 626/1380/1282 648/1467/1368 627/1468/1369
f 626/1380/1282 627/1468/1369 605/1381/1283
f 605/1381/1283 627/1468/1369 606/1469/1370
f 605/1381/1283 606/1469/1370 584/1382/1284
f 584/1382/1284 606/1469/1370 585/1470/1371
f 584/1382/1284 585/1470/1371 563/1383/1285
f 563/1383/1285 585/1470/1371 564/1471/1372
f 563/1383/1285 564/1471/1372 542/1384/1286
f 542/1384/1286 564/1471/1372 543/1472/1373
f 542/1384/1286 543/1472/1373 521/1385/1287
f 521/1385/1287 543/1472/1373 522/1473/1374
f 521/1385/1287 522/1473/1374 500/1386/1288
f 500/1386/1288 522/1473/1374 501/1474/1375
f 500/1386/1288 501/1474/1375 479/1387/1289
f 479/1387/1289 501/1474/1375 480/1475/1376
f 479/1387/1289 480/1475/1376 458/1388/1290
f 458/1388/1290 480/1475/1376 459/1476/1377
f 458/1388/1290 459/1476/1377 437/1389/1291
f 437/1389/1291 459/1476/1377 438/1477/1378
f 437/1389/1291 438/1477/1378 416/1390/1292
f 416/1390/1292 438/1477/1378 417/1478/1379
f 416/1390/1292 417/1478/1379 395/1391/1293
f 395/1391/1293 417/1478/1379 396/1479/1380
f 395/1391/1293 396/1479/1380 374/1392/1294
f 374/1392/1294 396/1479/1380 375/1480/1381
f 374/1392/1294 375/1480/1381 353/1393/1295
f 353/1393/1295 375/1480/1381 354/1481/1382
f 353/1393/1295 354/1481/1382 332/1394/1296
f 332/1394/1296 354/1481/1382 333/1482/1383
f 332/1394/1296 333/1482/1383 311/1395/1297
f 311/1395/1297 333/1482/1383 312/1483/1384
f 311/1395/1297 312/1483/1384 290/1396/1298
f 290/1396/1298 312/1483/1384 291/1484/1385
f 290/1396/1298 291/1484/1385 269/1397/1299
f 269/1397/1299 291/1484/1385 270/1485/1386
f 269/1397/1299 270/1485/1386 248/1398/1300
f 248/1398/1300 270/1485/1386 249/1486/1387
f 248/1398/1300 249/1486/1387 227/1399/1301
f 227/1399/1301 249/1486/1387 228/1487/1388
f 227/1399/1301 228/1487/1388 206/1400/1302
f 206/1400/1302 228/1487/1388 207/1488/1389
f 206/1400/1302 207/1488/1389 185/1401/1303
f 185/1401/1303 207/1488/1389 186/1489/1390
f 185/1401/1303 186/1489/1390 164/1402/1304
f 164/1402/1304 186/1489/1390 165/1490/1391
f 164/1402/1304 165/1490/1391 143/1403/1305
f 143/1403/1305 165/1490/1391 144/1491/1392
f 143/1403/1305 144/1491/1392 122/1404/1306
f 122/1404/1306 144/1491/1392 123/1492/1393
f 122/1404/1306 123/1492/1393 101/1405/1220
f 101/1405/1220 123/1492/1393 102/1493/1307
f 102/1406/1307 103/1494/1394 1908/1407/1308
f 1908/1407/1308 103/1494/1394 1909/1495/1395
f 1908/1407/1308 1909/1495/1395 1887/1408/1309
f 1887/1408/1309 1909/1495/1395 1888/1496/1396
f 1887/1408/1309 1888/1496/1396 1866/1409/1310
f 1866/1409/1310 1888/1496/1396 1867/1497/1397
f 1866/1409/1310 1867/1497/1397 1845/1410/1311
f 1845/1410/1311 1867/1497/1397 1846/1498/1398
f 1845/1410/1311 1846/1498/1398 1824/1411/1312
f 1824/1411/1312 1846/1498/1398 1825/1499/1399
f 1824/1411/1312 1825/1499/1399 1803/1412/1313
f 1803/1412/1313 1825/1499/1399 1804/1500/1400
f 1803/1412/1313 1804/1500/1400 1782/1413/1314
f 1782/1413/1314 1804/1500/1400 1783/1501/1401
f 1782/1413/1314 1783/1501/1401 1761/1414/1315
f 1761/1414/1315 1783/1501/1401 1762/1502/1402
f 1761/1414/1315 1762/1502/1402 1740/1415/1316
f 1740/1415/1316 1762/1502/1402 1741/1503/1403
f 1740/1415/1316 1741/1503/1403 1719/1416/1317
f 1719/1416/1317 1741/1503/1403 1720/1504/1404
f 1719/1416/1317 1720/1504/1404 1698/1417/1318
f 1698/1417/1318 1720/1504/1404 1699/1505/1405
f 1698/1417/1318 1699/1505/1405 1677/1418/1319
f 1677/1418/1319 1699/1505/1405 1678/1506/1406
f 1677/1418/1319 1678/1506/1406 1656/1419/1320
f 1656/1419/1320 1678/1506/1406 1657/1507/1407
f 1656/1419/1320 1657/1507/1407 1635/1420/1321
f 1635/1420/1321 1657/1507/1407 1636/1508/1408
f 1635/1420/1321 1636/1508/1408 1614/1421/1322
f 1614/1421/1322 1636/1508/1408 1615/1509/1409
f 1614/1421/1322 1615/1509/1409 1593/1422/1323
f 1593/1422/1323 1615/1509/1409 1594/1510/1410
f 1593/1422/1323 1594/1510/1410 1572/1423/1324
f 1572/1423/1324 1594/1510/1410 1573/1511/1411
f 1572/1423/1324 1573/1511/1411 1551/1424/1325
f 1551/1424/1325 1573/1511/1411 1552/1512/1412
f 1551/1424/1325 1552/1512/1412 1530/1425/1326
f 1530/1425/1326 1552/1512/1412 1531/1513/1413
f 1530/1425/1326 1531/1513/1413 1509/1426/1327
f 1509/1426/1327 1531/1513/1413 1510/1514/1414
f 1509/1426/1327 1510/1514/1414 1488/1427/1328
f 1488/1427/1328 1510/1514/1414 1489/1515/1415
f 1488/1427/1328 1489/1515/1415 1467/1428/1329
f 1467/1428/1329 1489/1515/1415 1468/1516/1416
f 1467/1428/1329 1468/1516/1416 1446/1429/1330
f 1446/1429/1330 1468/1516/1416 1447/1517/1417
f 1446/1429/1330 1447/1517/1417 1425/1430/1331
f 1425/1430/1331 1447/1517/1417 1426/1518/1418
f 1425/1430/1331 1426/1518/1418 1404/1431/1332
f 1404/1431/1332 1426/1518/1418 1405/1519/1419
f 1404/1431/1332 1405/1519/1419 1383/1432/1333
f 1383/1432/1333 1405/1519/1419 1384/1520/1420
f 1383/1432/1333 1384/1520/1420 1362/1433/1334
f 1362/1433/1334 1384/1520/1420 1363/1521/1421
f 1362/1433/1334 1363/1521/1421 1341/1434/1335
f 1341/1434/1335 1363/1521/1421 1342/1522/1422
f 1341/1434/1335 1342/1522/1422 1320/1435/1336
f 1320/1435/1336 1342/1522/1422 1321/1523/1423
f 1320/1435/1336 1321/1523/1423 1299/1436/1337
f 1299/1436/1337 1321/1523/1423 1300/1524/1424
f 1299/1436/1337 1300/1524/1424 1278/1437/1338
f 1278/1437/1338 1300/1524/1424 1279/1525/1425
f 1278/1437/1338 1279/1525/1425 1257/1438/1339
f 1257/1438/1339 1279/1525/1425 1258/1526/1426
f 1257/1438/1339 1258/1526/1426 1236/1439/1340
f 1236/1439/1340 1258/1526/1426 1237/1527/1427
f 1236/1439/1340 1237/1527/1427 1215/1440/1341
f 1215/1440/1341 1237/1527/1427 1216/1528/1428
f 1215/1440/1341 1216/1528/1428 1194/1441/1342
f 1194/1441/1342 1216/1528/1428 1195/1529/1429
f 1194/1441/1342 1195/1529/1429 1173/1442/1343
f 1173/1442/1343 1195/1529/1429 1174/1530/1430
f 1173/1442/1343 1174/1530/1430 1152/1443/1344
f 1152/1443/1344 1174/1530/1430 1153/1531/1431
f 1152/1443/1344 1153/1531/1431 1131/1444/1345
f 1131/1444/1345 1153/1531/1431 1132/1532/1432
f 1131/1444/1345 1132/1532/1432 1110/1445/1346
f 1110/1445/1346 1132/1532/1432 1111/1533/1433
f 1110/1445/1346 1111/1533/1433 1089/1446/1347
f 1089/1446/1347 1111/1533/1433 1090/1534/1434
f 1089/1446/1347 1090/1534/1434 1068/1447/1348
f 1068/1447/1348 1090/1534/1434 1069/1535/1435
f 1068/1447/1348 1069/1535/1435 1047/1448/1349
f 1047/1448/1349 1069/1535/1435 1048/1536/1436
f 1047/1448/1349 1048/1536/1436 1026/1449/1350
f 1026/1449/1350 1048/1536/1436 1027/1537/1437
f 1026/1449/1350 1027/1537/1437 1005/1450/1351
f 1005/1450/1351 1027/1537/1437 1006/1538/1438
f 1005/1450/1351 1006/1538/1438 984/1451/1352
f 984/1451/1352 1006/1538/1438 985/1539/1439
f 984/1451/1352 985/1539/1439 963/1452/1353
f 963/1452/1353 985/1539/1439 964/1540/1440
f 963/1452/1353 964/1540/1440 942/1453/1354
f 942/1453/1354 964/1540/1440 943/1541/1441
f 942/1453/1354 943/1541/1441 921/1454/1355
f 921/1454/1355 943/1541/1441 922/1542/1442
f 921/1454/1355 922/1542/1442 900/1455/1356
f 900/1455/1356 922/1542/1442 901/1543/1443
f 900/1455/1356 901/1543/1443 879/1456/1357
f 879/1456/1357 901/1543/1443 880/1544/1444
f 879/1456/1357 880/1544/1444 858/1457/1358
f 858/1457/1358 880/1544/1444 859/1545/1445
f 858/1457/1358 859/1545/1445 837/1458/1359
f 837/1458/1359 859/1545/1445 838/1546/1446
f 837/1458/1359 838/1546/1446 816/1459/1360
f 816/1459/1360 838/1546/1446 817/1547/1447
f 816/1459/1360 817/1547/1447 795/1460/1361
f 795/1460/1361 817/1547/1447 796/1548/1448
f 795/1460/1361 796/1548/1448 774/1461/1362
f 774/1461/1362 796/1548/1448 775/1549/1449
f 774/1461/1362 775/1549/1449 753/1462/1363
f 753/1462/1363 775/1549/1449 754/1550/1450
f 753/1462/1363 754/1550/1450 732/1463/1364
f 732/1463/1364 754/1550/1450 733/1551/1451
f 732/1463/1364 733/1551/1451 711/1464/1365
f 711/1464/1365 733/1551/1451 712/1552/1452
f 711/1464/1365 712/1552/1452 690/1465/1366
f 690/1465/1366 712/1552/1452 691/1553/1453
f 690/1465/1366 691/1553/1453 669/1466/1367
f 669/1466/1367 691/1553/1453 670/1554/1454
f 669/1466/1367 670/1554/1454 648/1467/1368
f 648/1467/1368 670/1554/1454 649/1555/1455
f 648/1467/1368 649/1555/1455 627/1468/1369
f 627/1468/1369 649/1555/1455 628/1556/1456
f 627/1468/1369 628/1556/1456 606/1469/1370
f 606/1469/1370 628/1556/1456 607/1557/1457
f 606/1469/1370 607/1557/1457 585/1470/1371
f 585/1470/1371 607/1557/1457 586/1558/1458
f 585/1470/1371 586/1558/1458 564/1471/1372
f 564/1471/1372 586/1558/1458 565/1559/1459
f 564/1471/1372 565/1559/1459 543/1472/1373
f 543/1472/1373 565/1559/1459 544/1560/1460
f 543/1472/1373 544/1560/1460 522/1473/1374
f 522/1473/1374 544/1560/1460 523/1561/1461
f 522/1473/1374 523/1561/1461 501/1474/1375
f 501/1474/1375 523/1561/1461 502/1562/1462
f 501/1474/1375 502/1562/1462 480/1475/1376
f 480/1475/1376 502/1562/1462 481/1563/1463
f 480/1475/1376 481/1563/1463 459/1476/1377
f 459/1476/1377 481/1563/1463 460/1564/1464
f 459/1476/1377 460/1564/1464 438/1477/1378
f 438/1477/1378 460/1564/1464 439/1565/1465
f 438/1477/1378 439/1565/1465 417/1478/1379
f 417/1478/1379 439/1565/1465 418/1566/1466
f 417/1478/1379 418/1566/1466 396/1479/1380
f 396/1479/1380 418/1566/1466 397/1567/1467
f 396/1479/1380 397/1567/1467 375/1480/1381
f 375/1480/1381 397/1567/1467 376/1568/1468
f 375/1480/1381 376/1568/1468 354/1481/1382
f 354/1481/1382 376/1568/1468 355/1569/1469
f 354/1481/1382 355/1569/1469 333/1482/1383
f 333/1482/1383 355/1569/1469 334/1570/1470
f 333/1482/1383 334/1570/1470 312/1483/1384
f 312/1483/1384 334/1570/1470 313/1571/1471
f 312/1483/1384 313/1571/1471 291/1484/1385
f 291/1484/1385 313/1571/1471 292/1572/1472
f 291/1484/1385 292/1572/1472 270/1485/1386
f 270/1485/1386 292/1572/1472 271/1573/1473
f 270/1485/1386 271/1573/1473 249/1486/1387
f 249/1486/1387 271/1573/1473 250/1574/1474
f 249/1486/1387 250/1574/1474 228/1487/1388
f 228/1487/1388 250/1574/1474 229/1575/1475
f 228/1487/1388 229/1575/1475 207/1488/1389
f 207/1488/1389 229/1575/1475 208/1576/1476
f 207/1488/1389 208/1576/1476 186/1489/1390
f 186/1489/1390 208/1576/1476 187/1577/1477
f 186/1489/1390 187/1577/1477 165/1490/1391
f 165/1490/1391 187/1577/1477 166/1578/1478
f 165/1490/1391 166/1578/1478 144/1491/1392
f 144/1491/1392 166/1578/1478 145/1579/1479
f 144/1491/1392 145/1579/1479 123/1492/1393
f 123/1492/1393 145/1579/1479 124/1580/1480
f 123/1492/1393 124/1580/1480 102/1493/1307
f 102/1493/1307 124/1580/1480 103/1581/1394
f 103/1494/1394 104/1582/1481 1909/1495/1395
f 1909/1495/1395 104/1582/1481 1910/1583/1482
f 1909/1495/1395 1910/1583/1482 1888/1496/1396
f 1888/1496/1396 1910/1583/1482 1889/1584/1483
f 1888/1496/1396 1889/1584/1483 1867/1497/1397
f 1867/1497/1397 1889/1584/1483 1868/1585/1484
f 1867/1497/1397 1868/1585/1484 1846/1498/1398
f 1846/1498/1398 1868/1585/1484 1847/1586/1485
f 1846/1498/1398 1847/1586/1485 1825/1499/1399
f 1825/1499/1399 1847/1586/1485 1826/1587/1486
f 1825/1499/1399 1826/1587/1486 1804/1500/1400
f 1804/1500/1400 1826/1587/1486 1805/1588/1487
f 1804/1500/1400 1805/1588/1487 1783/1501/1401
f 1783/1501/1401 1805/1588/1487 1784/1589/1488
f 1783/1501/1401 1784/1589/1488 1762/1502/1402
f 1762/1502/1402 1784/1589/1488 1763/1590/1489
f 1762/1502/1402 1763/1590/1489 1741/1503/1403
f 1741/1503/1403 1763/1590/1489 1742/1591/1490
f 1741/1503/1403 1742/1591/1490 1720/1504/1404
f 1720/1504/1404 1742/1591/1490 1721/1592/1491
f 1720/1504/1404 1721/1592/1491 1699/1505/1405
f 1699/1505/1405 1721/1592/1491 1700/1593/1492
f 1699/1505/1405 1700/1593/1492 1678/1506/1406
f 1678/1506/1406 1700/1593/1492 1679/1594/1493
f 1678/1506/1406 1679/1594/1493 1657/1507/1407
f 1657/1507/1407 1679/1594/1493 1658/1595/1494
f 1657/1507/1407 1658/1595/1494 1636/1508/1408
f 1636/1508/1408 1658/1595/1494 1637/1596/1495
f 1636/1508/1408 1637/1596/1495 1615/1509/1409
f 1615/1509/1409 1637/1596/1495 1616/1597/1496
f 1615/1509/1409 1616/1597/1496 1594/1510/1410
f 1594/1510/1410 1616/1597/1496 1595/1598/1497
f 1594/1510/1410 1595/1598/1497 1573/1511/1411
f 1573/1511/1411 1595/1598/1497 1574/1599/1498
f 1573/1511/1411 1574/1599/1498 1552/1512/1412
f 1552/1512/1412 1574/1599/1498 1553/1600/1499
f 1552/1512/1412 1553/1600/1499 1531/1513/1413
f 1531/1513/1413 1553/1600/1499 1532/1601/1500
f 1531/1513/1413 1532/1601/1500 1510/1514/1414
f 1510/1514/1414 1532/1601/1500 1511/1602/1501
f 1510/1514/1414 1511/1602/1501 1489/1515/1415
f 1489/1515/1415 1511/1602/1501 1490/1603/1502
f 1489/1515/1415 1490/1603/1502 1468/1516/1416
f 1468/1516/1416 1490/1603/1502 1469/1604/1503
f 1468/1516/1416 1469/1604/1503 1447/1517/1417
f 1447/1517/1417 1469/1604/1503 1448/1605/1504
f 1447/1517/1417 1448/1605/1504 1426/1518/1418
f 1426/1518/1418 1448/1605/1504 1427/1606/1505
f 1426/1518/1418 1427/1606/1505 1405/1519/1419
f 1405/1519/1419 1427/1606/1505 1406/1607/1506
f 1405/1519/1419 1406/1607/1506 1384/1520/1420
f 1384/1520/1420 1406/1607/1506 1385/1608/1507
f 1384/1520/1420 1385/1608/1507 1363/1521/1421
f 1363/1521/1421 1385/1608/1507 1364/1609/1508
f 1363/1521/1421 1364/1609/1508 1342/1522/1422
f 1342/1522/1422 1364/1609/1508 1343/1610/1509
f 1342/1522/1422 1343/1610/1509 1321/1523/1423
f 1321/1523/1423 1343/1610/1509 1322/1611/1510
f 1321/1523/1423 1322/1611/1510 1300/1524/1424
f 1300/1524/1424 1322/1611/1510 1301/1612/1511
f 1300/1524/1424 1301/1612/1511 1279/1525/1425
f 1279/1525/1425 1301/1612/1511 1280/1613/1512
f 1279/1525/1425 1280/1613/1512 1258/1526/1426
f 1258/1526/1426 1280/1613/1512 1259/1614/1513
f 1258/1526/1426 1259/1614/1513 1237/1527/1427
f 1237/1527/1427 1259/1614/1513 1238/1615/1514
f 1237/1527/1427 1238/1615/1514 1216/1528/1428
f 1216/1528/1428 1238/1615/1514 1217/1616/1515
f 1216/1528/1428 1217/1616/1515 1195/1529/1429
f 1195/1529/1429 1217/1616/1515 1196/1617/1516
f 1195/1529/1429 1196/1617/1516 1174/1530/1430
f 1174/1530/1430 1196/1617/1516 1175/1618/1517
f 1174/1530/1430 1175/1618/1517 1153/1531/1431
f 1153/1531/1431 1175/1618/1517 1154/1619/1518
f 1153/1531/1431 1154/1619/1518 1132/1532/1432
f 1132/1532/1432 1154/1619/1518 1133/1620/1519
f 1132/1532/1432 1133/1620/1519 1111/1533/1433
f 1111/1533/1433 1133/1620/1519 1112/1621/1520
f 1111/1533/1433 1112/1621/1520 1090/1534/1434
f 1090/1534/1434 1112/1621/1520 1091/1622/1521
f 1090/1534/1434 1091/1622/1521 1069/1535/1435
f 1069/1535/1435 1091/1622/1521 1070/1623/1522
f 1069/1535/1435 1070/1623/1522 1048/1536/1436
f 1048/1536/1436 1070/1623/1522 1049/1624/1523
f 1048/1536/1436 1049/1624/1523 1027/1537/1437
f 1027/1537/1437 1049/1624/1523 1028/1625/1524
f 1027/1537/1437 1028/1625/1524 1006/1538/1438
f 1006/1538/1438 1028/1625/1524 1007/1626/1525
f 1006/1538/1438 1007/1626/1525 985/1539/1439
f 985/1539/1439 1007/1626/1525 986/1627/1526
f 985/1539/1439 986/1627/1526 964/1540/1440
f 964/1540/1440 986/1627/1526 965/1628/1527
f 964/1540/1440 965/1628/1527 943/1541/1441
f 943/1541/1441 965/1628/1527 944/1629/1528
f 943/1541/1441 944/1629/1528 922/1542/1442
f 922/1542/1442 944/1629/1528 923/1630/1529
f 922/1542/1442 923/1630/1529 901/1543/1443
f 901/1543/1443 923/1630/1529 902/1631/1530
f 901/1543/1443 902/1631/1530 880/1544/1444
f 880/1544/1444 902/1631/1530 881/1632/1531
f 880/1544/1444 881/1632/1531 859/1545/1445
f 859/1545/1445 881/1632/1531 860/1633/1532
f 859/1545/1445 860/1633/1532 838/1546/1446
f 838/1546/1446 860/1633/1532 839/1634/1533
f 838/1546/1446 839/1634/1533 817/1547/1447
f 817/1547/1447 839/1634/1533 818/1635/1534
f 817/1547/1447 818/1635/1534 796/1548/1448
f 796/1548/1448 818/1635/1534 797/1636/1535
f 796/1548/1448 797/1636/1535 775/1549/1449
f 775/1549/1449 797/1636/1535 776/1637/1536
f 775/1549/1449 776/1637/1536 754/1550/1450
f 754/1550/1450 776/1637/1536 755/1638/1537
f 754/1550/1450 755/1638/1537 733/1551/1451
f 733/1551/1451 755/1638/1537 734/1639/1538
f 733/1551/1451 734/1639/1538 712/1552/1452
f 712/1552/1452 734/1639/1538 713/1640/1539
f 712/1552/1452 713/1640/1539 691/1553/1453
f 691/1553/1453 713/1640/1539 692/1641/1540
f 691/1553/1453 692/1641/1540 670/1554/1454
f 670/1554/1454 692/1641/1540 671/1642/1541
f 670/1554/1454 671/1642/1541 649/1555/1455
f 649/1555/1455 671/1642/1541 650/1643/1542
f 649/1555/1455 650/1643/1542 628/1556/1456
f 628/1556/1456 650/1643/1542 629/1644/1543
f 628/1556/1456 629/1644/1543 607/1557/1457
f 607/1557/1457 629/1644/1543 608/1645/1544
f 607/1557/1457 608/1645/1544 586/1558/1458
f 586/1558/1458 608/1645/1544 587/1646/1545
f 586/1558/1458 587/1646/1545 565/1559/1459
f 565/1559/1459 587/1646/1545 566/1647/1546
f 565/1559/1459 566/1647/1546 544/1560/1460
f 544/1560/1460 566/1647/1546 545/1648/1547
f 544/1560/1460 545/1648/1547 523/1561/1461
f 523/1561/1461 545/1648/1547 524/1649/1548
f 523/1561/1461 524/1649/1548 502/1562/1462
f 502/1562/1462 524/1649/1548 503/1650/1549
f 502/1562/1462 503/1650/1549 481/1563/1463
f 481/1563/1463 503/1650/1549 482/1651/1550
f 481/1563/1463 482/1651/1550 460/1564/1464
f 460/1564/1464 482/1651/1550 461/1652/1551
f 460/1564/1464 461/1652/1551 439/1565/1465
f 439/1565/1465 461/1652/1551 440/1653/1552
f 439/1565/1465 440/1653/1552 418/1566/1466
f 418/1566/1466 440/1653/1552 419/1654/1553
f 418/1566/1466 419/1654/1553 397/1567/1467
f 397/1567/1467 419/1654/1553 398/1655/1554
f 397/1567/1467 398/1655/1554 376/1568/1468
f 376/1568/1468 398/1655/1554 377/1656/1555
f 376/1568/1468 377/1656/1555 355/1569/1469
f 355/1569/1469 377/1656/1555 356/1657/1556
f 355/1569/1469 356/1657/1556 334/1570/1470
f 334/1570/1470 356/1657/1556 335/1658/1557
f 334/1570/1470 335/1658/1557 313/1571/1471
f 313/1571/1471 335/1658/1557 314/1659/1558
f 313/1571/1471 314/1659/1558 292/1572/1472
f 292/1572/1472 314/1659/1558 293/1660/1559
f 292/1572/1472 293/1660/1559 271/1573/1473
f 271/1573/1473 293/1660/1559 272/1661/1560
f 271/1573/1473 272/1661/1560 250/1574/1474
f 250/1574/1474 272/1661/1560 251/1662/1561
f 250/1574/1474 251/1662/1561 229/1575/1475
f 229/1575/1475 251/1662/1561 230/1663/1562
f 229/1575/1475 230/1663/1562 208/1576/1476
f 208/1576/1476 230/1663/1562 209/1664/1563
f 208/1576/1476 209/1664/1563 187/1577/1477
f 187/1577/1477 209/1664/1563 188/1665/1564
f 187/1577/1477 188/1665/1564 166/1578/1478
f 166/1578/1478 188/1665/1564 167/1666/1565
f 166/1578/1478 167/1666/1565 145/1579/1479
f 145/1579/1479 167/1666/1565 146/1667/1566
f 145/1579/1479 146/1667/1566 124/1580/1480
f 124/1580/1480 146/1667/1566 125/1668/1567
f 124/1580/1480 125/1668/1567 103/1581/1394
f 103/1581/1394 125/1668/1567 104/1669/1481
f 104/1582/1481 105/1670/1568 1910/1583/1482
f 1910/1583/1482 105/1670/1568 1911/1671/1569
f 1910/1583/1482 1911/1671/1569 1889/1584/1483
f 1889/1584/1483 1911/1671/1569 1890/1672/1570
f 1889/1584/1483 1890/1672/1570 1868/1585/1484
f 1868/1585/1484 1890/1672/1570 1869/1673/1571
f 1868/1585/1484 1869/1673/1571 1847/1586/1485
f 1847/1586/1485 1869/1673/1571 1848/1674/1572
f 1847/1586/1485 1848/1674/1572 1826/1587/1486
f 1826/1587/1486 1848/1674/1572 1827/1675/1573
f 1826/1587/1486 1827/1675/1573 1805/1588/1487
f 1805/1588/1487 1827/1675/1573 1806/1676/1574
f 1805/1588/1487 1806/1676/1574 1784/1589/1488
f 1784/1589/1488 1806/1676/1574 1785/1677/1575
f 1784/1589/1488 1785/1677/1575 1763/1590/1489
f 1763/1590/1489 1785/1677/1575 1764/1678/1576
f 1763/1590/1489 1764/1678/1576 1742/1591/1490
f 1742/1591/1490 1764/1678/1576 1743/1679/1577
f 1742/1591/1490 1743/1679/1577 1721/1592/1491
f 1721/1592/1491 1743/1679/1577 1722/1680/1578
f 1721/1592/1491 1722/1680/1578 1700/1593/1492
f 1700/1593/1492 1722/1680/1578 1701/1681/1579
f 1700/1593/1492 1701/1681/1579 1679/1594/1493
f 1679/1594/1493 1701/1681/1579 1680/1682/1580
f 1679/1594/1493 1680/1682/1580 1658/1595/1494
f 1658/1595/1494 1680/1682/1580 1659/1683/1581
f 1658/1595/1494 1659/1683/1581 1637/1596/1495
f 1637/1596/1495 1659/1683/1581 1638/1684/1582
f 1637/1596/1495 1638/1684/1582 1616/1597/1496
f 1616/1597/1496 1638/1684/1582 1617/1685/1583
f 1616/1597/1496 1617/1685/1583 1595/1598/1497
f 1595/1598/1497 1617/1685/1583 1596/1686/1584
f 1595/1598/1497 1596/1686/1584 1574/1599/1498
f 1574/1599/1498 1596/1686/1584 1575/1687/1585
f 1574/1599/1498 1575/1687/1585 1553/1600/1499
f 1553/1600/1499 1575/1687/1585 1554/1688/1586
f 1553/1600/1499 1554/1688/1586 1532/1601/1500
f 1532/1601/1500 1554/1688/1586 1533/1689/1587
f 1532/1601/1500 1533/1689/1587 1511/1602/1501
f 1511/1602/1501 1533/1689/1587 1512/1690/1588
f 1511/1602/1501 1512/1690/1588 1490/1603/1502
f 1490/1603/1502 1512/1690/1588 1491/1691/1589
f 1490/1603/1502 1491/1691/1589 1469/1604/1503
f 1469/1604/1503 1491/1691/1589 1470/1692/1590
f 1469/1604/1503 1470/1692/1590 1448/1605/1504
f 1448/1605/1504 1470/1692/1590 1449/1693/1591
f 1448/1605/1504 1449/1693/1591 1427/1606/1505
f 1427/1606/1505 1449/1693/1591 1428/1694/1592
f 1427/1606/1505 1428/1694/1592 1406/1607/1506
f 1406/1607/1506 1428/1694/1592 1407/1695/1593
f 1406/1607/1506 1407/1695/1593 1385/1608/1507
f 1385/1608/1507 1407/1695/1593 1386/1696/1594
f 1385/1608/1507 1386/1696/1594 1364/1609/1508
f 1364/1609/1508 1386/1696/1594 1365/1697/1595
f 1364/1609/1508 1365/1697/1595 1343/1610/1509
f 1343/1610/1509 1365/1697/1595 1344/1698/1596
f 1343/1610/1509 1344/1698/1596 1322/1611/1510
f 1322/1611/1510 1344/1698/1596 1323/1699/1597
f 1322/1611/1510 1323/1699/1597 1301/1612/1511
f 1301/1612/1511 1323/1699/1597 1302/1700/1598
f 1301/1612/1511 1302/1700/1598 1280/1613/1512
f 1280/1613/1512 1302/1700/1598 1281/1701/1599
f 1280/1613/1512 1281/1701/1599 1259/1614/1513
f 1259/1614/1513 1281/1701/1599 1260/1702/1600
f 1259/1614/1513 1260/1702/1600 1238/1615/1514
f 1238/1615/1514 1260/1702/1600 1239/1703/1601
f 1238/1615/1514 1239/1703/1601 1217/1616/1515
f 1217/1616/1515 1239/1703/1601 1218/1704/1602
f 1217/1616/1515 1218/1704/1602 1196/1617/1516
f 1196/1617/1516 1218/1704/1602 1197/1705/1603
f 1196/1617/1516 1197/1705/1603 1175/1618/1517
f 1175/1618/1517 1197/1705/1603 1176/1706/1604
f 1175/1618/1517 1176/1706/1604 1154/1619/1518
f 1154/1619/1518 1176/1706/1604 1155/1707/1605
f 1154/1619/1518 1155/1707/1605 1133/1620/1519
f 1133/1620/1519 1155/1707/1605 1134/1708/1606
f 1133/1620/1519 1134/1708/1606 1112/1621/1520
f 1112/1621/1520 1134/1708/1606 1113/1709/1607
f 1112/1621/1520 1113/1709/1607 1091/1622/1521
f 1091/1622/1521 1113/1709/1607 1092/1710/1608
f 1091/1622/1521 1092/1710/1608 1070/1623/1522
f 1070/1623/1522 1092/1710/1608 1071/1711/1609
f 1070/1623/1522 1071/1711/1609 1049/1624/1523
f 1049/1624/1523 1071/1711/1609 1050/1712/1610
f 1049/1624/1523 1050/1712/1610 1028/1625/1524
f 1028/1625/1524 1050/1712/1610 1029/1713/1611
f 1028/1625/1524 1029/1713/1611 1007/1626/1525
f 1007/1626/1525 1029/1713/1611 1008/1714/1612
f 1007/1626/1525 1008/1714/1612 986/1627/1526
f 986/1627/1526 1008/1714/1612 987/1715/1613
f 986/1627/1526 987/1715/1613 965/1628/1527
f 965/1628/1527 987/1715/1613 966/1716/1614
f 965/1628/1527 966/1716/1614 944/1629/1528
f 944/1629/1528 966/1716/1614 945/1717/1615
f 944/1629/1528 945/1717/1615 923/1630/1529
f 923/1630/1529 945/1717/1615 924/1718/1616
f 923/1630/1529 924/1718/1616 902/1631/1530
f 902/1631/1530 924/1718/1616 903/1719/1617
f 902/1631/1530 903/1719/1617 881/1632/1531
f 881/1632/1531 903/1719/1617 882/1720/1618
f 881/1632/1531 882/1720/1618 860/1633/1532
f 860/1633/1532 882/1720/1618 861/1721/1619
f 860/1633/1532 861/1721/1619 839/1634/1533
f 839/1634/1533 861/1721/1619 840/1722/1620
f 839/1634/1533 840/1722/1620 818/1635/1534
f 818/1635/1534 840/1722/1620 819/1723/1621
f 818/1635/1534 819/1723/1621 797/1636/1535
f 797/1636/1535 819/1723/1621 798/1724/1622
f 797/1636/1535 798/1724/1622 776/1637/1536
f 776/1637/1536 798/1724/1622 777/1725/1623
f 776/1637/1536 777/1725/1623 755/1638/1537
f 755/1638/1537 777/1725/1623 756/1726/1624
f 755/1638/1537 756/1726/1624 734/1639/1538
f 734/1639/1538 756/1726/1624 735/1727/1625
f 734/1639/1538 735/1727/1625 713/1640/1539
f 713/1640/1539 735/1727/1625 714/1728/1626
f 713/1640/1539 714/1728/1626 692/1641/1540
f 692/1641/1540 714/1728/1626 693/1729/1627
f 692/1641/1540 693/1729/1627 671/1642/1541
f 671/1642/1541 693/1729/1627 672/1730/1628
f 671/1642/1541 672/1730/1628 650/1643/1542
f 650/1643/1542 672/1730/1628 651/1731/1629
f 650/1643/1542 651/1731/1629 629/1644/1543
f 629/1644/1543 651/1731/1629 630/1732/1630
f 629/1644/1543 630/1732/1630 608/1645/1544
f 608/1645/1544 630/1732/1630 609/1733/1631
f 608/1645/1544 609/1733/1631 587/1646/1545
f 587/1646/1545 609/1733/1631 588/1734/1632
f 587/1646/1545 588/1734/1632 566/1647/1546
f 566/1647/1546 588/1734/1632 567/1735/1633
f 566/1647/1546 567/1735/1633 545/1648/1547
f 545/1648/1547 567/1735/1633 546/1736/1634
f 545/1648/1547 546/1736/1634 524/1649/1548
f 524/1649/1548 546/1736/1634 525/1737/1635
f 524/1649/1548 525/1737/1635 503/1650/1549
f 503/1650/1549 525/1737/1635 504/1738/1636
f 503/1650/1549 504/1738/1636 482/1651/1550
f 482/1651/1550 504/1738/1636 483/1739/1637
f 482/1651/1550 483/1739/1637 461/1652/1551
f 461/1652/1551 483/1739/1637 462/1740/1638
f 461/1652/1551 462/1740/1638 440/1653/1552
f 440/1653/1552 462/1740/1638 441/1741/1639
f 440/1653/1552 441/1741/1639 419/1654/1553
f 419/1654/1553 441/1741/1639 420/1742/1640
f 419/1654/1553 420/1742/1640 398/1655/1554
f 398/1655/1554 420/1742/1640 399/1743/1641
f 398/1655/1554 399/1743/1641 377/1656/1555
f 377/1656/1555 399/1743/1641 378/1744/1642
f 377/1656/1555 378/1744/1642 356/1657/1556
f 356/1657/1556 378/1744/1642 357/1745/1643
f 356/1657/1556 357/1745/1643 335/1658/1557
f 335/1658/1557 357/1745/1643 336/1746/1644
f 335/1658/1557 336/1746/1644 314/1659/1558
f 314/1659/1558 336/1746/1644 315/1747/1645
f 314/1659/1558 315/1747/1645 293/1660/1559
f 293/1660/1559 315/1747/1645 294/1748/1646
f 293/1660/1559 294/1748/1646 272/1661/1560
f 272/1661/1560 294/1748/1646 273/1749/1647
f 272/1661/1560 273/1749/1647 251/1662/1561
f 251/1662/1561 273/1749/1647 252/1750/1648
f 251/1662/1561 252/1750/1648 230/1663/1562
f 230/1663/1562 252/1750/1648 231/1751/1649
f 230/1663/1562 231/1751/1649 209/1664/1563
f 209/1664/1563 231/1751/1649 210/1752/1650
f 209/1664/1563 210/1752/1650 188/1665/1564
f 188/1665/1564 210/1752/1650 189/1753/1651
f 188/1665/1564 189/1753/1651 167/1666/1565
f 167/1666/1565 189/1753/1651 168/1754/1652
f 167/1666/1565 168/1754/1652 146/1667/1566
f 146/1667/1566 168/1754/1652 147/1755/1653
f 146/1667/1566 147/1755/1653 125/1668/1567
f 125/1668/1567 147/1755/1653 126/1756/1654
f 125/1668/1567 126/1756/1654 104/1669/1481
f 104/1669/1481 126/1756/1654 105/1757/1568
f 105/1670/1568 106/1758/1655 1911/1671/1569
f 1911/1671/1569 106/1758/1655 1912/1759/1656
f 1911/1671/1569 1912/1759/1656 1890/1672/1570
f 1890/1672/1570 1912/1759/1656 1891/1760/1657
f 1890/1672/1570 1891/1760/1657 1869/1673/1571
f 1869/1673/1571 1891/1760/1657 1870/1761/1658
f 1869/1673/1571 1870/1761/1658 1848/1674/1572
f 1848/1674/1572 1870/1761/1658 1849/1762/1659
f 1848/1674/1572 1849/1762/1659 1827/1675/1573
f 1827/1675/1573 1849/1762/1659 1828/1763/1660
f 1827/1675/1573 1828/1763/1660 1806/1676/1574
f 1806/1676/1574 1828/1763/1660 1807/1764/1661
f 1806/1676/1574 1807/1764/1661 1785/1677/1575
f 1785/1677/1575 1807/1764/1661 1786/1765/1662
f 1785/1677/1575 1786/1765/1662 1764/1678/1576
f 1764/1678/1576 1786/1765/1662 1765/1766/1663
f 1764/1678/1576 1765/1766/1663 1743/1679/1577
f 1743/1679/1577 1765/1766/1663 1744/1767/1664
f 1743/1679/1577 1744/1767/1664 1722/1680/1578
f 1722/1680/1578 1744/1767/1664 1723/1768/1665
f 1722/1680/1578 1723/1768/1665 1701/1681/1579
f 1701/1681/1579 1723/1768/1665 1702/1769/1666
f 1701/1681/1579 1702/1769/1666 1680/1682/1580
f 1680/1682/1580 1702/1769/1666 1681/1770/1667
f 1680/1682/1580 1681/1770/1667 1659/1683/1581
f 1659/1683/1581 1681/1770/1667 1660/1771/1668
f 1659/1683/1581 1660/1771/1668 1638/1684/1582
f 1638/1684/1582 1660/1771/1668 1639/1772/1669
f 1638/1684/1582 1639/1772/1669 1617/1685/1583
f 1617/1685/1583 1639/1772/1669 1618/1773/1670
f 1617/1685/1583 1618/1773/1670 1596/1686/1584
f 1596/1686/1584 1618/1773/1670 1597/1774/1671
f 1596/1686/1584 1597/1774/1671 1575/1687/1585
f 1575/1687/1585 1597/1774/1671 1576/1775/1672
f 1575/1687/1585 1576/1775/1672 1554/1688/1586
f 1554/1688/1586 1576/1775/1672 1555/1776/1673
f 1554/1688/1586 1555/1776/1673 1533/1689/1587
f 1533/1689/1587 1555/1776/1673 1534/1777/1674
f 1533/1689/1587 1534/1777/1674 1512/1690/1588
f 1512/1690/1588 1534/1777/1674 1513/1778/1675
f 1512/1690/1588 1513/1778/1675 1491/1691/1589
f 1491/1691/1589 1513/1778/1675 1492/1779/1676
f 1491/1691/1589 1492/1779/1676 1470/1692/1590
f 1470/1692/1590 1492/1779/1676 1471/1780/1677
f 1470/1692/1590 1471/1780/1677 1449/1693/1591
f 1449/1693/1591 1471/1780/1677 1450/1781/1678
f 1449/1693/1591 1450/1781/1678 1428/1694/1592
f 1428/1694/1592 1450/1781/1678 1429/1782/1679
f 1428/1694/1592 1429/1782/1679 1407/1695/1593
f 1407/1695/1593 1429/1782/1679 1408/1783/1680
f 1407/1695/1593 1408/1783/1680 1386/1696/1594
f 1386/1696/1594 1408/1783/1680 1387/1784/1681
f 1386/1696/1594 1387/1784/1681 1365/1697/1595
f 1365/1697/1595 1387/1784/1681 1366/1785/1682
f 1365/1697/1595 1366/1785/1682 1344/1698/1596
f 1344/1698/1596 1366/1785/1682 1345/1786/1683
f 1344/1698/1596 1345/1786/1683 1323/1699/1597
f 1323/1699/1597 1345/1786/1683 1324/1787/1684
f 1323/1699/1597 1324/1787/1684 1302/1700/1598
f 1302/1700/1598 1324/1787/1684 1303/1788/1685
f 1302/1700/1598 1303/1788/1685 1281/1701/1599
f 1281/1701/1599 1303/1788/1685 1282/1789/1686
f 1281/1701/1599 1282/1789/1686 1260/1702/1600
f 1260/1702/1600 1282/1789/1686 1261/1790/1687
f 1260/1702/1600 1261/1790/1687 1239/1703/1601
f 1239/1703/1601 1261/1790/1687 1240/1791/1688
f 1239/1703/1601 1240/1791/1688 1218/1704/1602
f 1218/1704/1602 1240/1791/1688 1219/1792/1689
f 1218/1704/1602 1219/1792/1689 1197/1705/1603
f 1197/1705/1603 1219/1792/1689 1198/1793/1690
f 1197/1705/1603 1198/1793/1690 1176/1706/1604
f 1176/1706/1604 1198/1793/1690 1177/1794/1691
f 1176/1706/1604 1177/1794/1691 1155/1707/1605
f 1155/1707/1605 1177/1794/1691 1156/1795/1692
f 1155/1707/1605 1156/1795/1692 1134/1708/1606
f 1134/1708/1606 1156/1795/1692 1135/1796/1693
f 1134/1708/1606 1135/1796/1693 1113/1709/1607
f 1113/1709/1607 1135/1796/1693 1114/1797/1694
f 1113/1709/1607 1114/1797/1694 1092/1710/1608
f 1092/1710/1608 1114/1797/1694 1093/1798/1695
f 1092/1710/1608 1093/1798/1695 1071/1711/1609
f 1071/1711/1609 1093/1798/1695 1072/1799/1696
f 1071/1711/1609 1072/1799/1696 1050/1712/1610
f 1050/1712/1610 1072/1799/1696 1051/1800/1697
f 1050/1712/1610 1051/1800/1697 1029/1713/1611
f 1029/1713/1611 1051/1800/1697 1030/1801/1698
f 1029/1713/1611 1030/1801/1698 1008/1714/1612
f 1008/1714/1612 1030/1801/1698 1009/1802/1699
f 1008/1714/1612 1009/1802/1699 987/1715/1613
f 987/1715/1613 1009/1802/1699 988/1803/1700
f 987/1715/1613 988/1803/1700 966/1716/1614
f 966/1716/1614 988/1803/1700 967/1804/1701
f 966/1716/1614 967/1804/1701 945/1717/1615
f 945/1717/1615 967/1804/1701 946/1805/1702
f 945/1717/1615 946/1805/1702 924/1718/1616
f 924/1718/1616 946/1805/1702 925/1806/1703
f 924/1718/1616 925/1806/1703 903/1719/1617
f 903/1719/1617 925/1806/1703 904/1807/1704
f 903/1719/1617 904/1807/1704 882/1720/1618
f 882/1720/1618 904/1807/1704 883/1808/1705
f 882/1720/1618 883/1808/1705 861/1721/1619
f 861/1721/1619 883/1808/1705 862/1809/1706
f 861/1721/1619 862/1809/1706 840/1722/1620
f 840/1722/1620 862/1809/1706 841/1810/1707
f 840/1722/1620 841/1810/1707 819/1723/1621
f 819/1723/1621 841/1810/1707 820/1811/1708
f 819/1723/1621 820/1811/1708 798/1724/1622
f 798/1724/1622 820/1811/1708 799/1812/1709
f 798/1724/1622 799/1812/1709 777/1725/1623
f 777/1725/1623 799/1812/1709 778/1813/1710
f 777/1725/1623 778/1813/1710 756/1726/1624
f 756/1726/1624 778/1813/1710 757/1814/1711
f 756/1726/1624 757/1814/1711 735/1727/1625
f 735/1727/1625 757/1814/1711 736/1815/1712
f 735/1727/1625 736/1815/1712 714/1728/1626
f 714/1728/1626 736/1815/1712 715/1816/1713
f 714/1728/1626 715/1816/1713 693/1729/1627
f 693/1729/1627 715/1816/1713 694/1817/1714
f 693/1729/1627 694/1817/1714 672/1730/1628
f 672/1730/1628 694/1817/1714 673/1818/1715
f 672/1730/1628 673/1818/1715 651/1731/1629
f 651/1731/1629 673/1818/1715 652/1819/1716
f 651/1731/1629 652/1819/1716 630/1732/1630
f 630/1732/1630 652/1819/1716 631/1820/1717
f 630/1732/1630 631/1820/1717 609/1733/1631
f 609/1733/1631 631/1820/1717 610/1821/1718
f 609/1733/1631 610/1821/1718 588/1734/1632
f 588/1734/1632 610/1821/1718 589/1822/1719
f 588/1734/1632 589/1822/1719 567/1735/1633
f 567/1735/1633 589/1822/1719 568/1823/1720
f 567/1735/1633 568/1823/1720 546/1736/1634
f 546/1736/1634 568/1823/1720 547/1824/1721
f 546/1736/1634 547/1824/1721 525/1737/1635
f 525/1737/1635 547/1824/1721 526/1825/1722
f 525/1737/1635 526/1825/1722 504/1738/1636
f 504/1738/1636 526/1825/1722 505/1826/1723
f 504/1738/1636 505/1826/1723 483/1739/1637
f 483/1739/1637 505/1826/1723 484/1827/1724
f 483/1739/1637 484/1827/1724 462/1740/1638
f 462/1740/1638 484/1827/1724 463/1828/1725
f 462/1740/1638 463/1828/1725 441/1741/1639
f 441/1741/1639 463/1828/1725 442/1829/1726
f 441/1741/1639 442/1829/1726 420/1742/1640
f 420/1742/1640 442/1829/1726 421/1830/1727
f 420/1742/1640 421/1830/1727 399/1743/1641
f 399/1743/1641 421/1830/1727 400/1831/1728
f 399/1743/1641 400/1831/1728 378/1744/1642
f 378/1744/1642 400/1831/1728 379/1832/1729
f 378/1744/1642 379/1832/1729 357/1745/1643
f 357/1745/1643 379/1832/1729 358/1833/1730
f 357/1745/1643 358/1833/1730 336/1746/1644
f 336/1746/1644 358/1833/1730 337/1834/1731
f 336/1746/1644 337/1834/1731 315/1747/1645
f 315/1747/1645 337/1834/1731 316/1835/1732
f 315/1747/1645 316/1835/1732 294/1748/1646
f 294/1748/1646 316/1835/1732 295/1836/1733
f 294/1748/1646 295/1836/1733 273/1749/1647
f 273/1749/1647 295/1836/1733 274/1837/1734
f 273/1749/1647 274/1837/1734 252/1750/1648
f 252/1750/1648 274/1837/1734 253/1838/1735
f 252/1750/1648 253/1838/1735 231/1751/1649
f 231/1751/1649 253/1838/1735 232/1839/1736
f 231/1751/1649 232/1839/1736 210/1752/1650
f 210/1752/1650 232/1839/1736 211/1840/1737
f 210/1752/1650 211/1840/1737 189/1753/1651
f 189/1753/1651 211/1840/1737 190/1841/1738
f 189/1753/1651 190/1841/1738 168/1754/1652
f 168/1754/1652 190/1841/1738 169/1842/1739
f 168/1754/1652 169/1842/1739 147/1755/1653
f 147/1755/1653 169/1842/1739 148/1843/1740
f 147/1755/1653 148/1843/1740 126/1756/1654
f 126/1756/1654 148/1843/1740 127/1844/1741
f 126/1756/1654 127/1844/1741 105/1757/1568
f 105/1757/1568 127/1844/1741 106/1845/1655
f 106/1758/1655 107/1846/1742 1912/1759/1656
f 1912/1759/1656 107/1846/1742 1913/1847/1743
f 1912/1759/1656 1913/1847/1743 1891/1760/1657
f 1891/1760/1657 1913/1847/1743 1892/1848/1744
f 1891/1760/1657 1892/1848/1744 1870/1761/1658
f 1870/1761/1658 1892/1848/1744 1871/1849/1745
f 1870/1761/1658 1871/1849/1745 1849/1762/1659
f 1849/1762/1659 1871/1849/1745 1850/1850/1746
f 1849/1762/1659 1850/1850/1746 1828/1763/1660
f 1828/1763/1660 1850/1850/1746 1829/1851/1747
f 1828/1763/1660 1829/1851/1747 1807/1764/1661
f 1807/1764/1661 1829/1851/1747 1808/1852/1748
f 1807/1764/1661 1808/1852/1748 1786/1765/1662
f 1786/1765/1662 1808/1852/1748 1787/1853/1749
f 1786/1765/1662 1787/1853/1749 1765/1766/1663
f 1765/1766/1663 1787/1853/1749 1766/1854/1750
f 1765/1766/1663 1766/1854/1750 1744/1767/1664
f 1744/1767/1664 1766/1854/1750 1745/1855/1751
f 1744/1767/1664 1745/1855/1751 1723/1768/1665
f 1723/1768/1665 1745/1855/1751 1724/1856/1752
f 1723/1768/1665 1724/1856/1752 1702/1769/1666
f 1702/1769/1666 1724/1856/1752 1703/1857/1753
f 1702/1769/1666 1703/1857/1753 1681/1770/1667
f 1681/1770/1667 1703/1857/1753 1682/1858/1754
f 1681/1770/1667 1682/1858/1754 1660/1771/1668
f 1660/1771/1668 1682/1858/1754 1661/1859/1755
f 1660/1771/1668 1661/1859/1755 1639/1772/1669
f 1639/1772/1669 1661/1859/1755 1640/1860/1756
f 1639/1772/1669 1640/1860/1756 1618/1773/1670
f 1618/1773/1670 1640/1860/1756 1619/1861/1757
f 1618/1773/1670 1619/1861/1757 1597/1774/1671
f 1597/1774/1671 1619/1861/1757 1598/1862/1758
f 1597/1774/1671 1598/1862/1758 1576/1775/1672
f 1576/1775/1672 1598/1862/1758 1577/1863/1759
f 1576/1775/1672 1577/1863/1759 1555/1776/1673
f 1555/1776/1673 1577/1863/1759 1556/1864/1760
f 1555/1776/1673 1556/1864/1760 1534/1777/1674
f 1534/1777/1674 1556/1864/1760 1535/1865/1761
f 1534/1777/1674 1535/1865/1761 1513/1778/1675
f 1513/1778/1675 1535/1865/1761 1514/1866/1762
f 1513/1778/1675 1514/1866/1762 1492/1779/1676
f 1492/1779/1676 1514/1866/1762 1493/1867/1763
f 1492/1779/1676 1493/1867/1763 1471/1780/1677
f 1471/1780/1677 1493/1867/1763 1472/1868/1764
f 1471/1780/1677 1472/1868/1764 1450/1781/1678
f 1450/1781/1678 1472/1868/1764 1451/1869/1765
f 1450/1781/1678 1451/1869/1765 1429/1782/1679
f 1429/1782/1679 1451/1869/1765 1430/1870/1766
f 1429/1782/1679 1430/1870/1766 1408/1783/1680
f 1408/1783/1680 1430/1870/1766 1409/1871/1767
f 1408/1783/1680 1409/1871/1767 1387/1784/1681
f 1387/1784/1681 1409/1871/1767 1388/1872/1768
f 1387/1784/1681 1388/1872/1768 1366/1785/1682
f 1366/1785/1682 1388/1872/1768 1367/1873/1769
f 1366/1785/1682 1367/1873/1769 1345/1786/1683
f 1345/1786/1683 1367/1873/1769 1346/1874/1770
f 1345/1786/1683 1346/1874/1770 1324/1787/1684
f 1324/1787/1684 1346/1874/1770 1325/1875/1771
f 1324/1787/1684 1325/1875/1771 1303/1788/1685
f 1303/1788/1685 1325/1875/1771 1304/1876/1772
f 1303/1788/1685 1304/1876/1772 1282/1789/1686
f 1282/1789/1686 1304/1876/1772 1283/1877/1773
f 1282/1789/1686 1283/1877/1773 1261/1790/1687
f 1261/1790/1687 1283/1877/1773 1262/1878/1774
f 1261/1790/1687 1262/1878/1774 1240/1791/1688
f 1240/1791/1688 1262/1878/1774 1241/1879/1775
f 1240/1791/1688 1241/1879/1775 1219/1792/1689
f 1219/1792/1689 1241/1879/1775 1220/1880/1776
f 1219/1792/1689 1220/1880/1776 1198/1793/1690
f 1198/1793/1690 1220/1880/1776 1199/1881/1777
f 1198/1793/1690 1199/1881/1777 1177/1794/1691
f 1177/1794/1691 1199/1881/1777 1178/1882/1778
f 1177/1794/1691 1178/1882/1778 1156/1795/1692
f 1156/1795/1692 1178/1882/1778 1157/1883/1779
f 1156/1795/1692 1157/1883/1779 1135/1796/1693
f 1135/1796/1693 1157/1883/1779 1136/1884/1780
f 1135/1796/1693 1136/1884/1780 1114/1797/1694
f 1114/1797/1694 1136/1884/1780 1115/1885/1781
f 1114/1797/1694 1115/1885/1781 1093/1798/1695
f 1093/1798/1695 1115/1885/1781 1094/1886/1782
f 1093/1798/1695 1094/1886/1782 1072/1799/1696
f 1072/1799/1696 1094/1886/1782 1073/1887/1783
f 1072/1799/1696 1073/1887/1783 1051/1800/1697
f 1051/1800/1697 1073/1887/1783 1052/1888/1784
f 1051/1800/1697 1052/1888/1784 1030/1801/1698
f 1030/1801/1698 1052/1888/1784 1031/1889/1785
f 1030/1801/1698 1031/1889/1785 1009/1802/1699
f 1009/1802/1699 1031/1889/1785 1010/1890/1786
f 1009/1802/1699 1010/1890/1786 988/1803/1700
f 988/1803/1700 1010/1890/1786 989/1891/1787
f 988/1803/1700 989/1891/1787 967/1804/1701
f 967/1804/1701 989/1891/1787 968/1892/1788
f 967/1804/1701 968/1892/1788 946/1805/1702
f 946/1805/1702 968/1892/1788 947/1893/1789
f 946/1805/1702 947/1893/1789 925/1806/1703
f 925/1806/1703 947/1893/1789 926/1894/1790
f 925/1806/1703 926/1894/1790 904/1807/1704
f 904/1807/1704 926/1894/1790 905/1895/1791
f 904/1807/1704 905/1895/1791 883/1808/1705
f 883/1808/1705 905/1895/1791 884/1896/1792
f 883/1808/1705 884/1896/1792 862/1809/1706
f 862/1809/1706 884/1896/1792 863/1897/1793
f 862/1809/1706 863/1897/1793 841/1810/1707
f 841/1810/1707 863/1897/1793 842/1898/1794
f 841/1810/1707 842/1898/1794 820/1811/1708
f 820/1811/1708 842/1898/1794 821/1899/1795
f 820/1811/1708 821/1899/1795 799/1812/1709
f 799/1812/1709 821/1899/1795 800/1900/1796
f 799/1812/1709 800/1900/1796 778/1813/1710
f 778/1813/1710 800/1900/1796 779/1901/1797
f 778/1813/1710 779/1901/1797 757/1814/1711
f 757/1814/1711 779/1901/1797 758/1902/1798
f 757/1814/1711 758/1902/1798 736/1815/1712
f 736/1815/1712 758/1902/1798 737/1903/1799
f 736/1815/1712 737/1903/1799 715/1816/1713
f 715/1816/1713 737/1903/1799 716/1904/1800
f 715/1816/1713 716/1904/1800 694/1817/1714
f 694/1817/1714 716/1904/1800 695/1905/1801
f 694/1817/1714 695/1905/1801 673/1818/1715
f 673/1818/1715 695/1905/1801 674/1906/1802
f 673/1818/1715 674/1906/1802 652/1819/1716
f 652/1819/1716 674/1906/1802 653/1907/1803
f 652/1819/1716 653/1907/1803 631/1820/1717
f 631/1820/1717 653/1907/1803 632/1908/1804
f 631/1820/1717 632/1908/1804 610/1821/1718
f 610/1821/1718 632/1908/1804 611/1909/1805
f 610/1821/1718 611/1909/1805 589/1822/1719
f 589/1822/1719 611/1909/1805 590/1910/1806
f 589/1822/1719 590/1910/1806 568/1823/1720
f 568/1823/1720 590/1910/1806 569/1911/1807
f 568/1823/1720 569/1911/1807 547/1824/1721
f 547/1824/1721 569/1911/1807 548/1912/1808
f 547/1824/1721 548/1912/1808 526/1825/1722
f 526/1825/1722 548/1912/1808 527/1913/1809
f 526/1825/1722 527/1913/1809 505/1826/1723
f 505/1826/1723 527/1913/1809 506/1914/1810
f 505/1826/1723 506/1914/1810 484/1827/1724
f 484/1827/1724 506/1914/1810 485/1915/1811
f 484/1827/1724 485/1915/1811 463/1828/1725
f 463/1828/1725 485/1915/1811 464/1916/1812
f 463/1828/1725 464/1916/1812 442/1829/1726
f 442/1829/1726 464/1916/1812 443/1917/1813
f 442/1829/1726 443/1917/1813 421/1830/1727
f 421/1830/1727 443/1917/1813 422/1918/1814
f 421/1830/1727 422/1918/1814 400/1831/1728
f 400/1831/1728 422/1918/1814 401/1919/1815
f 400/1831/1728 401/1919/1815 379/1832/1729
f 379/1832/1729 401/1919/1815 380/1920/1816
f 379/1832/1729 380/1920/1816 358/1833/1730
f 358/1833/1730 380/1920/1816 359/1921/1817
f 358/1833/1730 359/1921/1817 337/1834/1731
f 337/1834/1731 359/1921/1817 338/1922/1818
f 337/1834/1731 338/1922/1818 316/1835/1732
f 316/1835/1732 338/1922/1818 317/1923/1819
f 316/1835/1732 317/1923/1819 295/1836/1733
f 295/1836/1733 317/1923/1819 296/1924/1820
f 295/1836/1733 296/1924/1820 274/1837/1734
f 274/1837/1734 296/1924/1820 275/1925/1821
f 274/1837/1734 275/1925/1821 253/1838/1735
f 253/1838/1735 275/1925/1821 254/1926/1822
f 253/1838/1735 254/1926/1822 232/1839/1736
f 232/1839/1736 254/1926/1822 233/1927/1823
f 232/1839/1736 233/1927/1823 211/1840/1737
f 211/1840/1737 233/1927/1823 212/1928/1824
f 211/1840/1737 212/1928/1824 190/1841/1738
f 190/1841/1738 212/1928/1824 191/1929/1825
f 190/1841/1738 191/1929/1825 169/1842/1739
f 169/1842/1739 191/1929/1825 170/1930/1826
f 169/1842/1739 170/1930/1826 148/1843/1740
f 148/1843/1740 170/1930/1826 149/1931/1827
f 148/1843/1740 149/1931/1827 127/1844/1741
f 127/1844/1741 149/1931/1827 128/1932/1828
f 127/1844/1741 128/1932/1828 106/1845/1655
f 106/1845/1655 128/1932/1828 107/1933/1742
f 107/1846/1742 108/1934/1829 1913/1847/1743
f 1913/1847/1743 108/1934/1829 1914/1935/1830
f 1913/1847/1743 1914/1935/1830 1892/1848/1744
f 1892/1848/1744 1914/1935/1830 1893/1936/1831
f 1892/1848/1744 1893/1936/1831 1871/1849/1745
f 1871/1849/1745 1893/1936/1831 1872/1937/1832
f 1871/1849/1745 1872/1937/1832 1850/1850/1746
f 1850/1850/1746 1872/1937/1832 1851/1938/1833
f 1850/1850/1746 1851/1938/1833 1829/1851/1747
f 1829/1851/1747 1851/1938/1833 1830/1939/1834
f 1829/1851/1747 1830/1939/1834 1808/1852/1748
f 1808/1852/1748 1830/1939/1834 1809/1940/1835
f 1808/1852/1748 1809/1940/1835 1787/1853/1749
f 1787/1853/1749 1809/1940/1835 1788/1941/1836
f 1787/1853/1749 1788/1941/1836 1766/1854/1750
f 1766/1854/1750 1788/1941/1836 1767/1942/1837
f 1766/1854/1750 1767/1942/1837 1745/1855/1751
f 1745/1855/1751 1767/1942/1837 1746/1943/1838
f 1745/1855/1751 1746/1943/1838 1724/1856/1752
f 1724/1856/1752 1746/1943/1838 1725/1944/1839
f 1724/1856/1752 1725/1944/1839 1703/1857/1753
f 1703/1857/1753 1725/1944/1839 1704/1945/1840
f 1703/1857/1753 1704/1945/1840 1682/1858/1754
f 1682/1858/1754 1704/1945/1840 1683/1946/1841
f 1682/1858/1754 1683/1946/1841 1661/1859/1755
f 1661/1859/1755 1683/1946/1841 1662/1947/1842
f 1661/1859/1755 1662/1947/1842 1640/1860/1756
f 1640/1860/1756 1662/1947/1842 1641/1948/1843
f 1640/1860/1756 1641/1948/1843 1619/1861/1757
f 1619/1861/1757 1641/1948/1843 1620/1949/1844
f 1619/1861/1757 1620/1949/1844 1598/1862/1758
f 1598/1862/1758 1620/1949/1844 1599/1950/1845
f 1598/1862/1758 1599/1950/1845 1577/1863/1759
f 1577/1863/1759 1599/1950/1845 1578/1951/1846
f 1577/1863/1759 1578/1951/1846 1556/1864/1760
f 1556/1864/1760 1578/1951/1846 1557/1952/1847
f 1556/1864/1760 1557/1952/1847 1535/1865/1761
f 1535/1865/1761 1557/1952/1847 1536/1953/1848
f 1535/1865/1761 1536/1953/1848 1514/1866/1762
f 1514/1866/1762 1536/1953/1848 1515/1954/1849
f 1514/1866/1762 1515/1954/1849 1493/1867/1763
f 1493/1867/1763 1515/1954/1849 1494/1955/1850
f 1493/1867/1763 1494/1955/1850 1472/1868/1764
f 1472/1868/1764 1494/1955/1850 1473/1956/1851
f 1472/1868/1764 1473/1956/1851 1451/1869/1765
f 1451/1869/1765 1473/1956/1851 1452/1957/1852
f 1451/1869/1765 1452/1957/1852 1430/1870/1766
f 1430/1870/1766 1452/1957/1852 1431/1958/1853
f 1430/1870/1766 1431/1958/1853 1409/1871/1767
f 1409/1871/1767 1431/1958/1853 1410/1959/1854
f 1409/1871/1767 1410/1959/1854 1388/1872/1768
f 1388/1872/1768 1410/1959/1854 1389/1960/1855
f 1388/1872/1768 1389/1960/1855 1367/1873/1769
f 1367/1873/1769 1389/1960/1855 1368/1961/1856
f 1367/1873/1769 1368/1961/1856 1346/1874/1770
f 1346/1874/1770 1368/1961/1856 1347/1962/1857
f 1346/1874/1770 1347/1962/1857 1325/1875/1771
f 1325/1875/1771 1347/1962/1857 1326/1963/1858
f 1325/1875/1771 1326/1963/1858 1304/1876/1772
f 1304/1876/1772 1326/1963/1858 1305/1964/1859
f 1304/1876/1772 1305/1964/1859 1283/1877/1773
f 1283/1877/1773 1305/1964/1859 1284/1965/1860
f 1283/1877/1773 1284/1965/1860 1262/1878/1774
f 1262/1878/1774 1284/1965/1860 1263/1966/1861
f 1262/1878/1774 1263/1966/1861 1241/1879/1775
f 1241/1879/1775 1263/1966/1861 1242/1967/1862
f 1241/1879/1775 1242/1967/1862 1220/1880/1776
f 1220/1880/1776 1242/1967/1862 1221/1968/1863
f 1220/1880/1776 1221/1968/1863 1199/1881/1777
f 1199/1881/1777 1221/1968/1863 1200/1969/1864
f 1199/1881/1777 1200/1969/1864 1178/1882/1778
f 1178/1882/1778 1200/1969/1864 1179/1970/1865
f 1178/1882/1778 1179/1970/1865 1157/1883/1779
f 1157/1883/1779 1179/1970/1865 1158/1971/1866
f 1157/1883/1779 1158/1971/1866 1136/1884/1780
f 1136/1884/1780 1158/1971/1866 1137/1972/1867
f 1136/1884/1780 1137/1972/1867 1115/1885/1781
f 1115/1885/1781 1137/1972/1867 1116/1973/1868
f 1115/1885/1781 1116/1973/1868 1094/1886/1782
f 1094/1886/1782 1116/1973/1868 1095/1974/1869
f 1094/1886/1782 1095/1974/1869 1073/1887/1783
f 1073/1887/1783 1095/1974/1869 1074/1975/1870
f 1073/1887/1783 1074/1975/1870 1052/1888/1784
f 1052/1888/1784 1074/1975/1870 1053/1976/1871
f 1052/1888/1784 1053/1976/1871 1031/1889/1785
f 1031/1889/1785 1053/1976/1871 1032/1977/1872
f 1031/1889/1785 1032/1977/1872 1010/1890/1786
f 1010/1890/1786 1032/1977/1872 1011/1978/1873
f 1010/1890/1786 1011/1978/1873 989/1891/1787
f 989/1891/1787 1011/1978/1873 990/1979/1874
f 989/1891/1787 990/1979/1874 968/1892/1788
f 968/1892/1788 990/1979/1874 969/1980/1875
f 968/1892/1788 969/1980/1875 947/1893/1789
f 947/1893/1789 969/1980/1875 948/1981/1876
f 947/1893/1789 948/1981/1876 926/1894/1790
f 926/1894/1790 948/1981/1876 927/1982/1877
f 926/1894/1790 927/1982/1877 905/1895/1791
f 905/1895/1791 927/1982/1877 906/1983/1878
f 905/1895/1791 906/1983/1878 884/1896/1792
f 884/1896/1792 906/1983/1878 885/1984/1879
f 884/1896/1792 885/1984/1879 863/1897/1793
f 863/1897/1793 885/1984/1879 864/1985/1880
f 863/1897/1793 864/1985/1880 842/1898/1794
f 842/1898/1794 864/1985/1880 843/1986/1881
f 842/1898/1794 843/1986/1881 821/1899/1795
f 821/1899/1795 843/1986/1881 822/1987/1882
f 821/1899/1795 822/1987/1882 800/1900/1796
f 800/1900/1796 822/1987/1882 801/1988/1883
f 800/1900/1796 801/1988/1883 779/1901/1797
f 779/1901/1797 801/1988/1883 780/1989/1884
f 779/1901/1797 780/1989/1884 758/1902/1798
f 758/1902/1798 780/1989/1884 759/1990/1885
f 758/1902/1798 759/1990/1885 737/1903/1799
f 737/1903/1799 759/1990/1885 738/1991/1886
f 737/1903/1799 738/1991/1886 716/1904/1800
f 716/1904/1800 738/1991/1886 717/1992/1887
f 716/1904/1800 717/1992/1887 695/1905/1801
f 695/1905/1801 717/1992/1887 696/1993/1888
f 695/1905/1801 696/1993/1888 674/1906/1802
f 674/1906/1802 696/1993/1888 675/1994/1889
f 674/1906/1802 675/1994/1889 653/1907/1803
f 653/1907/1803 675/1994/1889 654/1995/1890
f 653/1907/1803 654/1995/1890 632/1908/1804
f 632/1908/1804 654/1995/1890 633/1996/1891
f 632/1908/1804 633/1996/1891 611/1909/1805
f 611/1909/1805 633/1996/1891 612/1997/1892
f 611/1909/1805 612/1997/1892 590/1910/1806
f 590/1910/1806 612/1997/1892 591/1998/1893
f 590/1910/1806 591/1998/1893 569/1911/1807
f 569/1911/1807 591/1998/1893 570/1999/1894
f 569/1911/1807 570/1999/1894 548/1912/1808
f 548/1912/1808 570/1999/1894 549/2000/1895
f 548/1912/1808 549/2000/1895 527/1913/1809
f 527/1913/1809 549/2000/1895 528/2001/1896
f 527/1913/1809 528/2001/1896 506/1914/1810
f 506/1914/1810 528/2001/1896 507/2002/1897
f 506/1914/1810 507/2002/1897 485/1915/1811
f 485/1915/1811 507/2002/1897 486/2003/1898
f 485/1915/1811 486/2003/1898 464/1916/1812
f 464/1916/1812 486/2003/1898 465/2004/1899
f 464/1916/1812 465/2004/1899 443/1917/1813
f 443/1917/1813 465/2004/1899 444/2005/1900
f 443/1917/1813 444/2005/1900 422/1918/1814
f 422/1918/1814 444/2005/1900 423/2006/1901
f 422/1918/1814 423/2006/1901 401/1919/1815
f 401/1919/1815 423/2006/1901 402/2007/1902
f 401/1919/1815 402/2007/1902 380/1920/1816
f 380/1920/1816 402/2007/1902 381/2008/1903
f 380/1920/1816 381/2008/1903 359/1921/1817
f 359/1921/1817 381/2008/1903 360/2009/1904
f 359/1921/1817 360/2009/1904 338/1922/1818
f 338/1922/1818 360/2009/1904 339/2010/1905
f 338/1922/1818 339/2010/1905 317/1923/1819
f 317/1923/1819 339/2010/1905 318/2011/1906
f 317/1923/1819 318/2011/1906 296/1924/1820
f 296/1924/1820 318/2011/1906 297/2012/1907
f 296/1924/1820 297/2012/1907 275/1925/1821
f 275/1925/1821 297/2012/1907 276/2013/1908
f 275/1925/1821 276/2013/1908 254/1926/1822
f 254/1926/1822 276/2013/1908 255/2014/1909
f 254/1926/1822 255/2014/1909 233/1927/1823
f 233/1927/1823 255/2014/1909 234/2015/1910
f 233/1927/1823 234/2015/1910 212/1928/1824
f 212/1928/1824 234/2015/1910 213/2016/1911
f 212/1928/1824 213/2016/1911 191/1929/1825
f 191/1929/1825 213/2016/1911 192/2017/1912
f 191/1929/1825 192/2017/1912 170/1930/1826
f 170/1930/1826 192/2017/1912 171/2018/1913
f 170/1930/1826 171/2018/1913 149/1931/1827
f 149/1931/1827 171/2018/1913 150/2019/1914
f 149/1931/1827 150/2019/1914 128/1932/1828
f 128/1932/1828 150/2019/1914 129/2020/1915
f 128/1932/1828 129/2020/1915 107/1933/1742
f 107/1933/1742 129/2020/1915 108/2021/1829
f 108/1934/1829 109/177/175 1914/1935/1830
f 1914/1935/1830 109/177/175 1915/179/177
f 1914/1935/1830 1915/179/177 1893/1936/1831
f 1893/1936/1831 1915/179/177 1894/181/178
f 1893/1936/1831 1894/181/178 1872/1937/1832
f 1872/1937/1832 1894/181/178 1873/183/179
f 1872/1937/1832 1873/183/179 1851/1938/1833
f 1851/1938/1833 1873/183/179 1852/185/180
f 1851/1938/1833 1852/185/180 1830/1939/1834
f 1830/1939/1834 1852/185/180 1831/187/181
f 1830/1939/1834 1831/187/181 1809/1940/1835
f 1809/1940/1835 1831/187/181 1810/189/182
f 1809/1940/1835 1810/189/182 1788/1941/1836
f 1788/1941/1836 1810/189/182 1789/191/183
f 1788/1941/1836 1789/191/183 1767/1942/1837
f 1767/1942/1837 1789/191/183 1768/193/184
f 1767/1942/1837 1768/193/184 1746/1943/1838
f 1746/1943/1838 1768/193/184 1747/195/185
f 1746/1943/1838 1747/195/185 1725/1944/1839
f 1725/1944/1839 1747/195/185 1726/197/186
f 1725/1944/1839 1726/197/186 1704/1945/1840
f 1704/1945/1840 1726/197/186 1705/199/187
f 1704/1945/1840 1705/199/187 1683/1946/1841
f 1683/1946/1841 1705/199/187 1684/201/188
f 1683/1946/1841 1684/201/188 1662/1947/1842
f 1662/1947/1842 1684/201/188 1663/203/189
f 1662/1947/1842 1663/203/189 1641/1948/1843
f 1641/1948/1843 1663/203/189 1642/205/190
f 1641/1948/1843 1642/205/190 1620/1949/1844
f 1620/1949/1844 1642/205/190 1621/207/191
f 1620/1949/1844 1621/207/191 1599/1950/1845
f 1599/1950/1845 1621/207/191 1600/209/192
f 1599/1950/1845 1600/209/192 1578/1951/1846
f 1578/1951/1846 1600/209/192 1579/211/193
f 1578/1951/1846 1579/211/193 1557/1952/1847
f 1557/1952/1847 1579/211/193 1558/213/194
f 1557/1952/1847 1558/213/194 1536/1953/1848
f 1536/1953/1848 1558/213/194 1537/215/195
f 1536/1953/1848 1537/215/195 1515/1954/1849
f 1515/1954/1849 1537/215/195 1516/217/196
f 1515/1954/1849 1516/217/196 1494/1955/1850
f 1494/1955/1850 1516/217/196 1495/219/197
f 1494/1955/1850 1495/219/197 1473/1956/1851
f 1473/1956/1851 1495/219/197 1474/221/198
f 1473/1956/1851 1474/221/198 1452/1957/1852
f 1452/1957/1852 1474/221/198 1453/223/199
f 1452/1957/1852 1453/223/199 1431/1958/1853
f 1431/1958/1853 1453/223/199 1432/225/200
f 1431/1958/1853 1432/225/200 1410/1959/1854
f 1410/1959/1854 1432/225/200 1411/227/201
f 1410/1959/1854 1411/227/201 1389/1960/1855
f 1389/1960/1855 1411/227/201 1390/229/202
f 1389/1960/1855 1390/229/202 1368/1961/1856
f 1368/1961/1856 1390/229/202 1369/231/203
f 1368/1961/1856 1369/231/203 1347/1962/1857
f 1347/1962/1857 1369/231/203 1348/233/204
f 1347/1962/1857 1348/233/204 1326/1963/1858
f 1326/1963/1858 1348/233/204 1327/235/205
f 1326/1963/1858 1327/235/205 1305/1964/1859
f 1305/1964/1859 1327/235/205 1306/236/206
f 1305/1964/1859 1306/236/206 1284/1965/1860
f 1284/1965/1860 1306/236/206 1285/238/207
f 1284/1965/1860 1285/238/207 1263/1966/1861
f 1263/1966/1861 1285/238/207 1264/240/208
f 1263/1966/1861 1264/240/208 1242/1967/1862
f 1242/1967/1862 1264/240/208 1243/242/209
f 1242/1967/1862 1243/242/209 1221/1968/1863
f 1221/1968/1863 1243/242/209 1222/244/210
f 1221/1968/1863 1222/244/210 1200/1969/1864
f 1200/1969/1864 1222/244/210 1201/246/211
f 1200/1969/1864 1201/246/211 1179/1970/1865
f 1179/1970/1865 1201/246/211 1180/248/212
f 1179/1970/1865 1180/248/212 1158/1971/1866
f 1158/1971/1866 1180/248/212 1159/250/213
f 1158/1971/1866 1159/250/213 1137/1972/1867
f 1137/1972/1867 1159/250/213 1138/252/214
f 1137/1972/1867 1138/252/214 1116/1973/1868
f 1116/1973/1868 1138/252/214 1117/254/215
f 1116/1973/1868 1117/254/215 1095/1974/1869
f 1095/1974/1869 1117/254/215 1096/256/216
f 1095/1974/1869 1096/256/216 1074/1975/1870
f 1074/1975/1870 1096/256/216 1075/258/217
f 1074/1975/1870 1075/258/217 1053/1976/1871
f 1053/1976/1871 1075/258/217 1054/260/218
f 1053/1976/1871 1054/260/218 1032/1977/1872
f 1032/1977/1872 1054/260/218 1033/262/219
f 1032/1977/1872 1033/262/219 1011/1978/1873
f 1011/1978/1873 1033/262/219 1012/264/220
f 1011/1978/1873 1012/264/220 990/1979/1874
f 990/1979/1874 1012/264/220 991/266/221
f 990/1979/1874 991/266/221 969/1980/1875
f 969/1980/1875 991/266/221 970/268/222
f 969/1980/1875 970/268/222 948/1981/1876
f 948/1981/1876 970/268/222 949/270/223
f 948/1981/1876 949/270/223 927/1982/1877
f 927/1982/1877 949/270/223 928/272/224
f 927/1982/1877 928/272/224 906/1983/1878
f 906/1983/1878 928/272/224 907/274/225
f 906/1983/1878 907/274/225 885/1984/1879
f 885/1984/1879 907/274/225 886/276/226
f 885/1984/1879 886/276/226 864/1985/1880
f 864/1985/1880 886/276/226 865/278/227
f 864/1985/1880 865/278/227 843/1986/1881
f 843/1986/1881 865/278/227 844/280/228
f 843/1986/1881 844/280/228 822/1987/1882
f 822/1987/1882 844/280/228 823/282/229
f 822/1987/1882 823/282/229 801/1988/1883
f 801/1988/1883 823/282/229 802/284/230
f 801/1988/1883 802/284/230 780/1989/1884
f 780/1989/1884 802/284/230 781/286/231
f 780/1989/1884 781/286/231 759/1990/1885
f 759/1990/1885 781/286/231 760/288/232
f 759/1990/1885 760/288/232 738/1991/1886
f 738/1991/1886 760/288/232 739/290/233
f 738/1991/1886 739/290/233 717/1992/1887
f 717/1992/1887 739/290/233 718/292/234
f 717/1992/1887 718/292/234 696/1993/1888
f 696/1993/1888 718/292/234 697/293/235
f 696/1993/1888 697/293/235 675/1994/1889
f 675/1994/1889 697/293/235 676/295/236
f 675/1994/1889 676/295/236 654/1995/1890
f 654/1995/1890 676/295/236 655/297/237
f 654/1995/1890 655/297/237 633/1996/1891
f 633/1996/1891 655/297/237 634/299/238
f 633/1996/1891 634/299/238 612/1997/1892
f 612/1997/1892 634/299/238 613/301/239
f 612/1997/1892 613/301/239 591/1998/1893
f 591/1998/1893 613/301/239 592/303/240
f 591/1998/1893 592/303/240 570/1999/1894
f 570/1999/1894 592/303/240 571/305/241
f 570/1999/1894 571/305/241 549/2000/1895
f 549/2000/1895 571/305/241 550/307/242
f 549/2000/1895 550/307/242 528/2001/1896
f 528/2001/1896 550/307/242 529/309/243
f 528/2001/1896 529/309/243 507/2002/1897
f 507/2002/1897 529/309/243 508/311/244
f 507/2002/1897 508/311/244 486/2003/1898
f 486/2003/1898 508/311/244 487/313/245
f 486/2003/1898 487/313/245 465/2004/1899
f 465/2004/1899 487/313/245 466/315/246
f 465/2004/1899 466/315/246 444/2005/1900
f 444/2005/1900 466/315/246 445/317/247
f 444/2005/1900 445/317/247 423/2006/1901
f 423/2006/1901 445/317/247 424/319/248
f 423/2006/1901 424/319/248 402/2007/1902
f 402/2007/1902 424/319/248 403/321/249
f 402/2007/1902 403/321/249 381/2008/1903
f 381/2008/1903 403/321/249 382/323/250
f 381/2008/1903 382/323/250 360/2009/1904
f 360/2009/1904 382/323/250 361/325/251
f 360/2009/1904 361/325/251 339/2010/1905
f 339/2010/1905 361/325/251 340/327/252
f 339/2010/1905 340/327/252 318/2011/1906
f 318/2011/1906 340/327/252 319/329/253
f 318/2011/1906 319/329/253 297/2012/1907
f 297/2012/1907 319/329/253 298/331/254
f 297/2012/1907 298/331/254 276/2013/1908
f 276/2013/1908 298/331/254 277/333/255
f 276/2013/1908 277/333/255 255/2014/1909
f 255/2014/1909 277/333/255 256/335/256
f 255/2014/1909 256/335/256 234/2015/1910
f 234/2015/1910 256/335/256 235/337/257
f 234/2015/1910 235/337/257 213/2016/1911
f 213/2016/1911 235/337/257 214/339/258
f 213/2016/1911 214/339/258 192/2017/1912
f 192/2017/1912 214/339/258 193/341/259
f 192/2017/1912 193/341/259 171/2018/1913
f 171/2018/1913 193/341/259 172/343/260
f 171/2018/1913 172/343/260 150/2019/1914
f 150/2019/1914 172/343/260 151/345/261
f 150/2019/1914 151/345/261 129/2020/1915
f 129/2020/1915 151/345/261 130/347/262
f 129/2020/1915 130/347/262 108/2021/1829
f 108/2021/1829 130/347/262 109/349/175
f 718/292/234 88/2022/176 697/293/235
f 1327/235/205 88/2023/176 1306/236/206
f 1917/2024/1916 2004/2025/1917 1916/2026/1918
f 1916/2026/1918 2004/2025/1917 2003/2027/1919
f 1916/2028/1918 2003/2029/1919 2002/2030/1920
f 2002/2030/1920 2003/2029/1919 2089/2031/1921
f 2002/2030/1920 2089/2031/1921 2001/2032/1922
f 2001/2032/1922 2089/2031/1921 2088/2033/1923
f 2001/2032/1922 2088/2033/1923 2000/2034/1924
f 2000/2034/1924 2088/2033/1923 2087/2035/1925
f 2000/2034/1924 2087/2035/1925 1999/2036/1926
f 1999/2036/1926 2087/2035/1925 2086/2037/1927
f 1999/2036/1926 2086/2037/1927 1998/2038/1928
f 1998/2038/1928 2086/2037/1927 2085/2039/1929
f 1998/2038/1928 2085/2039/1929 1997/2040/1930
f 1997/2040/1930 2085/2039/1929 2084/2041/1931
f 1997/2040/1930 2084/2041/1931 1996/2042/1932
f 1996/2042/1932 2084/2041/1931 2083/2043/1933
f 1996/2042/1932 2083/2043/1933 1995/2044/1934
f 1995/2044/1934 2083/2043/1933 2082/2045/1935
f 1995/2044/1934 2082/2045/1935 1994/2046/1936
f 1994/2046/1936 2082/2045/1935 2081/2047/1937
f 1994/2046/1936 2081/2047/1937 1993/2048/1938
f 1993/2048/1938 2081/2047/1937 2080/2049/1939
f 1993/2048/1938 2080/2049/1939 1992/2050/1940
f 1992/2050/1940 2080/2049/1939 2079/2051/1941
f 1992/2050/1940 2079/2051/1941 1991/2052/1942
f 1991/2052/1942 2079/2051/1941 2078/2053/1943
f 1991/2052/1942 2078/2053/1943 1990/2054/1944
f 1990/2054/1944 2078/2053/1943 2077/2055/1945
f 1990/2054/1944 2077/2055/1945 1989/2056/1946
f 1989/2056/1946 2077/2055/1945 2076/2057/1947
f 1989/2056/1946 2076/2057/1947 1988/2058/1948
f 1988/2058/1948 2076/2057/1947 2075/2059/1949
f 1988/2058/1948 2075/2059/1949 1987/2060/1950
f 1987/2060/1950 2075/2059/1949 2074/2061/1951
f 1987/2060/1950 2074/2061/1951 1986/2062/1952
f 1986/2062/1952 2074/2061/1951 2073/2063/1953
f 1986/2062/1952 2073/2063/1953 1985/2064/1954
f 1985/2064/1954 2073/2063/1953 2072/2065/1955
f 1985/2064/1954 2072/2065/1955 1984/2066/1956
f 1984/2066/1956 2072/2065/1955 2071/2067/1957
f 1984/2066/1956 2071/2067/1957 1983/2068/1958
f 1983/2068/1958 2071/2067/1957 2070/2069/1959
f 1983/2068/1958 2070/2069/1959 1982/2070/1960
f 1982/2070/1960 2070/2069/1959 2069/2071/1961
f 1982/2070/1960 2069/2071/1961 1981/2072/1962
f 1981/2072/1962 2069/2071/1961 2068/2073/1963
f 1981/2072/1962 2068/2073/1963 1980/2074/1964
f 1980/2074/1964 2068/2073/1963 2067/2075/1965
f 1980/2074/1964 2067/2075/1965 1979/2076/1966
f 1979/2076/1966 2067/2075/1965 2066/2077/1967
f 1979/2076/1966 2066/2077/1967 1978/2078/1968
f 1978/2078/1968 2066/2077/1967 2065/2079/1969
f 1978/2078/1968 2065/2079/1969 1977/2080/1970
f 1977/2080/1970 2065/2079/1969 2064/2081/1971
f 1977/2080/1970 2064/2081/1971 1976/2082/1972
f 1976/2082/1972 2064/2081/1971 2063/2083/1973
f 1976/2082/1972 2063/2083/1973 1975/2084/1974
f 1975/2084/1974 2063/2083/1973 2062/2085/1975
f 1975/2084/1974 2062/2085/1975 1974/2086/1976
f 1974/2086/1976 2062/2085/1975 2061/2087/1977
f 1974/2086/1976 2061/2087/1977 1973/2088/1978
f 1973/2088/1978 2061/2087/1977 2060/2089/1979
f 1973/2088/1978 2060/2089/1979 1972/2090/1980
f 1972/2090/1980 2060/2089/1979 2059/2091/1981
f 1972/2090/1980 2059/2091/1981 1971/2092/1982
f 1971/2092/1982 2059/2091/1981 2058/2093/1983
f 1971/2092/1982 2058/2093/1983 1970/2094/1984
f 1970/2094/1984 2058/2093/1983 2057/2095/1985
f 1970/2094/1984 2057/2095/1985 1969/2096/1986
f 1969/2096/1986 2057/2095/1985 2056/2097/1987
f 1969/2096/1986 2056/2097/1987 1968/2098/1988
f 1968/2098/1988 2056/2097/1987 2055/2099/1989
f 1968/2098/1988 2055/2099/1989 1967/2100/1990
f 1967/2100/1990 2055/2099/1989 2054/2101/1991
f 1967/2100/1990 2054/2101/1991 1966/2102/1992
f 1966/2102/1992 2054/2101/1991 2053/2103/1993
f 1966/2102/1992 2053/2103/1993 1965/2104/1994
f 1965/2104/1994 2053/2103/1993 2052/2105/1995
f 1965/2104/1994 2052/2105/1995 1964/2106/1996
f 1964/2106/1996 2052/2105/1995 2051/2107/1997
f 1964/2106/1996 2051/2107/1997 1963/2108/1998
f 1963/2108/1998 2051/2107/1997 2050/2109/1999
f 1963/2108/1998 2050/2109/1999 1962/2110/2000
f 1962/2110/2000 2050/2109/1999 2049/2111/2001
f 1962/2110/2000 2049/2111/2001 1961/2112/2002
f 1961/2112/2002 2049/2111/2001 2048/2113/2003
f 1961/2112/2002 2048/2113/2003 1960/2114/2004
f 1960/2114/2004 2048/2113/2003 2047/2115/2005
f 1960/2114/2004 2047/2115/2005 1959/2116/2006
f 1959/2116/2006 2047/2115/2005 2046/2117/2007
f 1959/2116/2006 2046/2117/2007 1958/2118/2008
f 1958/2118/2008 2046/2117/2007 2045/2119/2009
f 1958/2118/2008 2045/2119/2009 1957/2120/2010
f 1957/2120/2010 2045/2119/2009 2044/2121/2011
f 1957/2120/2010 2044/2121/2011 1956/2122/2012
f 1956/2122/2012 2044/2121/2011 2043/2123/2013
f 1956/2122/2012 2043/2123/2013 1955/2124/2014
f 1955/2124/2014 2043/2123/2013 2042/2125/2015
f 1955/2124/2014 2042/2125/2015 1954/2126/2016
f 1954/2126/2016 2042/2125/2015 2041/2127/2017
f 1954/2126/2016 2041/2127/2017 1953/2128/2018
f 1953/2128/2018 2041/2127/2017 2040/2129/2019
f 1953/2128/2018 2040/2129/2019 1952/2130/2020
f 1952/2130/2020 2040/2129/2019 2039/2131/2021
f 1952/2130/2020 2039/2131/2021 1951/2132/2022
f 1951/2132/2022 2039/2131/2021 2038/2133/2023
f 1951/2132/2022 2038/2133/2023 1950/2134/2024
f 1950/2134/2024 2038/2133/2023 2037/2135/2025
f 1950/2134/2024 2037/2135/2025 1949/2136/2026
f 1949/2136/2026 2037/2135/2025 2036/2137/2027
f 1949/2136/2026 2036/2137/2027 1948/2138/2028
f 1948/2138/2028 2036/2137/2027 2035/2139/2029
f 1948/2138/2028 2035/2139/2029 1947/2140/2030
f 1947/2140/2030 2035/2139/2029 2034/2141/2031
f 1947/2140/2030 2034/2141/2031 1946/2142/2032
f 1946/2142/2032 2034/2141/2031 2033/2143/2033
f 1946/2142/2032 2033/2143/2033 1945/2144/2034
f 1945/2144/2034 2033/2143/2033 2032/2145/2035
f 1945/2144/2034 2032/2145/2035 1944/2146/2036
f 1944/2146/2036 2032/2145/2035 2031/2147/2037
f 1944/2146/2036 2031/2147/2037 1943/2148/2038
f 1943/2148/2038 2031/2147/2037 2030/2149/2039
f 1943/2148/2038 2030/2149/2039 1942/2150/2040
f 1942/2150/2040 2030/2149/2039 2029/2151/2041
f 1942/2150/2040 2029/2151/2041 1941/2152/2042
f 1941/2152/2042 2029/2151/2041 2028/2153/2043
f 1941/2152/2042 2028/2153/2043 1940/2154/2044
f 1940/2154/2044 2028/2153/2043 2027/2155/2045
f 1940/2154/2044 2027/2155/2045 1939/2156/2046
f 1939/2156/2046 2027/2155/2045 2026/2157/2047
f 1939/2156/2046 2026/2157/2047 1938/2158/2048
f 1938/2158/2048 2026/2157/2047 2025/2159/2049
f 1938/2158/2048 2025/2159/2049 1937/2160/2050
f 1937/2160/2050 2025/2159/2049 2024/2161/2051
f 1937/2160/2050 2024/2161/2051 1936/2162/2052
f 1936/2162/2052 2024/2161/2051 2023/2163/2053
f 1936/2162/2052 2023/2163/2053 1935/2164/2054
f 1935/2164/2054 2023/2163/2053 2022/2165/2055
f 1935/2164/2054 2022/2165/2055 1934/2166/2056
f 1934/2166/2056 2022/2165/2055 2021/2167/2057
f 1934/2166/2056 2021/2167/2057 1933/2168/2058
f 1933/2168/2058 2021/2167/2057 2020/2169/2059
f 1933/2168/2058 2020/2169/2059 1932/2170/2060
f 1932/2170/2060 2020/2169/2059 2019/2171/2061
f 1932/2170/2060 2019/2171/2061 1931/2172/2062
f 1931/2172/2062 2019/2171/2061 2018/2173/2063
f 1931/2172/2062 2018/2173/2063 1930/2174/2064
f 1930/2174/2064 2018/2173/2063 2017/2175/2065
f 1930/2174/2064 2017/2175/2065 1929/2176/2066
f 1929/2176/2066 2017/2175/2065 2016/2177/2067
f 1929/2176/2066 2016/2177/2067 1928/2178/2068
f 1928/2178/2068 2016/2177/2067 2015/2179/2069
f 1928/2178/2068 2015/2179/2069 1927/2180/2070
f 1927/2180/2070 2015/2179/2069 2014/2181/2071
f 1927/2180/2070 2014/2181/2071 1926/2182/2072
f 1926/2182/2072 2014/2181/2071 2013/2183/2073
f 1926/2182/2072 2013/2183/2073 1925/2184/2074
f 1925/2184/2074 2013/2183/2073 2012/2185/2075
f 1925/2184/2074 2012/2185/2075 1924/2186/2076
f 1924/2186/2076 2012/2185/2075 2011/2187/2077
f 1924/2186/2076 2011/2187/2077 1923/2188/2078
f 1923/2188/2078 2011/2187/2077 2010/2189/2079
f 1923/2188/2078 2010/2189/2079 1922/2190/2080
f 1922/2190/2080 2010/2189/2079 2009/2191/2081
f 1922/2190/2080 2009/2191/2081 1921/2192/2082
f 1921/2192/2082 2009/2191/2081 2008/2193/2083
f 1921/2192/2082 2008/2193/2083 1920/2194/2084
f 1920/2194/2084 2008/2193/2083 2007/2195/2085
f 1920/2194/2084 2007/2195/2085 1919/2196/2086
f 1919/2196/2086 2007/2195/2085 2006/2197/2087
f 1919/2196/2086 2006/2197/2087 1918/2198/2088
f 1918/2198/2088 2006/2197/2087 2005/2199/2089
f 1918/2198/2088 2005/2199/2089 1917/2024/1916
f 1917/2024/1916 2005/2199/2089 2004/2025/1917
f 87/2200/5 2089/2031/1921 1/2201/3
f 1/2201/3 2089/2031/1921 2003/2029/1919
f 1/2202/3 2003/2027/1919 2/2203/1
f 2/2203/1 2003/2027/1919 2004/2025/1917
f 2/2203/1 2004/2025/1917 3/2204/173
f 3/2204/173 2004/2025/1917 2005/2199/2089
f 3/2204/173 2005/2199/2089 4/2205/171
f 4/2205/171 2005/2199/2089 2006/2197/2087
f 4/2205/171 2006/2197/2087 5/2206/169
f 5/2206/169 2006/2197/2087 2007/2195/2085
f 5/2206/169 2007/2195/2085 6/2207/167
f 6/2207/167 2007/2195/2085 2008/2193/2083
f 6/2207/167 2008/2193/2083 7/2208/165
f 7/2208/165 2008/2193/2083 2009/2191/2081
f 7/2208/165 2009/2191/2081 8/2209/163
f 8/2209/163 2009/2191/2081 2010/2189/2079
f 8/2209/163 2010/2189/2079 9/2210/161
f 9/2210/161 2010/2189/2079 2011/2187/2077
f 9/2210/161 2011/2187/2077 10/2211/159
f 10/2211/159 2011/2187/2077 2012/2185/2075
f 10/2211/159 2012/2185/2075 11/2212/157
f 11/2212/157 2012/2185/2075 2013/2183/2073
f 11/2212/157 2013/2183/2073 12/2213/155
f 12/2213/155 2013/2183/2073 2014/2181/2071
f 12/2213/155 2014/2181/2071 13/2214/153
f 13/2214/153 2014/2181/2071 2015/2179/2069
f 13/2214/153 2015/2179/2069 14/2215/151
f 14/2215/151 2015/2179/2069 2016/2177/2067
f 14/2215/151 2016/2177/2067 15/2216/149
f 15/2216/149 2016/2177/2067 2017/2175/2065
f 15/2216/149 2017/2175/2065 16/2217/147
f 16/2217/147 2017/2175/2065 2018/2173/2063
f 16/2217/147 2018/2173/2063 17/2218/145
f 17/2218/145 2018/2173/2063 2019/2171/2061
f 17/2218/145 2019/2171/2061 18/2219/143
f 18/2219/143 2019/2171/2061 2020/2169/2059
f 18/2219/143 2020/2169/2059 19/2220/141
f 19/2220/141 2020/2169/2059 2021/2167/2057
f 19/2220/141 2021/2167/2057 20/2221/139
f 20/2221/139 2021/2167/2057 2022/2165/2055
f 20/2221/139 2022/2165/2055 21/2222/137
f 21/2222/137 2022/2165/2055 2023/2163/2053
f 21/2222/137 2023/2163/2053 22/2223/135
f 22/2223/135 2023/2163/2053 2024/2161/2051
f 22/2223/135 2024/2161/2051 23/2224/133
f 23/2224/133 2024/2161/2051 2025/2159/2049
f 23/2224/133 2025/2159/2049 24/2225/131
f 24/2225/131 2025/2159/2049 2026/2157/2047
f 24/2225/131 2026/2157/2047 25/2226/129
f 25/2226/129 2026/2157/2047 2027/2155/2045
f 25/2226/129 2027/2155/2045 26/2227/127
f 26/2227/127 2027/2155/2045 2028/2153/2043
f 26/2227/127 2028/2153/2043 27/2228/125
f 27/2228/125 2028/2153/2043 2029/2151/2041
f 27/2228/125 2029/2151/2041 28/2229/123
f 28/2229/123 2029/2151/2041 2030/2149/2039
f 28/2229/123 2030/2149/2039 29/2230/121
f 29/2230/121 2030/2149/2039 2031/2147/2037
f 29/2230/121 2031/2147/2037 30/2231/119
f 30/2231/119 2031/2147/2037 2032/2145/2035
f 30/2231/119 2032/2145/2035 31/2232/117
f 31/2232/117 2032/2145/2035 2033/2143/2033
f 31/2232/117 2033/2143/2033 32/2233/115
f 32/2233/115 2033/2143/2033 2034/2141/2031
f 32/2233/115 2034/2141/2031 33/2234/113
f 33/2234/113 2034/2141/2031 2035/2139/2029
f 33/2234/113 2035/2139/2029 34/2235/111
f 34/2235/111 2035/2139/2029 2036/2137/2027
f 34/2235/111 2036/2137/2027 35/2236/109
f 35/2236/109 2036/2137/2027 2037/2135/2025
f 35/2236/109 2037/2135/2025 36/2237/107
f 36/2237/107 2037/2135/2025 2038/2133/2023
f 36/2237/107 2038/2133/2023 37/2238/105
f 37/2238/105 2038/2133/2023 2039/2131/2021
f 37/2238/105 2039/2131/2021 38/2239/103
f 38/2239/103 2039/2131/2021 2040/2129/2019
f 38/2239/103 2040/2129/2019 39/2240/101
f 39/2240/101 2040/2129/2019 2041/2127/2017
f 39/2240/101 2041/2127/2017 40/2241/99
f 40/2241/99 2041/2127/2017 2042/2125/2015
f 40/2241/99 2042/2125/2015 41/2242/97
f 41/2242/97 2042/2125/2015 2043/2123/2013
f 41/2242/97 2043/2123/2013 42/2243/95
f 42/2243/95 2043/2123/2013 2044/2121/2011
f 42/2243/95 2044/2121/2011 43/2244/93
f 43/2244/93 2044/2121/2011 2045/2119/2009
f 43/2244/93 2045/2119/2009 44/2245/91
f 44/2245/91 2045/2119/2009 2046/2117/2007
f 44/2245/91 2046/2117/2007 45/2246/89
f 45/2246/89 2046/2117/2007 2047/2115/2005
f 45/2246/89 2047/2115/2005 46/2247/87
f 46/2247/87 2047/2115/2005 2048/2113/2003
f 46/2247/87 2048/2113/2003 47/2248/85
f 47/2248/85 2048/2113/2003 2049/2111/2001
f 47/2248/85 2049/2111/2001 48/2249/83
f 48/2249/83 2049/2111/2001 2050/2109/1999
f 48/2249/83 2050/2109/1999 49/2250/81
f 49/2250/81 2050/2109/1999 2051/2107/1997
f 49/2250/81 2051/2107/1997 50/2251/79
f 50/2251/79 2051/2107/1997 2052/2105/1995
f 50/2251/79 2052/2105/1995 51/2252/77
f 51/2252/77 2052/2105/1995 2053/2103/1993
f 51/2252/77 2053/2103/1993 52/2253/75
f 52/2253/75 2053/2103/1993 2054/2101/1991
f 52/2253/75 2054/2101/1991 53/2254/73
f 53/2254/73 2054/2101/1991 2055/2099/1989
f 53/2254/73 2055/2099/1989 54/2255/71
f 54/2255/71 2055/2099/1989 2056/2097/1987
f 54/2255/71 2056/2097/1987 55/2256/69
f 55/2256/69 2056/2097/1987 2057/2095/1985
f 55/2256/69 2057/2095/1985 56/2257/67
f 56/2257/67 2057/2095/1985 2058/2093/1983
f 56/2257/67 2058/2093/1983 57/2258/65
f 57/2258/65 2058/2093/1983 2059/2091/1981
f 57/2258/65 2059/2091/1981 58/2259/63
f 58/2259/63 2059/2091/1981 2060/2089/1979
f 58/2259/63 2060/2089/1979 59/2260/61
f 59/2260/61 2060/2089/1979 2061/2087/1977
f 59/2260/61 2061/2087/1977 60/2261/59
f 60/2261/59 2061/2087/1977 2062/2085/1975
f 60/2261/59 2062/2085/1975 61/2262/57
f 61/2262/57 2062/2085/1975 2063/2083/1973
f 61/2262/57 2063/2083/1973 62/2263/55
f 62/2263/55 2063/2083/1973 2064/2081/1971
f 62/2263/55 2064/2081/1971 63/2264/53
f 63/2264/53 2064/2081/1971 2065/2079/1969
f 63/2264/53 2065/2079/1969 64/2265/51
f 64/2265/51 2065/2079/1969 2066/2077/1967
f 64/2265/51 2066/2077/1967 65/2266/49
f 65/2266/49 2066/2077/1967 2067/2075/1965
f 65/2266/49 2067/2075/1965 66/2267/47
f 66/2267/47 2067/2075/1965 2068/2073/1963
f 66/2267/47 2068/2073/1963 67/2268/45
f 67/2268/45 2068/2073/1963 2069/2071/1961
f 67/2268/45 2069/2071/1961 68/2269/43
f 68/2269/43 2069/2071/1961 2070/2069/1959
f 68/2269/43 2070/2069/1959 69/2270/41
f 69/2270/41 2070/2069/1959 2071/2067/1957
f 69/2270/41 2071/2067/1957 70/2271/39
f 70/2271/39 2071/2067/1957 2072/2065/1955
f 70/2271/39 2072/2065/1955 71/2272/37
f 71/2272/37 2072/2065/1955 2073/2063/1953
f 71/2272/37 2073/2063/1953 72/2273/35
f 72/2273/35 2073/2063/1953 2074/2061/1951
f 72/2273/35 2074/2061/1951 73/2274/33
f 73/2274/33 2074/2061/1951 2075/2059/1949
f 73/2274/33 2075/2059/1949 74/2275/31
f 74/2275/31 2075/2059/1949 2076/2057/1947
f 74/2275/31 2076/2057/1947 75/2276/29
f 75/2276/29 2076/2057/1947 2077/2055/1945
f 75/2276/29 2077/2055/1945 76/2277/27
f 76/2277/27 2077/2055/1945 2078/2053/1943
f 76/2277/27 2078/2053/1943 77/2278/25
f 77/2278/25 2078/2053/1943 2079/2051/1941
f 77/2278/25 2079/2051/1941 78/2279/23
f 78/2279/23 2079/2051/1941 2080/2049/1939
f 78/2279/23 2080/2049/1939 79/2280/21
f 79/2280/21 2080/2049/1939 2081/2047/1937
f 79/2280/21 2081/2047/1937 80/2281/19
f 80/2281/19 2081/2047/1937 2082/2045/1935
f 80/2281/19 2082/2045/1935 81/2282/17
f 81/2282/17 2082/2045/1935 2083/2043/1933
f 81/2282/17 2083/2043/1933 82/2283/15
f 82/2283/15 2083/2043/1933 2084/2041/1931
f 82/2283/15 2084/2041/1931 83/2284/13
f 83/2284/13 2084/2041/1931 2085/2039/1929
f 83/2284/13 2085/2039/1929 84/2285/11
f 84/2285/11 2085/2039/1929 2086/2037/1927
f 84/2285/11 2086/2037/1927 85/2286/9
f 85/2286/9 2086/2037/1927 2087/2035/1925
f 85/2286/9 2087/2035/1925 86/2287/7
f 86/2287/7 2087/2035/1925 2088/2033/1923
f 86/2287/7 2088/2033/1923 87/2200/5
f 87/2200/5 2088/2033/1923 2089/2031/1921
f 2002/2288/2090 1960/2289/2091 1916/2290/2092
f 1916/2290/2092 1960/2289/2091 1959/2291/2093
f 1916/2290/2092 1959/2291/2093 1917/2292/2094
f 1917/2292/2094 1959/2291/2093 1958/2293/2095
f 1917/2292/2094 1958/2293/2095 1918/2294/2096
f 1918/2294/2096 1958/2293/2095 1957/2295/2097
f 1918/2294/2096 1957/2295/2097 1919/2296/2098
f 1919/2296/2098 1957/2295/2097 1956/2297/2099
f 1919/2296/2098 1956/2297/2099 1920/2298/2100
f 1920/2298/2100 1956/2297/2099 1955/2299/2101
f 1920/2298/2100 1955/2299/2101 1921/2300/2102
f 1921/2300/2102 1955/2299/2101 1954/2301/2103
f 1921/2300/2102 1954/2301/2103 1922/2302/2104
f 1922/2302/2104 1954/2301/2103 1953/2303/2105
f 1922/2302/2104 1953/2303/2105 1923/2304/2106
f 1923/2304/2106 1953/2303/2105 1952/2305/2107
f 1923/2304/2106 1952/2305/2107 1924/2306/2108
f 1924/2306/2108 1952/2305/2107 1951/2307/2109
f 1924/2306/2108 1951/2307/2109 1925/2308/2110
f 1925/2308/2110 1951/2307/2109 1950/2309/2111
f 1925/2308/2110 1950/2309/2111 1926/2310/2112
f 1926/2310/2112 1950/2309/2111 1949/2311/2113
f 1926/2310/2112 1949/2311/2113 1927/2312/2114
f 1927/2312/2114 1949/2311/2113 1948/2313/2115
f 1927/2312/2114 1948/2313/2115 1928/2314/2116
f 1928/2314/2116 1948/2313/2115 1947/2315/2117
f 1928/2314/2116 1947/2315/2117 1929/2316/2118
f 1929/2316/2118 1947/2315/2117 1946/2317/2119
f 1929/2316/2118 1946/2317/2119 1930/2318/2120
f 1930/2318/2120 1946/2317/2119 1945/2319/2121
f 1930/2318/2120 1945/2319/2121 1931/2320/2122
f 1931/2320/2122 1945/2319/2121 1944/2321/2123
f 1931/2320/2122 1944/2321/2123 1932/2322/2124
f 1932/2322/2124 1944/2321/2123 1943/2323/2125
f 1932/2322/2124 1943/2323/2125 1933/2324/2126
f 1933/2324/2126 1943/2323/2125 1942/2325/2127
f 1933/2324/2126 1942/2325/2127 1934/2326/2128
f 1934/2326/2128 1942/2325/2127 1941/2327/2129
f 1934/2326/2128 1941/2327/2129 1935/2328/2130
f 1935/2328/2130 1941/2327/2129 1940/2329/2131
f 1935/2328/2130 1940/2329/2131 1936/2330/2132
f 1936/2330/2132 1940/2329/2131 1939/2331/2133
f 1936/2330/2132 1939/2331/2133 1937/2332/2134
f 1937/2332/2134 1939/2331/2133 1938/2333/2135
f 1960/2289/2091 2002/2288/2090 1961/2334/2136
f 1961/2334/2136 2002/2288/2090 2001/2335/2137
f 1961/2334/2136 2001/2335/2137 1962/2336/2138
f 1962/2336/2138 2001/2335/2137 2000/2337/2139
f 1962/2336/2138 2000/2337/2139 1963/2338/2140
f 1963/2338/2140 2000/2337/2139 1964/2339/2141
f 1964/2339/2141 2000/2337/2139 1965/2340/2142
f 1965/2340/2142 2000/2337/2139 1966/2341/2143
f 1966/2341/2143 2000/2337/2139 1967/2342/2144
f 1967/2342/2144 2000/2337/2139 1968/2343/2145
f 1968/2343/2145 2000/2337/2139 1969/2344/2146
f 1969/2344/2146 2000/2337/2139 1970/2345/2147
f 1970/2345/2147 2000/2337/2139 1971/2346/2148
f 1971/2346/2148 2000/2337/2139 1972/2347/2149
f 1972/2347/2149 2000/2337/2139 1973/2348/2150
f 1973/2348/2150 2000/2337/2139 1974/2349/2151
f 1974/2349/2151 2000/2337/2139 1975/2350/2152
f 1975/2350/2152 2000/2337/2139 1976/2351/2153
f 1976/2351/2153 2000/2337/2139 1977/2352/2154
f 1977/2352/2154 2000/2337/2139 1978/2353/2155
f 1978/2353/2155 2000/2337/2139 1979/2354/2156
f 1979/2354/2156 2000/2337/2139 1980/2355/2157
f 1980/2355/2157 2000/2337/2139 1981/2356/2158
f 1981/2356/2158 2000/2337/2139 1982/2357/2159
f 1982/2357/2159 2000/2337/2139 1983/2358/2160
f 1983/2358/2160 2000/2337/2139 1984/2359/2161
f 1984/2359/2161 2000/2337/2139 1985/2360/2162
f 1985/2360/2162 2000/2337/2139 1986/2361/2163
f 1986/2361/2163 2000/2337/2139 1987/2362/2164
f 1987/2362/2164 2000/2337/2139 1988/2363/2165
f 1988/2363/2165 2000/2337/2139 1989/2364/2166
f 1989/2364/2166 2000/2337/2139 1990/2365/2167
f 1990/2365/2167 2000/2337/2139 1991/2366/2168
f 1991/2366/2168 2000/2337/2139 1992/2367/2169
f 1992/2367/2169 2000/2337/2139 1993/2368/2170
f 1993/2368/2170 2000/2337/2139 1994/2369/2171
f 1994/2369/2171 2000/2337/2139 1995/2370/2172
f 1995/2370/2172 2000/2337/2139 1996/2371/2173
f 1996/2371/2173 2000/2337/2139 1997/2372/2174
f 1997/2372/2174 2000/2337/2139 1998/2373/2175
f 1998/2373/2175 2000/2337/2139 1999/2374/2176
# 2089 vertices
# 2374 texture params
# 2176 normals
# 4174 facets

# 1 groups
